date,ticker,open,high,low,close,volume
2022-01-03,SPY,479.08,480.9,478.16,479.31,3421308
2022-01-04,SPY,479.29,479.29,473.98,474.46,1865571
2022-01-05,SPY,474.53,474.53,470.19,471.36,6335008
2022-01-06,SPY,470.28,474.57,470.28,473.27,12430043
2022-01-07,SPY,472.49,476.81,472.49,476.74,1484840
2022-01-10,SPY,477.35,477.35,475.75,476.29,14575121
2022-01-11,SPY,478.74,478.74,477.17,477.82,5816318
2022-01-12,SPY,479.12,479.12,475.07,476.01,14528891
2022-01-13,SPY,476.75,477.0,474.46,475.72,14134438
2022-01-14,SPY,475.85,478.95,475.85,477.93,6838702
2022-01-17,SPY,478.71,480.24,478.57,478.91,12171037
2022-01-18,SPY,478.54,481.13,477.92,480.16,606752
2022-01-19,SPY,481.88,481.88,478.08,478.5,6874396
2022-01-20,SPY,478.68,484.94,478.68,482.35,10191842
2022-01-21,SPY,481.94,485.86,481.94,484.75,5538738
2022-01-24,SPY,483.44,488.53,483.44,488.23,6832402
2022-01-25,SPY,489.04,489.04,484.56,484.78,2331070
2022-01-26,SPY,485.31,486.51,485.06,485.54,8576966
2022-01-27,SPY,484.15,484.15,482.53,483.12,10603176
2022-01-28,SPY,483.63,483.63,480.71,481.45,7197219
2022-01-31,SPY,481.36,484.31,481.36,484.15,9304348
2022-02-01,SPY,484.62,484.62,477.17,478.69,5746282
2022-02-02,SPY,478.29,478.29,473.39,475.37,4286530
2022-02-03,SPY,474.98,474.98,470.53,471.96,10894907
2022-02-04,SPY,472.23,477.9,472.23,475.28,8430155
2022-02-07,SPY,475.54,475.54,469.13,469.92,3063205
2022-02-08,SPY,468.77,472.55,468.77,470.14,11483574
2022-02-09,SPY,470.55,473.16,469.85,471.11,6529207
2022-02-10,SPY,470.07,478.58,470.07,476.77,14850413
2022-02-11,SPY,475.09,475.09,471.33,471.66,8925386
2022-02-14,SPY,473.92,473.92,466.72,467.97,10231298
2022-02-15,SPY,468.27,471.15,466.46,469.66,7615251
2022-02-16,SPY,469.5,469.5,465.84,466.75,5773334
2022-02-17,SPY,464.87,467.71,464.87,467.48,12481232
2022-02-18,SPY,467.62,467.62,463.16,465.8,5149851
2022-02-21,SPY,464.99,465.84,462.64,464.08,2062243
2022-02-22,SPY,463.07,473.36,463.07,472.12,3439705
2022-02-23,SPY,471.38,473.95,471.38,473.71,14317041
2022-02-24,SPY,472.26,476.24,472.26,475.55,2697329
2022-02-25,SPY,475.87,481.94,475.87,481.7,13429320
2022-02-28,SPY,482.98,487.22,482.98,486.87,13351290
2022-03-01,SPY,485.27,493.29,485.27,493.0,1869766
2022-03-02,SPY,492.55,502.42,492.55,499.66,5824530
2022-03-03,SPY,499.19,499.19,494.37,495.39,9191050
2022-03-04,SPY,497.06,497.06,494.98,495.51,4549813
2022-03-07,SPY,494.51,501.48,494.51,498.21,2411422
2022-03-08,SPY,499.31,499.31,492.98,493.51,1723627
2022-03-09,SPY,494.69,494.69,493.26,493.78,11215268
2022-03-10,SPY,492.95,498.17,492.95,496.05,7737889
2022-03-11,SPY,496.16,497.44,495.44,497.16,860462
2022-03-14,SPY,496.14,502.23,495.23,498.22,11205720
2022-03-15,SPY,499.66,499.66,492.04,492.53,12163233
2022-03-16,SPY,492.34,492.34,486.44,489.81,11594633
2022-03-17,SPY,487.74,489.25,487.73,487.88,9287229
2022-03-18,SPY,486.6,486.6,480.31,482.3,12692417
2022-03-21,SPY,482.7,495.51,482.7,493.66,12340247
2022-03-22,SPY,494.58,502.21,494.58,500.63,9179114
2022-03-23,SPY,500.34,500.34,497.08,499.27,2900209
2022-03-24,SPY,499.84,499.84,497.47,498.36,7981935
2022-03-25,SPY,498.36,499.69,498.36,499.13,10370360
2022-03-28,SPY,501.64,501.64,496.24,496.4,9817210
2022-03-29,SPY,497.82,499.3,496.31,498.08,8782873
2022-03-30,SPY,499.19,500.04,496.49,499.28,12110099
2022-03-31,SPY,499.34,499.34,494.57,494.99,13588470
2022-04-01,SPY,495.17,495.17,493.58,493.98,14521260
2022-04-04,SPY,494.33,494.33,483.71,483.99,12934796
2022-04-05,SPY,485.99,485.99,482.18,482.69,5404435
2022-04-06,SPY,481.47,486.68,481.47,486.17,5828921
2022-04-07,SPY,488.19,488.19,484.11,485.02,11669207
2022-04-08,SPY,485.98,489.58,485.98,486.87,5261237
2022-04-11,SPY,488.02,488.02,484.77,485.86,1009633
2022-04-12,SPY,486.73,489.34,486.73,489.04,3434866
2022-04-13,SPY,488.97,497.47,488.97,496.31,14419108
2022-04-14,SPY,495.48,496.8,493.4,494.4,14403763
2022-04-15,SPY,493.61,493.61,488.63,490.54,8047937
2022-04-18,SPY,487.85,489.94,487.18,488.13,9434402
2022-04-19,SPY,490.02,490.02,488.82,489.47,3917774
2022-04-20,SPY,491.2,491.2,484.83,487.3,9194104
2022-04-21,SPY,488.25,490.2,487.99,488.88,11092751
2022-04-22,SPY,487.87,490.31,487.87,489.94,5337747
2022-04-25,SPY,491.11,491.11,488.91,489.51,8547690
2022-04-26,SPY,488.54,491.48,488.0,489.16,6849608
2022-04-27,SPY,490.72,491.43,490.08,490.1,570913
2022-04-28,SPY,489.86,494.42,489.86,493.55,10907523
2022-04-29,SPY,493.68,493.68,485.08,485.79,1887324
2022-05-02,SPY,484.86,484.86,477.25,479.71,7087610
2022-05-03,SPY,478.08,482.34,478.08,481.54,6168433
2022-05-04,SPY,482.35,482.62,481.18,481.89,14957002
2022-05-05,SPY,482.5,483.74,482.21,482.57,4065789
2022-05-06,SPY,482.11,482.32,480.75,482.02,3992006
2022-05-09,SPY,482.98,484.59,482.98,484.17,12389722
2022-05-10,SPY,483.39,483.39,475.72,479.3,9285915
2022-05-11,SPY,480.55,482.75,480.55,482.32,12387095
2022-05-12,SPY,481.35,484.28,481.35,482.19,12650713
2022-05-13,SPY,481.78,482.32,478.68,480.04,1949715
2022-05-16,SPY,478.85,488.95,478.85,486.8,10793618
2022-05-17,SPY,487.88,489.0,485.93,488.79,5881769
2022-05-18,SPY,489.29,489.29,485.83,486.85,1829954
2022-05-19,SPY,488.39,488.39,485.7,486.26,8348269
2022-05-20,SPY,487.56,487.56,480.15,480.66,4869468
2022-05-23,SPY,482.91,482.91,481.74,482.28,2375377
2022-05-24,SPY,481.3,482.94,481.03,482.69,2228654
2022-05-25,SPY,481.73,484.16,481.73,484.12,12681666
2022-05-26,SPY,483.78,483.78,475.54,476.24,3655613
2022-05-27,SPY,476.64,485.47,476.64,483.76,9050858
2022-05-30,SPY,483.37,483.37,481.85,482.81,10679031
2022-05-31,SPY,485.82,488.84,485.82,487.06,14445683
2022-06-01,SPY,486.99,492.94,486.99,492.79,7934719
2022-06-02,SPY,491.78,493.5,491.59,492.27,6066928
2022-06-03,SPY,492.7,495.88,492.7,494.83,7665053
2022-06-06,SPY,495.94,495.94,493.35,493.84,1464841
2022-06-07,SPY,495.46,495.8,490.31,492.66,11269042
2022-06-08,SPY,489.16,497.48,489.16,496.34,7775296
2022-06-09,SPY,496.89,506.8,496.89,506.1,14397223
2022-06-10,SPY,506.0,506.0,499.77,499.93,10286925
2022-06-13,SPY,501.01,502.53,500.36,501.46,3531336
2022-06-14,SPY,503.07,509.72,503.07,508.15,9938744
2022-06-15,SPY,508.31,514.73,508.31,514.01,2553140
2022-06-16,SPY,512.84,517.8,512.84,515.22,4039226
2022-06-17,SPY,514.56,519.83,514.56,517.24,13653002
2022-06-20,SPY,515.15,526.15,515.15,522.14,12688402
2022-06-21,SPY,521.95,523.64,521.95,523.34,12732031
2022-06-22,SPY,524.17,526.04,523.16,524.34,14005216
2022-06-23,SPY,524.24,527.34,523.41,526.84,12744943
2022-06-24,SPY,525.26,526.97,523.96,525.7,8952299
2022-06-27,SPY,526.12,526.12,523.58,523.7,7732845
2022-06-28,SPY,524.63,525.35,522.56,524.07,4257921
2022-06-29,SPY,522.25,522.4,521.17,521.49,859935
2022-06-30,SPY,521.73,521.8,519.86,521.36,10845483
2022-07-01,SPY,521.82,529.2,521.82,527.09,14736186
2022-07-04,SPY,525.73,525.73,516.6,517.09,1575579
2022-07-05,SPY,517.38,527.48,517.38,525.5,2154509
2022-07-06,SPY,527.8,534.52,527.8,532.44,14570136
2022-07-07,SPY,531.89,533.59,528.61,530.79,11374761
2022-07-08,SPY,528.53,530.11,528.33,528.74,4007717
2022-07-11,SPY,527.93,528.6,525.4,526.45,6467852
2022-07-12,SPY,524.32,530.18,524.32,528.89,14320719
2022-07-13,SPY,529.46,529.46,522.28,524.67,1206127
2022-07-14,SPY,524.98,524.98,520.25,521.44,13663352
2022-07-15,SPY,521.78,528.4,521.78,527.65,3900759
2022-07-18,SPY,527.13,527.13,524.3,525.2,9353885
2022-07-19,SPY,528.41,528.41,518.3,520.98,10238385
2022-07-20,SPY,520.62,522.67,518.93,519.45,8470145
2022-07-21,SPY,517.59,517.59,514.11,514.98,13355084
2022-07-22,SPY,514.56,521.42,514.56,518.01,8245442
2022-07-25,SPY,517.53,523.6,517.53,520.72,2483908
2022-07-26,SPY,519.34,528.87,519.34,528.57,5587591
2022-07-27,SPY,530.11,531.56,529.78,530.08,3428696
2022-07-28,SPY,528.93,531.73,528.84,528.87,14717397
2022-07-29,SPY,529.48,531.57,525.95,528.68,4625842
2022-08-01,SPY,529.03,530.95,525.31,526.63,862651
2022-08-02,SPY,529.64,529.64,520.66,521.24,4841057
2022-08-03,SPY,522.26,523.8,522.26,523.15,12984022
2022-08-04,SPY,522.55,529.43,522.55,528.54,7405730
2022-08-05,SPY,528.0,534.6,528.0,532.05,11803437
2022-08-08,SPY,530.99,532.78,527.33,531.16,7934614
2022-08-09,SPY,529.99,531.91,526.37,527.99,4325760
2022-08-10,SPY,527.92,533.27,527.92,532.85,7983273
2022-08-11,SPY,533.57,539.16,533.57,537.49,7612425
2022-08-12,SPY,536.15,540.46,536.15,540.43,6214823
2022-08-15,SPY,538.4,540.91,538.4,540.54,6446951
2022-08-16,SPY,542.0,542.0,539.02,539.19,6754241
2022-08-17,SPY,541.08,541.08,527.95,529.51,11287190
2022-08-18,SPY,530.08,534.86,530.08,532.92,5295668
2022-08-19,SPY,533.27,534.26,533.01,533.33,1802401
2022-08-22,SPY,530.45,538.19,530.45,536.81,634266
2022-08-23,SPY,534.41,543.33,534.41,541.27,7662782
2022-08-24,SPY,540.79,548.6,540.79,545.46,568750
2022-08-25,SPY,544.13,544.13,541.21,541.73,14539790
2022-08-26,SPY,542.84,551.63,542.84,549.63,9249654
2022-08-29,SPY,550.47,553.39,550.39,552.6,9717814
2022-08-30,SPY,552.72,556.19,552.41,555.59,5105716
2022-08-31,SPY,557.89,557.89,550.3,553.28,12476279
2022-09-01,SPY,553.55,556.97,553.55,554.58,5098720
2022-09-02,SPY,552.84,552.84,549.78,549.89,4342328
2022-09-05,SPY,549.91,552.87,548.13,549.71,558110
2022-09-06,SPY,548.28,551.04,548.28,550.96,3144119
2022-09-07,SPY,551.48,551.48,546.94,547.84,4461214
2022-09-08,SPY,549.23,549.23,538.45,540.17,12787178
2022-09-09,SPY,540.62,541.97,538.63,540.51,13171383
2022-09-12,SPY,540.33,544.54,540.33,542.31,10905401
2022-09-13,SPY,541.56,541.56,540.74,541.09,14759547
2022-09-14,SPY,541.49,543.22,541.25,542.34,10032471
2022-09-15,SPY,541.72,544.04,541.58,543.56,6227604
2022-09-16,SPY,541.14,552.02,541.14,549.98,9844303
2022-09-19,SPY,546.45,550.49,546.45,550.28,13236303
2022-09-20,SPY,549.78,554.95,549.78,552.19,10642606
2022-09-21,SPY,554.62,554.62,545.9,548.4,13050801
2022-09-22,SPY,550.71,550.71,547.03,547.09,14003393
2022-09-23,SPY,548.21,548.47,542.26,547.83,13369780
2022-09-26,SPY,547.19,547.19,544.27,544.9,1481395
2022-09-27,SPY,545.34,545.68,545.17,545.2,3352761
2022-09-28,SPY,543.91,550.6,543.91,547.21,3373859
2022-09-29,SPY,548.3,548.3,545.91,547.12,1934405
2022-09-30,SPY,547.06,547.06,540.4,541.41,2355540
2022-10-03,SPY,538.95,538.95,537.1,537.21,1155010
2022-10-04,SPY,537.07,537.07,528.58,528.95,4873584
2022-10-05,SPY,527.46,531.67,527.46,530.06,13212306
2022-10-06,SPY,529.52,529.52,523.49,525.59,6664841
2022-10-07,SPY,525.07,525.07,517.65,518.58,1906179
2022-10-10,SPY,517.74,519.41,517.15,518.9,8098409
2022-10-11,SPY,519.02,523.6,519.02,521.04,11159376
2022-10-12,SPY,523.62,523.62,519.54,520.58,3877181
2022-10-13,SPY,519.64,519.64,513.64,515.42,13493770
2022-10-14,SPY,516.64,518.13,516.18,517.21,2444325
2022-10-17,SPY,514.88,524.2,514.88,523.31,12844352
2022-10-18,SPY,522.59,523.58,521.94,522.13,5261860
2022-10-19,SPY,521.84,530.44,521.84,530.15,8006092
2022-10-20,SPY,531.64,531.64,529.87,530.63,12597354
2022-10-21,SPY,530.52,533.11,530.15,532.11,14321480
2022-10-24,SPY,533.24,537.76,533.24,536.27,13773654
2022-10-25,SPY,536.7,542.08,536.7,541.58,9317873
2022-10-26,SPY,539.34,539.34,522.87,529.05,12668565
2022-10-27,SPY,530.79,533.2,530.01,531.22,2716718
2022-10-28,SPY,531.75,533.13,529.32,529.33,12496285
2022-10-31,SPY,529.28,531.74,529.28,530.04,3573341
2022-11-01,SPY,531.22,531.22,523.17,524.41,12069250
2022-11-02,SPY,525.19,525.19,523.01,523.38,2370935
2022-11-03,SPY,522.87,522.87,517.52,519.36,10044377
2022-11-04,SPY,519.64,522.13,518.8,521.35,9195582
2022-11-07,SPY,519.6,525.21,519.6,524.58,4700117
2022-11-08,SPY,526.44,526.44,522.01,523.47,13441071
2022-11-09,SPY,523.91,533.37,523.91,531.14,2667976
2022-11-10,SPY,531.06,532.03,530.41,531.81,10936846
2022-11-11,SPY,531.82,531.82,527.8,528.87,12494889
2022-11-14,SPY,529.35,532.5,529.35,531.86,1829993
2022-11-15,SPY,529.75,529.75,525.92,526.77,11393069
2022-11-16,SPY,526.34,526.34,522.17,522.62,4076865
2022-11-17,SPY,523.14,525.94,523.14,525.37,14428410
2022-11-18,SPY,525.42,525.42,513.06,516.67,8360146
2022-11-21,SPY,516.92,518.53,514.84,516.81,6885458
2022-11-22,SPY,518.03,519.84,518.03,518.97,10438701
2022-11-23,SPY,517.78,518.14,515.69,516.81,12920893
2022-11-24,SPY,515.74,520.02,515.74,519.85,8395951
2022-11-25,SPY,520.4,520.4,516.19,517.77,803099
2022-11-28,SPY,516.06,517.26,513.03,517.08,11302377
2022-11-29,SPY,517.23,523.57,517.23,523.32,7195767
2022-11-30,SPY,524.75,525.27,522.07,522.84,8996439
2022-12-01,SPY,523.41,523.41,518.51,520.3,2447385
2022-12-02,SPY,520.01,520.46,518.28,520.13,12668021
2022-12-05,SPY,521.78,521.78,513.29,513.66,6315685
2022-12-06,SPY,513.47,513.75,511.01,511.4,9485193
2022-12-07,SPY,510.9,513.43,510.9,513.33,7062578
2022-12-08,SPY,512.59,512.59,506.69,507.14,2121749
2022-12-09,SPY,506.34,508.62,506.34,507.33,844630
2022-12-12,SPY,508.52,509.77,506.41,507.21,14991617
2022-12-13,SPY,507.94,514.25,507.94,512.4,5846683
2022-12-14,SPY,511.42,511.42,505.85,508.06,10247834
2022-12-15,SPY,507.73,514.89,507.73,513.51,2927168
2022-12-16,SPY,514.9,514.9,512.54,512.67,7623232
2022-12-19,SPY,513.23,513.23,509.73,511.35,3787092
2022-12-20,SPY,511.01,511.01,508.13,508.43,507521
2022-12-21,SPY,505.87,515.95,505.87,515.79,4391992
2022-12-22,SPY,515.59,515.99,512.58,514.86,12435306
2022-12-23,SPY,514.75,520.42,514.75,520.32,8312476
2022-12-26,SPY,519.64,531.55,519.64,527.63,11378856
2022-12-27,SPY,527.14,529.02,527.05,527.85,2853120
2022-12-28,SPY,528.2,532.67,528.2,532.36,3042524
2022-12-29,SPY,532.36,532.36,529.94,530.13,14318147
2022-12-30,SPY,529.67,529.67,517.92,519.89,14646136
2023-01-02,SPY,518.82,521.49,517.35,518.99,6067347
2023-01-03,SPY,517.56,527.32,517.56,526.63,12513930
2023-01-04,SPY,526.52,526.52,517.09,518.74,2005323
2023-01-05,SPY,519.26,519.26,515.13,515.74,12485866
2023-01-06,SPY,516.52,516.52,509.14,510.44,5753693
2023-01-09,SPY,511.2,511.2,504.39,504.98,515478
2023-01-10,SPY,504.67,507.03,502.93,504.56,7382633
2023-01-11,SPY,503.44,515.73,503.44,512.52,1362557
2023-01-12,SPY,511.92,520.51,511.92,518.76,8060909
2023-01-13,SPY,517.87,519.57,517.37,518.49,3054005
2023-01-16,SPY,519.59,519.59,514.51,515.0,6571031
2023-01-17,SPY,513.29,515.56,510.02,514.38,3478159
2023-01-18,SPY,516.02,516.02,505.15,507.09,14458045
2023-01-19,SPY,505.99,513.15,505.99,512.48,11436936
2023-01-20,SPY,513.16,515.98,513.16,514.78,13778536
2023-01-23,SPY,514.88,514.88,510.73,512.67,12189768
2023-01-24,SPY,513.37,515.47,513.37,514.16,3644450
2023-01-25,SPY,516.24,522.83,516.24,520.7,3301520
2023-01-26,SPY,520.19,520.38,518.53,518.65,12129853
2023-01-27,SPY,520.53,520.67,516.49,518.09,14025304
2023-01-30,SPY,517.31,517.31,513.75,514.94,14568417
2023-01-31,SPY,516.18,517.8,514.14,514.94,5513096
2023-02-01,SPY,514.88,516.81,514.76,515.49,8220268
2023-02-02,SPY,516.23,516.23,511.13,512.2,4232624
2023-02-03,SPY,512.66,521.06,512.66,518.65,13859176
2023-02-06,SPY,519.1,519.9,516.21,518.9,8895174
2023-02-07,SPY,516.4,520.13,514.56,518.15,3444674
2023-02-08,SPY,518.13,518.98,516.36,518.56,7253482
2023-02-09,SPY,518.01,528.42,518.01,527.03,6803613
2023-02-10,SPY,525.04,525.04,516.81,518.21,11736164
2023-02-13,SPY,518.28,518.28,514.03,515.62,8904346
2023-02-14,SPY,515.31,515.31,504.06,505.27,5929727
2023-02-15,SPY,501.91,501.91,493.44,495.4,2352798
2023-02-16,SPY,495.88,495.88,489.81,490.87,6555479
2023-02-17,SPY,491.31,496.14,491.31,493.24,7843878
2023-02-20,SPY,493.21,499.3,493.21,498.08,7223297
2023-02-21,SPY,498.43,498.43,490.48,492.01,14006586
2023-02-22,SPY,490.74,492.83,488.71,491.67,3607732
2023-02-23,SPY,493.86,495.69,493.86,495.26,4054928
2023-02-24,SPY,494.31,502.34,494.31,498.02,1670661
2023-02-27,SPY,496.78,500.57,496.78,499.87,7438652
2023-02-28,SPY,499.74,502.5,499.74,501.33,14401259
2023-03-01,SPY,501.75,501.75,498.39,500.46,568666
2023-03-02,SPY,499.97,503.08,499.97,502.48,12603261
2023-03-03,SPY,500.39,502.22,500.14,501.61,4687334
2023-03-06,SPY,503.21,503.21,498.43,500.24,5004485
2023-03-07,SPY,501.23,506.92,501.23,505.37,9477105
2023-03-08,SPY,506.05,506.05,498.45,499.03,12711242
2023-03-09,SPY,500.5,500.5,497.53,499.89,11581234
2023-03-10,SPY,500.0,500.0,495.97,498.77,7502606
2023-03-13,SPY,497.67,505.66,497.67,503.9,3307665
2023-03-14,SPY,501.64,510.9,501.64,510.01,13994925
2023-03-15,SPY,510.71,518.76,510.71,517.76,13131324
2023-03-16,SPY,517.15,523.36,517.15,522.81,14669294
2023-03-17,SPY,523.63,523.63,520.12,520.54,10071300
2023-03-20,SPY,518.58,523.54,518.58,522.84,9576848
2023-03-21,SPY,525.63,530.58,525.63,528.27,6403779
2023-03-22,SPY,528.0,532.58,528.0,532.53,6848702
2023-03-23,SPY,531.37,536.75,531.37,534.35,2850361
2023-03-24,SPY,534.01,539.58,534.01,538.45,6804016
2023-03-27,SPY,538.76,538.76,531.81,534.61,956412
2023-03-28,SPY,536.05,537.93,530.76,532.89,7868797
2023-03-29,SPY,534.73,534.73,527.86,530.22,10935363
2023-03-30,SPY,529.83,535.56,529.03,531.61,9745330
2023-03-31,SPY,531.47,531.47,528.38,529.24,11340359
2023-04-03,SPY,529.36,535.81,529.36,535.61,11835477
2023-04-04,SPY,534.68,544.05,534.68,543.42,10721132
2023-04-05,SPY,541.75,547.31,541.75,545.59,5878228
2023-04-06,SPY,545.73,545.73,536.76,539.81,6109125
2023-04-07,SPY,539.6,543.82,539.59,539.92,3379463
2023-04-10,SPY,542.13,551.69,542.13,549.13,6229837
2023-04-11,SPY,550.16,551.97,550.16,551.77,4724277
2023-04-12,SPY,552.21,552.21,545.95,548.36,6141660
2023-04-13,SPY,546.95,546.95,544.74,545.82,4464730
2023-04-14,SPY,544.32,546.37,543.88,544.44,2080651
2023-04-17,SPY,546.17,546.17,538.38,539.46,12318559
2023-04-18,SPY,536.73,541.41,536.73,541.05,13693438
2023-04-19,SPY,541.76,550.09,541.76,549.86,11400820
2023-04-20,SPY,550.13,557.5,550.13,553.96,1356068
2023-04-21,SPY,552.28,560.51,552.28,559.94,13985048
2023-04-24,SPY,559.37,559.37,547.46,547.79,5702525
2023-04-25,SPY,548.6,553.51,548.6,553.21,7183505
2023-04-26,SPY,551.66,556.38,551.66,555.83,14847927
2023-04-27,SPY,554.59,554.59,548.75,551.73,2075527
2023-04-28,SPY,552.05,559.06,552.05,558.59,11360482
2023-05-01,SPY,557.51,565.28,557.51,564.85,4387234
2023-05-02,SPY,563.87,568.23,563.87,567.51,9626074
2023-05-03,SPY,566.52,568.52,564.89,566.03,14264756
2023-05-04,SPY,565.49,571.16,565.49,569.69,11656410
2023-05-05,SPY,568.82,568.82,564.43,566.14,2530803
2023-05-08,SPY,563.98,563.98,559.73,561.04,10643173
2023-05-09,SPY,559.08,560.83,559.08,560.22,4169003
2023-05-10,SPY,557.24,557.24,552.9,554.73,13302933
2023-05-11,SPY,553.79,560.45,553.79,560.18,1060342
2023-05-12,SPY,561.44,562.71,555.61,559.81,3005655
2023-05-15,SPY,559.58,560.41,555.42,557.94,3334689
2023-05-16,SPY,558.37,558.37,554.04,554.85,4025401
2023-05-17,SPY,556.36,563.94,556.36,562.02,13888531
2023-05-18,SPY,563.85,570.46,563.85,567.87,3950777
2023-05-19,SPY,568.26,569.33,568.23,568.93,4696730
2023-05-22,SPY,568.0,568.03,567.81,567.95,7944619
2023-05-23,SPY,566.91,584.67,566.91,581.36,6329693
2023-05-24,SPY,583.0,584.31,582.8,584.22,6194574
2023-05-25,SPY,584.75,594.11,584.75,589.69,13802236
2023-05-26,SPY,589.9,597.27,589.9,594.95,9236755
2023-05-29,SPY,596.34,598.55,593.11,596.48,2360252
2023-05-30,SPY,597.2,597.2,593.89,596.69,2838007
2023-05-31,SPY,596.77,596.77,591.83,594.67,11365616
2023-06-01,SPY,593.68,596.51,593.68,594.29,14434592
2023-06-02,SPY,593.95,601.55,593.95,600.52,13740729
2023-06-05,SPY,601.6,601.6,589.83,593.17,12305874
2023-06-06,SPY,595.73,606.8,595.73,604.67,13808969
2023-06-07,SPY,604.67,611.98,604.67,610.62,1911207
2023-06-08,SPY,610.81,610.81,604.28,607.39,4618744
2023-06-09,SPY,608.83,610.2,606.6,609.75,4765026
2023-06-12,SPY,608.25,608.25,603.48,606.4,10047971
2023-06-13,SPY,607.33,607.33,602.73,603.97,12364630
2023-06-14,SPY,603.19,605.62,603.19,605.35,13043953
2023-06-15,SPY,603.53,603.53,596.9,597.91,8440992
2023-06-16,SPY,598.21,600.39,592.55,595.87,8203744
2023-06-19,SPY,592.54,592.54,590.4,590.67,13956278
2023-06-20,SPY,592.12,600.71,592.12,599.84,8208387
2023-06-21,SPY,600.76,600.76,594.87,599.23,2363185
2023-06-22,SPY,598.47,598.47,593.44,594.56,2544895
2023-06-23,SPY,592.56,600.18,592.56,597.62,6016163
2023-06-26,SPY,596.27,609.18,596.27,606.99,1533915
2023-06-27,SPY,606.86,606.86,604.53,604.6,4959229
2023-06-28,SPY,605.93,606.53,602.75,603.75,9757779
2023-06-29,SPY,603.91,603.91,595.75,597.32,6617954
2023-06-30,SPY,598.28,605.54,598.28,604.56,2726207
2023-07-03,SPY,603.84,603.84,600.39,600.99,11413645
2023-07-04,SPY,600.18,600.18,596.19,597.45,3641024
2023-07-05,SPY,600.7,604.1,599.58,602.88,2749256
2023-07-06,SPY,601.97,605.67,601.9,603.4,9541422
2023-07-07,SPY,601.64,601.64,598.2,598.48,14943280
2023-07-10,SPY,598.58,599.61,593.41,594.27,3724334
2023-07-11,SPY,594.69,594.69,586.18,588.29,13981896
2023-07-12,SPY,589.43,591.57,586.7,589.45,7631282
2023-07-13,SPY,590.43,594.68,588.22,590.08,8582085
2023-07-14,SPY,591.52,598.53,591.52,595.49,7290647
2023-07-17,SPY,595.06,595.06,587.26,587.77,8311872
2023-07-18,SPY,586.98,587.03,586.14,586.42,11135263
2023-07-19,SPY,585.99,585.99,583.69,584.51,4966932
2023-07-20,SPY,584.51,588.72,584.23,585.12,6477749
2023-07-21,SPY,582.35,587.28,581.82,585.48,11020413
2023-07-24,SPY,586.42,586.42,584.76,585.63,4659939
2023-07-25,SPY,582.66,591.08,582.66,590.17,6328704
2023-07-26,SPY,591.12,597.35,591.12,596.12,14027535
2023-07-27,SPY,595.79,603.39,595.79,600.4,8936658
2023-07-28,SPY,601.23,603.0,600.06,600.85,12077500
2023-07-31,SPY,602.99,602.99,600.96,601.46,12212241
2023-08-01,SPY,599.3,599.3,597.13,598.81,5336473
2023-08-02,SPY,597.2,597.2,592.65,592.71,3064300
2023-08-03,SPY,592.29,597.25,592.29,596.03,806762
2023-08-04,SPY,595.79,600.32,595.79,599.41,822382
2023-08-07,SPY,597.85,604.17,597.85,601.48,12807485
2023-08-08,SPY,601.71,610.45,601.71,608.46,8448304
2023-08-09,SPY,609.73,612.67,609.73,611.94,3089760
2023-08-10,SPY,610.38,610.58,607.05,609.37,13132959
2023-08-11,SPY,607.0,616.66,607.0,613.11,7663922
2023-08-14,SPY,613.26,619.66,613.26,616.85,5218209
2023-08-15,SPY,614.54,620.46,614.54,618.36,6868088
2023-08-16,SPY,616.67,623.26,616.67,621.23,10575497
2023-08-17,SPY,621.9,621.9,617.01,620.09,4060707
2023-08-18,SPY,621.68,621.68,616.95,618.04,9324501
2023-08-21,SPY,618.09,618.81,615.29,617.59,13978807
2023-08-22,SPY,616.43,619.43,616.43,618.5,3275748
2023-08-23,SPY,613.97,627.22,613.97,621.41,8479690
2023-08-24,SPY,619.23,620.57,617.91,618.54,10778395
2023-08-25,SPY,618.46,627.64,618.46,623.81,1587750
2023-08-28,SPY,625.1,625.1,616.03,618.04,14564966
2023-08-29,SPY,619.96,619.96,608.04,609.73,3034707
2023-08-30,SPY,608.03,608.03,603.26,603.32,11886923
2023-08-31,SPY,601.55,602.08,599.45,599.64,4004644
2023-09-01,SPY,598.55,598.55,585.96,589.36,12935933
2023-09-04,SPY,589.7,589.7,585.32,585.43,5426171
2023-09-05,SPY,583.99,583.99,576.88,577.28,1011577
2023-09-06,SPY,577.51,577.51,570.83,571.9,6972647
2023-09-07,SPY,570.89,570.89,568.71,569.14,2424129
2023-09-08,SPY,570.23,570.56,569.61,570.4,1186901
2023-09-11,SPY,572.72,572.72,569.3,569.49,4938928
2023-09-12,SPY,571.65,576.64,571.65,573.17,5918911
2023-09-13,SPY,573.21,575.9,573.21,575.58,12779850
2023-09-14,SPY,574.52,574.52,571.77,572.14,8191397
2023-09-15,SPY,572.89,572.89,567.91,568.62,5207023
2023-09-18,SPY,569.03,573.34,569.03,573.18,822897
2023-09-19,SPY,572.56,573.91,568.87,572.93,5813599
2023-09-20,SPY,574.48,575.56,572.51,575.09,6951597
2023-09-21,SPY,575.96,576.88,572.65,574.83,545672
2023-09-22,SPY,577.03,584.41,577.03,583.18,7457078
2023-09-25,SPY,583.99,584.15,582.86,584.1,621533
2023-09-26,SPY,584.0,585.82,584.0,584.34,13986530
2023-09-27,SPY,580.69,581.0,577.24,578.28,13008654
2023-09-28,SPY,579.2,579.2,575.33,576.24,6153397
2023-09-29,SPY,575.6,575.6,573.23,574.59,7204058
2023-10-02,SPY,575.5,575.5,568.51,570.19,3129161
2023-10-03,SPY,568.83,580.52,568.83,579.1,1307722
2023-10-04,SPY,580.17,581.77,579.49,581.58,8793284
2023-10-05,SPY,582.1,582.1,570.79,576.06,4801716
2023-10-06,SPY,574.55,577.29,572.86,573.96,12200691
2023-10-09,SPY,574.49,574.49,566.99,567.49,12468390
2023-10-10,SPY,568.21,568.63,566.82,566.88,8232122
2023-10-11,SPY,564.18,566.78,563.61,566.16,5366581
2023-10-12,SPY,566.23,568.91,566.23,566.58,4471639
2023-10-13,SPY,567.11,567.11,556.25,556.98,3776304
2023-10-16,SPY,556.85,559.68,556.47,557.85,3430657
2023-10-17,SPY,558.11,558.11,555.1,555.93,11134550
2023-10-18,SPY,556.98,558.14,556.52,556.69,12741949
2023-10-19,SPY,558.75,562.17,557.49,560.73,6959717
2023-10-20,SPY,560.35,560.35,551.84,553.21,11666315
2023-10-23,SPY,552.15,553.58,549.26,551.11,11403462
2023-10-24,SPY,551.37,553.87,551.37,552.99,4500895
2023-10-25,SPY,553.14,555.79,553.14,555.33,12986050
2023-10-26,SPY,554.25,559.92,554.25,558.92,13459275
2023-10-27,SPY,561.88,561.88,559.05,559.39,9321581
2023-10-30,SPY,562.53,563.37,561.28,561.45,8703958
2023-10-31,SPY,560.98,560.98,558.49,559.92,13935409
2023-11-01,SPY,559.79,564.46,559.79,563.88,8133671
2023-11-02,SPY,562.91,567.42,561.84,562.55,4273335
2023-11-03,SPY,562.72,562.72,557.83,558.48,1353303
2023-11-06,SPY,557.04,559.67,556.85,558.36,4287935
2023-11-07,SPY,559.27,561.81,559.27,561.21,13473564
2023-11-08,SPY,562.97,562.97,556.36,558.04,4229272
2023-11-09,SPY,555.75,563.15,555.75,560.91,7494452
2023-11-10,SPY,559.46,559.46,556.25,557.77,11192728
2023-11-13,SPY,558.41,558.41,552.41,552.5,6534344
2023-11-14,SPY,555.32,555.99,554.25,554.91,9032182
2023-11-15,SPY,554.94,554.94,543.77,546.81,10004161
2023-11-16,SPY,547.53,547.53,542.93,546.44,7277222
2023-11-17,SPY,546.67,546.67,542.47,542.54,4804593
2023-11-20,SPY,542.26,542.26,534.62,534.64,4044938
2023-11-21,SPY,535.42,535.42,532.34,532.5,5508059
2023-11-22,SPY,533.06,537.77,533.06,537.26,5598614
2023-11-23,SPY,538.93,538.93,533.88,535.56,1351420
2023-11-24,SPY,535.57,544.84,535.57,543.33,932264
2023-11-27,SPY,542.33,543.25,540.52,540.68,7861316
2023-11-28,SPY,540.98,542.59,539.31,541.21,1936059
2023-11-29,SPY,541.84,547.68,541.84,543.88,8564759
2023-11-30,SPY,542.68,542.68,536.62,539.36,10529166
2023-12-01,SPY,538.96,539.5,537.79,539.35,1856952
2023-12-04,SPY,540.57,546.22,540.57,544.81,9294226
2023-12-05,SPY,544.74,545.02,540.98,542.27,4837314
2023-12-06,SPY,543.15,549.31,543.15,547.49,3981567
2023-12-07,SPY,547.82,554.27,547.82,552.19,7547656
2023-12-08,SPY,551.15,558.12,551.15,557.14,6186490
2023-12-11,SPY,557.96,557.96,555.03,556.44,6077910
2023-12-12,SPY,557.0,558.94,554.84,555.65,14317854
2023-12-13,SPY,551.57,560.25,551.57,558.63,1471181
2023-12-14,SPY,555.97,556.42,552.11,553.08,12566126
2023-12-15,SPY,553.69,555.26,552.82,553.31,8916355
2023-12-18,SPY,554.6,556.32,551.03,555.08,9974691
2023-12-19,SPY,554.51,559.27,554.51,557.23,1502529
2023-12-20,SPY,556.23,564.26,556.23,562.59,1592595
2023-12-21,SPY,558.86,562.26,558.86,561.38,1789466
2023-12-22,SPY,563.99,563.99,558.71,559.6,906301
2023-12-25,SPY,559.97,566.02,559.97,565.54,7759582
2023-12-26,SPY,566.04,572.01,566.04,571.91,11566499
2023-12-27,SPY,572.48,578.04,572.48,573.93,4318100
2023-12-28,SPY,570.65,581.99,570.65,579.88,1090100
2023-12-29,SPY,581.27,581.27,569.45,569.76,2674151
2024-01-01,SPY,569.71,569.71,565.34,565.82,2146067
2024-01-02,SPY,567.24,571.38,564.86,566.37,1185129
2024-01-03,SPY,563.58,573.06,563.58,570.36,8637133
2024-01-04,SPY,569.42,576.02,569.42,574.24,658553
2024-01-05,SPY,575.09,582.7,575.09,581.31,10530359
2024-01-08,SPY,581.52,584.61,578.33,582.4,11419562
2024-01-09,SPY,584.6,586.35,581.15,584.09,13675058
2024-01-10,SPY,586.16,586.16,577.9,582.62,14631560
2024-01-11,SPY,583.72,588.74,583.72,588.01,11563549
2024-01-12,SPY,587.51,587.51,584.07,587.06,2295733
2024-01-15,SPY,587.12,587.12,574.5,575.78,4300483
2024-01-16,SPY,575.07,576.15,571.88,574.7,11481566
2024-01-17,SPY,575.62,579.15,575.04,578.01,6483460
2024-01-18,SPY,575.71,581.6,575.71,577.98,6838356
2024-01-19,SPY,577.37,581.23,577.37,579.58,7489732
2024-01-22,SPY,580.94,580.94,575.94,576.77,6362008
2024-01-23,SPY,574.49,579.53,574.49,578.24,2016708
2024-01-24,SPY,576.99,581.15,575.78,576.77,4460769
2024-01-25,SPY,578.31,587.4,578.31,584.21,6009957
2024-01-26,SPY,580.95,582.08,579.76,580.91,9105115
2024-01-29,SPY,580.3,580.3,569.59,572.43,11850184
2024-01-30,SPY,572.41,581.69,572.41,577.8,2573607
2024-01-31,SPY,576.38,589.25,576.38,586.39,12903531
2024-02-01,SPY,586.78,587.22,583.59,585.43,6058470
2024-02-02,SPY,586.23,590.51,586.23,590.27,14876371
2024-02-05,SPY,589.73,595.49,588.99,593.94,8507670
2024-02-06,SPY,593.17,593.4,590.39,591.94,12754248
2024-02-07,SPY,592.07,596.25,592.07,594.68,1273213
2024-02-08,SPY,591.94,600.76,591.94,599.6,10680455
2024-02-09,SPY,598.58,598.58,591.22,593.48,3874616
2024-02-12,SPY,594.42,594.42,587.48,589.98,11687203
2024-02-13,SPY,590.81,590.81,587.36,587.98,9579309
2024-02-14,SPY,588.28,588.28,580.09,583.89,7953011
2024-02-15,SPY,584.19,586.14,581.11,582.75,10512185
2024-02-16,SPY,582.9,582.95,582.55,582.76,500012
2024-02-19,SPY,581.78,589.36,581.78,589.36,6836344
2024-02-20,SPY,592.49,594.59,591.08,593.15,2081542
2024-02-21,SPY,593.94,593.94,580.62,582.92,9834236
2024-02-22,SPY,584.63,586.14,583.35,584.26,9420399
2024-02-23,SPY,583.83,592.22,583.83,591.55,10335503
2024-02-26,SPY,592.69,592.69,588.47,588.88,5969744
2024-02-27,SPY,589.66,589.66,583.6,586.29,729146
2024-02-28,SPY,585.99,585.99,575.14,578.44,4661352
2024-02-29,SPY,577.92,588.65,577.92,587.37,12624896
2024-03-01,SPY,588.14,593.66,588.14,592.63,12892885
2024-03-04,SPY,591.4,593.83,591.4,593.5,11631084
2024-03-05,SPY,594.19,594.19,584.8,585.98,6826216
2024-03-06,SPY,585.29,586.13,584.57,584.65,6462446
2024-03-07,SPY,585.35,587.14,580.13,583.37,1249027
2024-03-08,SPY,583.91,583.91,579.15,583.04,5592732
2024-03-11,SPY,585.05,585.35,579.88,581.44,8591143
2024-03-12,SPY,583.79,583.79,580.81,583.29,12434480
2024-03-13,SPY,583.9,590.52,583.9,588.75,5509340
2024-03-14,SPY,590.83,595.44,589.93,591.14,5467734
2024-03-15,SPY,589.98,592.32,589.98,592.18,4002512
2024-03-18,SPY,593.56,600.98,593.56,598.36,7233823
2024-03-19,SPY,599.78,599.78,597.24,598.12,12513167
2024-03-20,SPY,596.92,605.65,596.92,605.05,13283449
2024-03-21,SPY,602.71,616.6,602.71,615.68,1474663
2024-03-22,SPY,617.21,622.53,617.21,621.96,7066617
2024-03-25,SPY,622.26,622.26,619.27,619.44,8699683
2024-03-26,SPY,620.67,620.67,614.79,615.18,4066724
2024-03-27,SPY,614.29,614.29,607.21,608.81,4635356
2024-03-28,SPY,610.17,610.17,599.94,599.95,6280349
2024-03-29,SPY,598.97,599.59,595.12,596.43,8951311
2024-04-01,SPY,598.37,598.67,597.32,597.62,12877934
2024-04-02,SPY,597.75,606.39,597.75,604.81,2906401
2024-04-03,SPY,606.56,606.56,602.51,604.72,14255373
2024-04-04,SPY,603.87,603.87,602.03,603.31,10262135
2024-04-05,SPY,605.4,605.4,601.22,603.06,8224736
2024-04-08,SPY,603.49,605.65,601.5,602.49,12116238
2024-04-09,SPY,601.3,601.3,595.11,597.57,14593917
2024-04-10,SPY,596.21,598.78,596.21,597.66,7994901
2024-04-11,SPY,597.16,601.92,597.16,599.99,7928191
2024-04-12,SPY,599.41,599.41,593.08,593.31,8007452
2024-04-15,SPY,595.35,595.35,592.08,593.39,13447122
2024-04-16,SPY,593.91,593.91,590.91,591.36,4224975
2024-04-17,SPY,593.11,597.32,593.09,593.95,10747090
2024-04-18,SPY,591.83,594.96,591.76,593.07,11729263
2024-04-19,SPY,590.35,590.35,582.51,584.92,3206600
2024-04-22,SPY,584.4,584.4,578.99,579.11,13640042
2024-04-23,SPY,579.65,584.63,579.65,583.7,13110422
2024-04-24,SPY,584.87,584.87,577.79,579.85,9073880
2024-04-25,SPY,575.87,581.33,575.87,581.0,14199674
2024-04-26,SPY,581.99,582.79,581.99,582.58,3680685
2024-04-29,SPY,582.74,582.74,577.32,577.44,11434313
2024-04-30,SPY,577.69,580.29,576.35,578.36,3697715
2024-05-01,SPY,577.85,577.85,569.44,570.51,5595457
2024-05-02,SPY,568.78,568.78,563.21,566.55,7159525
2024-05-03,SPY,566.52,566.52,559.99,560.82,11227550
2024-05-06,SPY,564.13,564.13,558.76,559.18,639520
2024-05-07,SPY,556.8,556.8,554.06,555.54,7640712
2024-05-08,SPY,554.91,562.31,554.91,560.23,817226
2024-05-09,SPY,558.06,564.47,558.06,563.76,1151981
2024-05-10,SPY,564.63,566.39,562.28,564.44,11419223
2024-05-13,SPY,562.25,569.59,562.25,568.0,4673230
2024-05-14,SPY,567.05,567.36,564.77,565.75,8069984
2024-05-15,SPY,567.06,575.37,567.06,573.85,11177134
2024-05-16,SPY,573.26,577.12,573.26,576.67,8080705
2024-05-17,SPY,575.27,580.27,575.27,579.41,5889813
2024-05-20,SPY,580.89,587.79,580.89,586.55,9017126
2024-05-21,SPY,585.74,587.19,585.74,587.17,1431028
2024-05-22,SPY,586.07,588.01,585.03,585.24,7221247
2024-05-23,SPY,584.88,591.84,584.88,590.57,10082588
2024-05-24,SPY,591.94,594.67,591.94,593.45,12719045
2024-05-27,SPY,595.91,595.91,588.76,588.97,6451401
2024-05-28,SPY,588.07,588.07,577.56,580.12,2231327
2024-05-29,SPY,579.37,579.37,578.33,578.34,4481268
2024-05-30,SPY,579.51,579.51,570.37,571.75,5299022
2024-05-31,SPY,571.76,574.53,571.4,573.29,3716437
2024-06-03,SPY,571.0,576.3,569.4,572.93,8389486
2024-06-04,SPY,571.56,571.56,567.14,568.9,14807123
2024-06-05,SPY,569.22,571.52,569.22,571.32,6699156
2024-06-06,SPY,572.11,572.14,569.83,571.83,14957500
2024-06-07,SPY,571.06,576.58,571.06,575.35,7992814
2024-06-10,SPY,577.33,580.95,577.33,579.15,8234117
2024-06-11,SPY,581.33,586.12,581.33,585.66,8542542
2024-06-12,SPY,583.6,587.06,583.6,586.43,608503
2024-06-13,SPY,584.9,591.05,583.8,589.57,7958588
2024-06-14,SPY,590.38,595.05,590.38,592.15,9117269
2024-06-17,SPY,589.46,589.46,581.59,583.6,10020171
2024-06-18,SPY,582.43,582.43,572.32,573.3,662207
2024-06-19,SPY,574.34,575.85,573.65,575.29,804891
2024-06-20,SPY,575.49,576.01,574.51,575.46,14386554
2024-06-21,SPY,576.04,576.04,572.3,573.8,8103873
2024-06-24,SPY,575.15,575.15,568.72,570.93,671231
2024-06-25,SPY,570.16,573.04,569.98,571.46,2803889
2024-06-26,SPY,571.51,577.29,571.51,576.3,8820756
2024-06-27,SPY,577.05,581.78,577.05,581.74,10360748
2024-06-28,SPY,582.24,590.7,582.24,590.7,10795013
2024-07-01,SPY,589.25,603.09,589.25,600.07,7712965
2024-07-02,SPY,599.14,599.14,594.35,596.78,1380254
2024-07-03,SPY,597.18,597.18,592.21,593.73,1221237
2024-07-04,SPY,595.41,595.41,590.78,592.43,7356864
2024-07-05,SPY,589.92,599.06,589.92,597.61,1512275
2024-07-08,SPY,599.43,599.43,592.74,595.87,1724972
2024-07-09,SPY,596.2,596.73,595.92,596.17,7007996
2024-07-10,SPY,594.5,599.75,594.5,598.36,10623758
2024-07-11,SPY,595.31,602.72,595.31,602.16,2134375
2024-07-12,SPY,604.98,605.12,604.54,604.9,8775593
2024-07-15,SPY,603.83,603.83,598.35,598.94,5901358
2024-07-16,SPY,601.86,601.86,590.16,591.45,4181420
2024-07-17,SPY,591.41,593.42,591.37,591.47,3920531
2024-07-18,SPY,591.3,592.82,590.73,592.21,13902065
2024-07-19,SPY,594.41,594.41,589.33,589.5,12462078
2024-07-22,SPY,589.8,593.4,589.8,590.9,9902498
2024-07-23,SPY,591.81,599.0,591.81,598.58,2511560
2024-07-24,SPY,597.48,603.05,597.48,598.47,4044899
2024-07-25,SPY,597.99,597.99,591.3,592.86,8202491
2024-07-26,SPY,592.48,600.05,592.48,596.3,14478198
2024-07-29,SPY,595.91,598.02,592.25,594.27,3961475
2024-07-30,SPY,594.44,606.35,594.44,605.67,3718307
2024-07-31,SPY,607.2,611.74,607.2,610.63,12092952
2024-08-01,SPY,611.22,611.22,597.94,600.83,13826763
2024-08-02,SPY,601.89,601.89,597.32,597.34,3710362
2024-08-05,SPY,598.16,598.16,593.32,593.5,3333584
2024-08-06,SPY,594.2,594.2,585.79,587.85,4579708
2024-08-07,SPY,589.62,589.62,587.44,587.57,4876003
2024-08-08,SPY,587.85,588.86,586.26,587.19,14965245
2024-08-09,SPY,589.19,590.63,587.97,589.64,4456121
2024-08-12,SPY,589.54,596.3,589.54,594.52,9552319
2024-08-13,SPY,593.56,593.56,588.39,589.28,10489006
2024-08-14,SPY,592.78,592.78,587.6,587.97,8657205
2024-08-15,SPY,588.58,588.58,586.3,586.78,1323856
2024-08-16,SPY,587.07,598.32,587.07,596.71,991121
2024-08-19,SPY,596.69,603.0,596.69,600.56,11158666
2024-08-20,SPY,599.89,599.89,590.47,592.46,7501292
2024-08-21,SPY,593.51,594.71,592.83,593.72,5310365
2024-08-22,SPY,595.1,595.1,588.09,588.38,1626192
2024-08-23,SPY,590.96,590.96,583.96,585.43,9211670
2024-08-26,SPY,588.26,588.26,579.07,580.29,8608310
2024-08-27,SPY,581.76,581.76,574.31,575.75,14776483
2024-08-28,SPY,575.93,575.93,574.2,575.6,12319474
2024-08-29,SPY,577.83,577.83,569.8,572.03,7626941
2024-08-30,SPY,571.11,576.29,571.11,575.77,9311355
2024-09-02,SPY,576.02,576.02,571.53,572.14,889408
2024-09-03,SPY,572.91,576.47,572.91,575.46,8287547
2024-09-04,SPY,576.38,578.88,576.38,577.53,11541862
2024-09-05,SPY,576.8,576.8,573.47,574.61,14725254
2024-09-06,SPY,577.33,582.58,577.33,580.6,1882625
2024-09-09,SPY,580.96,585.53,579.48,579.9,1587173
2024-09-10,SPY,582.37,583.36,581.59,581.8,5293708
2024-09-11,SPY,582.39,583.59,581.39,583.09,4780653
2024-09-12,SPY,582.72,582.72,575.46,580.43,9897361
2024-09-13,SPY,581.19,581.19,573.74,573.84,4004243
2024-09-16,SPY,572.63,578.3,572.63,577.11,4630538
2024-09-17,SPY,578.59,578.59,572.24,574.43,4797018
2024-09-18,SPY,572.0,579.16,572.0,579.09,5510286
2024-09-19,SPY,579.61,583.59,579.61,583.26,4500989
2024-09-20,SPY,584.22,584.22,575.4,576.44,12158016
2024-09-23,SPY,575.95,575.95,568.99,570.31,12681854
2024-09-24,SPY,568.69,568.69,563.84,563.99,5411086
2024-09-25,SPY,563.71,565.55,561.29,563.64,10506719
2024-09-26,SPY,563.22,563.22,559.83,561.92,10793932
2024-09-27,SPY,562.57,567.83,562.57,567.05,998164
2024-09-30,SPY,566.97,572.86,566.97,571.86,4496708
2024-10-01,SPY,572.5,577.14,572.5,575.25,9492455
2024-10-02,SPY,577.22,585.14,577.22,580.98,10946657
2024-10-03,SPY,581.34,584.64,578.12,581.55,2466525
2024-10-04,SPY,579.53,579.53,576.33,577.47,14166384
2024-10-07,SPY,578.68,578.68,573.59,575.57,12185794
2024-10-08,SPY,576.83,580.29,576.83,578.26,14085144
2024-10-09,SPY,578.62,578.62,571.54,573.1,5238082
2024-10-10,SPY,571.25,576.12,571.25,575.5,680752
2024-10-11,SPY,575.44,580.03,575.44,579.69,8897656
2024-10-14,SPY,578.79,585.04,578.79,584.34,3734023
2024-10-15,SPY,584.49,593.87,584.49,592.21,12198288
2024-10-16,SPY,592.77,597.01,592.77,593.95,4738904
2024-10-17,SPY,592.78,592.78,580.48,581.06,2488598
2024-10-18,SPY,578.39,580.05,578.39,579.72,9049560
2024-10-21,SPY,578.65,578.65,570.76,574.64,8691371
2024-10-22,SPY,576.44,584.27,576.44,582.83,8628692
2024-10-23,SPY,584.33,584.33,577.03,579.55,10495069
2024-10-24,SPY,578.87,578.87,574.45,574.96,5289609
2024-10-25,SPY,575.57,578.76,575.57,577.68,5775015
2024-10-28,SPY,580.54,580.54,574.8,575.81,7855105
2024-10-29,SPY,576.53,582.13,574.58,580.31,10144791
2024-10-30,SPY,579.61,585.64,579.61,583.76,8574070
2024-10-31,SPY,585.28,587.28,585.28,586.96,3989018
2024-11-01,SPY,588.05,588.05,584.24,586.37,14624589
2024-11-04,SPY,587.47,587.47,578.71,579.01,8149195
2024-11-05,SPY,578.08,581.59,578.08,580.5,12599129
2024-11-06,SPY,577.88,579.5,577.88,579.46,11939428
2024-11-07,SPY,580.14,580.42,579.44,579.9,10053269
2024-11-08,SPY,580.96,580.96,574.43,575.07,1438671
2024-11-11,SPY,575.42,581.56,575.42,578.84,12829113
2024-11-12,SPY,578.93,580.83,578.13,579.83,10533670
2024-11-13,SPY,576.07,585.34,576.07,583.84,13902201
2024-11-14,SPY,584.07,584.07,579.21,581.11,6887313
2024-11-15,SPY,581.79,581.79,569.09,570.78,602737
2024-11-18,SPY,571.2,571.2,564.59,565.1,10639863
2024-11-19,SPY,564.31,566.89,561.45,564.12,11469930
2024-11-20,SPY,563.74,565.35,563.12,564.25,4785982
2024-11-21,SPY,566.79,566.79,562.58,563.16,14094696
2024-11-22,SPY,563.13,563.13,559.55,560.32,1833387
2024-11-25,SPY,557.99,557.99,551.64,553.54,11998801
2024-11-26,SPY,554.34,554.34,549.15,550.18,5938160
2024-11-27,SPY,550.71,552.47,548.33,549.2,8513737
2024-11-28,SPY,547.2,554.25,547.2,552.99,13605758
2024-11-29,SPY,552.94,559.27,552.94,556.3,8663242
2024-12-02,SPY,555.82,555.82,546.47,546.69,3851076
2024-12-03,SPY,546.87,547.35,545.49,547.14,10897326
2024-12-04,SPY,548.54,552.7,548.54,552.69,930276
2024-12-05,SPY,553.38,565.97,553.38,565.3,8723085
2024-12-06,SPY,567.2,575.41,567.2,573.95,6963540
2024-12-09,SPY,573.06,576.97,573.06,574.62,13824190
2024-12-10,SPY,577.35,577.35,571.71,575.25,9138246
2024-12-11,SPY,574.8,576.41,573.68,575.72,6023635
2024-12-12,SPY,575.67,575.75,572.96,573.95,878248
2024-12-13,SPY,575.96,580.94,575.96,577.36,7365393
2024-12-16,SPY,577.04,577.04,571.89,573.62,11121851
2024-12-17,SPY,571.72,576.86,571.72,574.26,8389422
2024-12-18,SPY,571.65,580.5,571.65,576.69,7162971
2024-12-19,SPY,578.21,584.06,578.21,581.18,13023389
2024-12-20,SPY,578.2,586.36,578.2,583.92,6707382
2024-12-23,SPY,585.16,589.44,585.16,589.41,7957630
2024-12-24,SPY,590.94,596.67,590.94,594.18,8699912
2024-12-25,SPY,592.45,595.79,592.45,595.62,12639422
2024-12-26,SPY,597.68,597.68,590.79,591.25,6622382
2024-12-27,SPY,592.09,598.23,592.09,596.17,4221800
2024-12-30,SPY,594.47,597.71,593.98,595.19,14887866
2024-12-31,SPY,595.97,603.57,595.97,603.22,6161474
2022-01-03,AAPL,181.59,181.59,178.61,179.81,7395562
2022-01-04,AAPL,179.77,180.91,179.77,180.65,14966293
2022-01-05,AAPL,180.68,181.32,180.12,180.75,7758644
2022-01-06,AAPL,181.0,181.0,176.05,177.38,2576352
2022-01-07,AAPL,178.38,178.38,174.54,174.64,8831736
2022-01-10,AAPL,173.8,177.75,173.8,177.45,10570725
2022-01-11,AAPL,176.93,179.8,176.93,179.51,6340039
2022-01-12,AAPL,179.34,180.48,179.34,180.34,10192431
2022-01-13,AAPL,179.85,180.39,178.11,179.01,11718653
2022-01-14,AAPL,177.91,178.5,176.61,177.49,6527409
2022-01-17,AAPL,177.75,179.75,177.75,179.53,2148928
2022-01-18,AAPL,178.72,178.72,177.73,177.82,12329583
2022-01-19,AAPL,178.28,178.71,176.1,177.53,14171272
2022-01-20,AAPL,178.03,179.38,178.03,178.65,3547792
2022-01-21,AAPL,177.43,179.56,177.43,179.5,13755655
2022-01-24,AAPL,179.92,180.45,178.82,179.97,13671012
2022-01-25,AAPL,180.17,184.55,180.17,184.48,13305245
2022-01-26,AAPL,184.12,184.12,181.59,182.29,5719023
2022-01-27,AAPL,182.58,183.43,180.68,182.25,13220547
2022-01-28,AAPL,181.09,188.16,181.09,187.78,1273352
2022-01-31,AAPL,186.84,191.89,186.84,191.0,9286064
2022-02-01,AAPL,192.01,192.01,189.72,191.23,9419466
2022-02-02,AAPL,190.71,193.15,190.71,193.12,9092751
2022-02-03,AAPL,193.94,193.94,191.32,192.12,1187071
2022-02-04,AAPL,192.35,192.35,190.34,190.58,12322810
2022-02-07,AAPL,191.97,191.97,188.58,188.64,6866009
2022-02-08,AAPL,189.06,189.65,187.7,188.82,6451352
2022-02-09,AAPL,188.7,192.19,188.7,191.59,12126126
2022-02-10,AAPL,191.75,191.75,187.49,188.7,12898042
2022-02-11,AAPL,188.26,188.26,185.17,185.25,14447348
2022-02-14,AAPL,184.99,186.03,183.45,184.72,11083222
2022-02-15,AAPL,185.28,186.17,184.68,184.9,14636959
2022-02-16,AAPL,184.75,187.13,184.75,186.57,710180
2022-02-17,AAPL,186.84,186.84,184.6,184.62,1806986
2022-02-18,AAPL,183.57,184.02,183.57,183.74,2792766
2022-02-21,AAPL,184.06,184.06,181.27,181.39,11394026
2022-02-22,AAPL,180.5,183.1,180.5,182.61,6356444
2022-02-23,AAPL,182.66,182.66,179.79,180.38,1781658
2022-02-24,AAPL,180.09,180.09,178.97,179.09,5870088
2022-02-25,AAPL,180.78,180.78,179.36,179.73,14438277
2022-02-28,AAPL,178.48,183.35,178.48,182.72,10080446
2022-03-01,AAPL,182.61,186.31,182.61,185.6,1732133
2022-03-02,AAPL,185.01,185.01,183.27,183.31,9498483
2022-03-03,AAPL,183.19,183.19,181.46,181.67,10623097
2022-03-04,AAPL,181.97,183.16,181.97,183.04,9848943
2022-03-07,AAPL,182.47,182.86,182.1,182.79,6521580
2022-03-08,AAPL,182.97,184.94,182.97,184.55,11930914
2022-03-09,AAPL,184.48,187.0,184.48,186.17,9628988
2022-03-10,AAPL,186.36,189.55,186.36,189.34,14869690
2022-03-11,AAPL,189.08,189.08,185.18,187.74,6703300
2022-03-14,AAPL,188.79,188.79,187.54,187.98,5830066
2022-03-15,AAPL,186.82,188.41,186.3,186.98,8402252
2022-03-16,AAPL,185.86,191.01,185.86,188.48,4639941
2022-03-17,AAPL,188.05,188.07,186.65,186.91,4709484
2022-03-18,AAPL,186.57,187.26,186.38,186.58,1523648
2022-03-21,AAPL,185.38,187.47,185.38,186.33,9317869
2022-03-22,AAPL,186.73,186.73,185.15,185.42,12769266
2022-03-23,AAPL,186.03,188.93,186.03,188.09,6168928
2022-03-24,AAPL,188.38,190.26,188.38,189.86,13368441
2022-03-25,AAPL,190.18,193.29,190.18,192.42,10300694
2022-03-28,AAPL,191.14,194.08,191.14,192.33,12722055
2022-03-29,AAPL,192.11,197.24,192.11,195.53,3453495
2022-03-30,AAPL,195.2,197.38,195.2,195.71,5676441
2022-03-31,AAPL,195.59,195.59,193.53,194.91,10903424
2022-04-01,AAPL,194.87,194.87,190.33,191.1,7926071
2022-04-04,AAPL,191.78,191.78,189.19,189.46,2565642
2022-04-05,AAPL,189.4,189.4,183.43,183.57,8412834
2022-04-06,AAPL,183.41,184.5,183.41,184.23,3288553
2022-04-07,AAPL,184.35,187.5,184.35,186.85,10542573
2022-04-08,AAPL,186.8,187.11,185.15,186.25,12388334
2022-04-11,AAPL,186.82,186.82,185.62,185.85,6113191
2022-04-12,AAPL,187.29,187.46,185.58,186.45,10076686
2022-04-13,AAPL,186.64,186.82,184.85,186.13,11334782
2022-04-14,AAPL,185.2,186.18,185.2,185.89,12515393
2022-04-15,AAPL,185.95,186.04,184.12,185.77,7003758
2022-04-18,AAPL,185.23,188.08,184.86,185.64,5468978
2022-04-19,AAPL,185.4,187.69,185.4,187.03,3590257
2022-04-20,AAPL,186.75,186.75,182.89,182.9,13284931
2022-04-21,AAPL,182.12,184.91,182.12,183.84,2121757
2022-04-22,AAPL,184.94,184.94,179.77,180.13,1499614
2022-04-25,AAPL,179.46,181.37,179.46,180.88,14859480
2022-04-26,AAPL,180.15,180.15,177.98,178.32,4470801
2022-04-27,AAPL,178.01,180.2,178.01,179.08,10894245
2022-04-28,AAPL,179.11,180.91,179.11,179.85,3356207
2022-04-29,AAPL,179.38,179.38,177.58,177.8,1261414
2022-05-02,AAPL,178.2,178.2,173.97,174.86,8928081
2022-05-03,AAPL,174.46,174.46,170.1,171.57,8369581
2022-05-04,AAPL,171.43,173.51,171.43,172.96,6634752
2022-05-05,AAPL,172.31,172.31,168.37,169.67,9865238
2022-05-06,AAPL,169.38,169.38,164.76,166.69,10883449
2022-05-09,AAPL,166.5,166.5,163.93,164.12,4010955
2022-05-10,AAPL,163.93,164.93,163.93,164.62,9377238
2022-05-11,AAPL,165.15,165.15,162.5,162.51,14470190
2022-05-12,AAPL,161.89,161.89,159.22,159.8,1772197
2022-05-13,AAPL,160.03,161.59,160.03,161.31,10616933
2022-05-16,AAPL,162.17,164.07,162.17,163.7,10112361
2022-05-17,AAPL,164.12,164.23,163.33,163.99,12404982
2022-05-18,AAPL,163.96,164.99,162.41,163.96,12779089
2022-05-19,AAPL,163.92,164.52,162.07,163.95,10081011
2022-05-20,AAPL,164.53,165.64,163.46,164.06,4001599
2022-05-23,AAPL,164.85,164.85,161.87,162.89,3180345
2022-05-24,AAPL,162.31,162.31,161.44,162.07,4749046
2022-05-25,AAPL,161.15,161.15,159.3,160.1,2468614
2022-05-26,AAPL,160.27,161.93,160.1,160.61,11942559
2022-05-27,AAPL,161.06,161.48,160.71,161.28,1905248
2022-05-30,AAPL,160.81,161.13,159.8,160.85,921538
2022-05-31,AAPL,161.54,161.54,159.38,159.71,2048120
2022-06-01,AAPL,159.32,161.12,159.32,160.32,4989954
2022-06-02,AAPL,160.18,162.07,160.18,161.54,8834715
2022-06-03,AAPL,161.7,161.7,158.5,159.18,12620855
2022-06-06,AAPL,159.0,164.64,159.0,163.52,9042223
2022-06-07,AAPL,163.67,163.67,161.66,161.94,10052005
2022-06-08,AAPL,161.87,164.69,161.87,163.34,5063327
2022-06-09,AAPL,163.45,165.56,163.45,165.3,5163523
2022-06-10,AAPL,164.77,167.17,164.77,166.09,8060544
2022-06-13,AAPL,166.2,166.2,164.74,164.87,7511474
2022-06-14,AAPL,165.22,165.22,162.05,162.51,8623042
2022-06-15,AAPL,162.11,164.61,162.11,162.89,12077266
2022-06-16,AAPL,162.87,162.87,162.5,162.62,1642858
2022-06-17,AAPL,162.29,162.29,160.68,160.8,12911576
2022-06-20,AAPL,160.75,160.75,159.84,160.53,1368032
2022-06-21,AAPL,161.03,161.03,159.26,159.55,952994
2022-06-22,AAPL,159.69,161.43,159.69,160.98,1034968
2022-06-23,AAPL,161.22,161.22,159.64,159.78,1530767
2022-06-24,AAPL,158.51,158.51,158.2,158.27,10839366
2022-06-27,AAPL,157.57,158.15,156.96,158.03,781389
2022-06-28,AAPL,157.81,158.49,156.17,156.53,2364469
2022-06-29,AAPL,156.32,159.33,156.32,158.67,8555597
2022-06-30,AAPL,157.69,160.71,157.69,160.69,7599176
2022-07-01,AAPL,160.25,163.98,160.25,162.21,13822570
2022-07-04,AAPL,162.53,162.53,158.61,159.97,9303422
2022-07-05,AAPL,160.07,161.04,160.07,160.87,12620332
2022-07-06,AAPL,161.32,161.32,159.16,159.43,12787290
2022-07-07,AAPL,159.75,163.08,159.75,161.94,2034310
2022-07-08,AAPL,161.47,163.59,161.47,163.09,3961348
2022-07-11,AAPL,162.66,166.13,162.66,165.36,5672045
2022-07-12,AAPL,165.57,165.57,163.36,164.14,7292344
2022-07-13,AAPL,164.02,164.83,163.8,164.04,3135078
2022-07-14,AAPL,164.24,164.24,161.58,162.18,6442923
2022-07-15,AAPL,162.3,162.3,159.13,160.19,4208819
2022-07-18,AAPL,162.19,162.19,158.21,158.32,9578307
2022-07-19,AAPL,158.37,158.73,156.27,157.66,10001949
2022-07-20,AAPL,157.43,161.59,157.43,161.5,14656193
2022-07-21,AAPL,161.17,162.94,161.17,162.29,3338688
2022-07-22,AAPL,162.56,164.1,162.23,163.06,8627645
2022-07-25,AAPL,162.92,162.92,159.49,160.52,7244937
2022-07-26,AAPL,160.47,162.05,160.38,161.17,5134274
2022-07-27,AAPL,160.74,163.77,160.74,163.29,6632284
2022-07-28,AAPL,163.49,163.49,160.94,161.26,14121665
2022-07-29,AAPL,160.44,160.73,159.74,159.8,12922681
2022-08-01,AAPL,160.03,164.41,160.03,164.38,13608893
2022-08-02,AAPL,164.87,164.87,162.23,163.01,13692006
2022-08-03,AAPL,162.52,165.0,162.52,164.21,6456821
2022-08-04,AAPL,163.73,163.73,160.8,161.04,6342959
2022-08-05,AAPL,161.85,161.85,155.66,157.26,11040528
2022-08-08,AAPL,157.07,158.01,156.49,157.34,677124
2022-08-09,AAPL,157.27,157.7,157.05,157.47,11860947
2022-08-10,AAPL,157.74,158.67,156.71,157.63,12386208
2022-08-11,AAPL,157.94,161.24,157.94,160.94,1099499
2022-08-12,AAPL,161.17,161.17,158.39,158.71,9468833
2022-08-15,AAPL,159.37,163.0,159.37,162.48,9880561
2022-08-16,AAPL,162.83,162.83,159.73,160.67,14125943
2022-08-17,AAPL,161.04,161.31,161.04,161.13,13476990
2022-08-18,AAPL,161.26,161.26,158.98,159.56,2347686
2022-08-19,AAPL,159.2,159.73,159.18,159.57,14997280
2022-08-22,AAPL,158.51,159.45,158.51,159.12,1491044
2022-08-23,AAPL,159.76,159.76,156.36,157.67,10799120
2022-08-24,AAPL,157.41,157.41,156.19,157.04,4020295
2022-08-25,AAPL,156.59,159.25,156.59,158.74,1024067
2022-08-26,AAPL,158.12,161.15,158.12,161.01,4618084
2022-08-29,AAPL,160.78,163.26,160.78,161.83,3781897
2022-08-30,AAPL,162.65,162.65,160.69,161.43,880035
2022-08-31,AAPL,161.19,161.19,156.23,156.58,12449342
2022-09-01,AAPL,156.81,156.81,155.2,155.3,10942036
2022-09-02,AAPL,156.01,156.01,153.89,154.54,6906160
2022-09-05,AAPL,155.47,155.63,154.94,155.44,11469480
2022-09-06,AAPL,155.03,155.48,154.33,155.15,8482728
2022-09-07,AAPL,156.31,156.31,155.03,155.23,13828720
2022-09-08,AAPL,155.25,157.7,155.25,155.92,14152884
2022-09-09,AAPL,155.89,156.86,155.89,156.67,11740882
2022-09-12,AAPL,158.38,158.38,157.17,157.89,5636310
2022-09-13,AAPL,157.36,159.27,157.36,158.14,9087003
2022-09-14,AAPL,158.46,158.46,157.01,157.36,1951097
2022-09-15,AAPL,157.94,161.82,157.94,160.89,5894054
2022-09-16,AAPL,160.62,162.74,160.62,162.07,2723438
2022-09-19,AAPL,162.03,163.23,160.78,161.65,13229749
2022-09-20,AAPL,161.13,161.21,160.5,160.78,8759780
2022-09-21,AAPL,160.11,162.03,160.11,161.63,14618129
2022-09-22,AAPL,161.19,163.0,161.07,161.86,11086076
2022-09-23,AAPL,162.07,162.07,159.71,161.22,6603219
2022-09-26,AAPL,159.96,162.23,159.96,161.94,13485675
2022-09-27,AAPL,162.37,163.02,162.37,162.88,3914389
2022-09-28,AAPL,163.92,163.92,159.03,159.91,9874267
2022-09-29,AAPL,159.63,159.63,155.65,155.74,12513205
2022-09-30,AAPL,156.01,156.01,153.1,153.33,3083693
2022-10-03,AAPL,153.67,155.0,153.67,154.72,2125438
2022-10-04,AAPL,155.44,155.44,151.63,151.76,14947263
2022-10-05,AAPL,151.8,151.8,149.96,150.14,7444316
2022-10-06,AAPL,150.11,150.11,148.45,149.36,7154068
2022-10-07,AAPL,150.04,150.04,148.13,148.19,6263374
2022-10-10,AAPL,147.29,147.48,147.26,147.3,9072249
2022-10-11,AAPL,147.22,147.65,146.59,147.12,2156813
2022-10-12,AAPL,147.32,147.32,145.43,145.65,13945139
2022-10-13,AAPL,145.29,148.27,145.29,147.73,12833148
2022-10-14,AAPL,146.99,146.99,145.89,146.01,9365738
2022-10-17,AAPL,146.29,146.29,142.31,143.45,9982610
2022-10-18,AAPL,143.23,145.48,143.23,144.16,6498134
2022-10-19,AAPL,143.04,143.04,141.57,141.8,14850048
2022-10-20,AAPL,141.25,142.49,141.25,141.79,7404275
2022-10-21,AAPL,141.4,142.84,141.4,141.88,10407510
2022-10-24,AAPL,142.18,142.43,141.24,141.52,9886445
2022-10-25,AAPL,141.63,141.63,140.13,140.52,14857111
2022-10-26,AAPL,140.21,141.26,140.21,141.22,13865436
2022-10-27,AAPL,142.45,142.45,141.97,142.19,8850220
2022-10-28,AAPL,143.1,143.1,140.34,140.85,12587114
2022-10-31,AAPL,140.59,140.59,139.59,139.76,7593821
2022-11-01,AAPL,139.74,141.35,139.74,141.09,6667154
2022-11-02,AAPL,141.95,141.95,141.1,141.53,13734685
2022-11-03,AAPL,142.43,142.43,139.59,139.81,13101410
2022-11-04,AAPL,139.11,139.27,138.41,138.63,6801850
2022-11-07,AAPL,138.38,139.31,137.73,137.89,11312425
2022-11-08,AAPL,137.54,140.62,137.54,139.74,5166522
2022-11-09,AAPL,139.28,142.99,139.28,142.48,12244188
2022-11-10,AAPL,142.1,142.2,141.22,142.09,5185358
2022-11-11,AAPL,142.01,142.95,141.75,142.3,13862224
2022-11-14,AAPL,142.23,142.23,139.18,139.39,13544209
2022-11-15,AAPL,139.27,140.27,138.77,139.57,10705977
2022-11-16,AAPL,139.72,139.72,137.84,138.45,9903428
2022-11-17,AAPL,138.63,142.5,138.63,141.48,6793003
2022-11-18,AAPL,142.02,142.8,141.58,142.05,1064902
2022-11-21,AAPL,142.34,143.84,141.91,142.57,7057489
2022-11-22,AAPL,142.15,142.15,137.93,138.02,2330500
2022-11-23,AAPL,138.2,140.18,138.2,139.72,6412135
2022-11-24,AAPL,140.12,142.75,140.12,142.5,7094154
2022-11-25,AAPL,142.66,142.66,139.91,140.41,12923109
2022-11-28,AAPL,140.5,141.39,139.22,141.31,4578066
2022-11-29,AAPL,142.14,142.76,142.14,142.45,11727366
2022-11-30,AAPL,142.99,142.99,139.92,140.21,14955186
2022-12-01,AAPL,139.97,141.49,139.23,140.88,12020829
2022-12-02,AAPL,141.53,141.53,140.24,140.34,12890639
2022-12-05,AAPL,141.1,141.1,139.56,139.9,11570796
2022-12-06,AAPL,140.02,140.02,138.15,139.18,5463567
2022-12-07,AAPL,139.0,139.25,138.17,138.75,6876683
2022-12-08,AAPL,138.77,142.05,138.77,140.77,8720473
2022-12-09,AAPL,140.87,141.11,140.66,140.74,14514694
2022-12-12,AAPL,140.79,143.77,140.79,142.98,9380459
2022-12-13,AAPL,142.7,146.75,142.7,146.46,2298280
2022-12-14,AAPL,146.77,146.77,139.72,141.57,5477294
2022-12-15,AAPL,142.0,142.0,139.7,139.75,756802
2022-12-16,AAPL,139.4,140.82,139.4,140.46,3771750
2022-12-19,AAPL,140.0,140.0,137.73,138.77,13841769
2022-12-20,AAPL,138.25,140.15,137.25,139.35,3351755
2022-12-21,AAPL,139.04,139.04,137.6,138.62,13781539
2022-12-22,AAPL,138.59,138.67,138.08,138.64,14015644
2022-12-23,AAPL,138.17,138.17,137.27,137.42,11194596
2022-12-26,AAPL,137.38,138.48,137.38,138.18,3608008
2022-12-27,AAPL,137.71,137.71,136.39,136.8,7287312
2022-12-28,AAPL,138.04,138.04,135.81,136.26,1687838
2022-12-29,AAPL,137.17,138.63,137.17,137.77,2859613
2022-12-30,AAPL,137.84,137.84,133.23,133.59,5124028
2023-01-02,AAPL,133.97,134.93,133.84,134.08,14988492
2023-01-03,AAPL,133.78,133.78,132.31,132.37,3219205
2023-01-04,AAPL,131.76,131.85,130.99,131.44,14531062
2023-01-05,AAPL,131.58,131.58,130.49,131.19,11080388
2023-01-06,AAPL,131.36,132.13,131.36,131.66,10065536
2023-01-09,AAPL,132.03,132.24,131.55,131.56,6706408
2023-01-10,AAPL,131.9,131.98,130.67,130.84,5945606
2023-01-11,AAPL,131.1,131.77,131.04,131.55,10708467
2023-01-12,AAPL,131.14,132.64,131.14,132.28,1088522
2023-01-13,AAPL,132.42,135.49,132.42,134.93,10393200
2023-01-16,AAPL,134.91,137.02,134.65,135.24,6862775
2023-01-17,AAPL,134.72,136.43,134.72,135.69,6662234
2023-01-18,AAPL,135.55,136.49,135.55,136.27,1004053
2023-01-19,AAPL,135.89,135.89,132.66,132.66,3424476
2023-01-20,AAPL,132.53,134.67,132.53,134.15,8500157
2023-01-23,AAPL,134.27,134.27,133.91,134.03,4541297
2023-01-24,AAPL,133.19,136.1,133.19,135.3,3473043
2023-01-25,AAPL,136.17,136.17,134.83,135.76,6916650
2023-01-26,AAPL,135.28,135.28,134.27,134.82,8832827
2023-01-27,AAPL,135.6,137.02,134.97,135.17,10366250
2023-01-30,AAPL,135.68,137.42,135.68,137.18,12535050
2023-01-31,AAPL,137.01,140.0,137.01,139.87,2081287
2023-02-01,AAPL,139.44,141.18,139.44,141.02,1331727
2023-02-02,AAPL,141.64,141.64,140.72,140.96,3702743
2023-02-03,AAPL,140.17,140.17,139.53,139.57,14850189
2023-02-06,AAPL,138.71,140.98,138.71,139.65,8796367
2023-02-07,AAPL,140.22,140.22,134.43,134.49,13143342
2023-02-08,AAPL,134.29,135.66,134.29,135.11,5197703
2023-02-09,AAPL,135.59,135.59,135.2,135.21,3255767
2023-02-10,AAPL,134.93,134.93,132.72,133.11,5449623
2023-02-13,AAPL,133.1,133.1,132.81,133.05,7517777
2023-02-14,AAPL,132.98,134.9,132.18,133.39,9649908
2023-02-15,AAPL,133.06,135.26,133.06,134.37,9622091
2023-02-16,AAPL,134.15,134.15,133.06,133.48,14765397
2023-02-17,AAPL,132.85,133.96,131.93,133.14,9466329
2023-02-20,AAPL,132.79,132.79,130.43,131.45,3949693
2023-02-21,AAPL,131.64,131.64,127.59,128.33,10671061
2023-02-22,AAPL,128.31,128.31,126.14,126.84,2806540
2023-02-23,AAPL,126.5,128.76,126.5,128.21,8813336
2023-02-24,AAPL,127.39,127.89,126.51,127.76,9586500
2023-02-27,AAPL,127.47,128.2,126.56,127.46,4879271
2023-02-28,AAPL,127.76,128.14,126.8,127.17,13753068
2023-03-01,AAPL,126.75,128.53,126.75,127.99,3435441
2023-03-02,AAPL,128.07,131.41,128.07,131.35,13831255
2023-03-03,AAPL,131.14,131.14,128.63,129.27,14412735
2023-03-06,AAPL,129.02,130.55,129.02,130.22,7331662
2023-03-07,AAPL,130.43,131.09,130.43,130.7,9980234
2023-03-08,AAPL,131.25,132.11,131.0,131.11,11723349
2023-03-09,AAPL,130.71,132.97,130.71,132.04,1431218
2023-03-10,AAPL,132.18,132.34,131.15,131.95,4723317
2023-03-13,AAPL,131.96,132.61,131.25,131.29,5187608
2023-03-14,AAPL,130.84,135.47,130.84,134.67,9707614
2023-03-15,AAPL,134.91,134.91,133.39,133.89,11830797
2023-03-16,AAPL,133.06,133.06,132.13,132.2,8109529
2023-03-17,AAPL,132.03,132.35,131.55,132.17,3042230
2023-03-20,AAPL,132.7,133.35,131.62,132.52,5085374
2023-03-21,AAPL,133.02,134.68,133.02,134.47,13448982
2023-03-22,AAPL,134.28,134.28,132.71,133.05,6614484
2023-03-23,AAPL,133.39,133.39,130.98,132.04,8599661
2023-03-24,AAPL,131.68,133.01,131.68,132.68,2944972
2023-03-27,AAPL,132.85,133.68,131.6,132.48,3997106
2023-03-28,AAPL,132.44,134.6,132.44,133.87,7796068
2023-03-29,AAPL,133.91,133.91,129.7,131.0,2034622
2023-03-30,AAPL,131.29,132.58,131.29,132.01,5574988
2023-03-31,AAPL,132.07,132.77,132.05,132.46,14807829
2023-04-03,AAPL,132.38,132.38,130.54,130.75,6536545
2023-04-04,AAPL,130.54,130.54,126.9,128.59,716479
2023-04-05,AAPL,128.26,129.22,128.17,128.87,10496016
2023-04-06,AAPL,129.75,129.95,128.76,129.83,3672284
2023-04-07,AAPL,129.6,130.78,129.6,130.53,7032827
2023-04-10,AAPL,130.27,132.87,130.27,131.88,1705947
2023-04-11,AAPL,132.25,133.3,132.25,132.61,2192203
2023-04-12,AAPL,132.47,133.31,132.47,132.74,4265033
2023-04-13,AAPL,131.96,133.63,131.96,133.48,8537322
2023-04-14,AAPL,133.86,134.74,133.86,134.21,10061029
2023-04-17,AAPL,134.01,134.01,131.77,131.99,3682810
2023-04-18,AAPL,132.41,132.41,129.82,130.57,8632938
2023-04-19,AAPL,130.37,132.59,130.37,132.33,5125059
2023-04-20,AAPL,132.73,132.73,128.11,128.22,2614212
2023-04-21,AAPL,128.19,130.57,128.19,130.06,1775474
2023-04-24,AAPL,129.7,132.62,129.7,131.69,14683788
2023-04-25,AAPL,131.87,131.87,129.45,129.97,14872400
2023-04-26,AAPL,130.39,130.39,126.36,127.2,9794973
2023-04-27,AAPL,127.27,127.87,126.99,127.25,10888281
2023-04-28,AAPL,127.24,129.42,127.24,128.97,14589138
2023-05-01,AAPL,128.48,128.48,128.4,128.42,8160558
2023-05-02,AAPL,128.28,130.31,128.28,129.7,7045100
2023-05-03,AAPL,130.27,130.27,126.05,126.46,13476309
2023-05-04,AAPL,126.33,126.33,124.63,125.78,4391725
2023-05-05,AAPL,126.17,126.17,125.85,125.89,5495320
2023-05-08,AAPL,125.94,125.94,124.52,124.91,14761072
2023-05-09,AAPL,124.58,126.81,124.58,126.02,1255287
2023-05-10,AAPL,126.24,126.24,123.72,123.9,8869725
2023-05-11,AAPL,124.38,124.38,123.8,123.95,7006607
2023-05-12,AAPL,123.56,128.02,123.56,127.44,6714307
2023-05-15,AAPL,127.06,129.17,127.06,129.08,7467448
2023-05-16,AAPL,129.36,130.75,129.36,130.51,5250726
2023-05-17,AAPL,131.29,131.29,129.7,130.2,6372887
2023-05-18,AAPL,129.86,131.67,129.86,131.16,2088677
2023-05-19,AAPL,131.12,132.38,131.12,131.48,4936173
2023-05-22,AAPL,132.13,132.13,130.43,130.73,9999307
2023-05-23,AAPL,130.74,131.5,130.74,130.91,1401018
2023-05-24,AAPL,131.11,131.11,128.62,128.82,14855944
2023-05-25,AAPL,127.49,128.26,127.49,127.97,9936584
2023-05-26,AAPL,128.02,128.02,126.25,127.28,2534178
2023-05-29,AAPL,128.02,128.02,125.38,126.17,7610777
2023-05-30,AAPL,126.47,126.47,125.27,126.09,11267194
2023-05-31,AAPL,125.13,125.46,124.79,125.16,3077898
2023-06-01,AAPL,125.24,126.02,124.16,125.13,9308277
2023-06-02,AAPL,125.59,125.59,123.48,124.13,8544968
2023-06-05,AAPL,123.94,127.95,123.94,127.51,4588296
2023-06-06,AAPL,128.15,130.83,128.15,130.71,14875271
2023-06-07,AAPL,130.67,130.67,127.62,128.03,5713524
2023-06-08,AAPL,128.31,133.37,128.31,132.69,9667328
2023-06-09,AAPL,132.74,132.81,132.07,132.74,8336094
2023-06-12,AAPL,133.18,133.68,132.41,133.31,1080453
2023-06-13,AAPL,133.21,134.23,133.09,133.48,8232800
2023-06-14,AAPL,132.68,133.36,132.01,132.77,2622652
2023-06-15,AAPL,132.58,133.38,131.81,132.44,6367505
2023-06-16,AAPL,132.24,133.57,132.24,133.1,5688245
2023-06-19,AAPL,133.67,134.47,133.51,134.01,10776208
2023-06-20,AAPL,134.67,135.63,133.75,135.03,8945231
2023-06-21,AAPL,135.06,136.38,135.06,135.72,8190018
2023-06-22,AAPL,134.95,136.58,134.95,136.37,10037466
2023-06-23,AAPL,136.26,136.87,135.14,135.54,952244
2023-06-26,AAPL,135.96,136.62,135.96,136.14,1620357
2023-06-27,AAPL,136.66,136.66,134.52,135.06,9142989
2023-06-28,AAPL,134.63,141.07,134.63,140.36,2607396
2023-06-29,AAPL,141.11,141.22,139.11,140.26,3426048
2023-06-30,AAPL,139.5,139.5,137.38,138.2,3677191
2023-07-03,AAPL,138.45,139.0,138.05,138.65,4690386
2023-07-04,AAPL,137.65,137.65,136.08,137.07,13987637
2023-07-05,AAPL,137.61,138.84,137.61,138.34,5922803
2023-07-06,AAPL,138.4,139.82,138.14,139.38,10473637
2023-07-07,AAPL,138.61,138.94,137.33,138.64,2815327
2023-07-10,AAPL,138.83,138.83,136.85,137.04,2869540
2023-07-11,AAPL,137.92,137.92,134.94,135.55,5343987
2023-07-12,AAPL,135.6,135.6,132.58,134.14,953520
2023-07-13,AAPL,134.44,137.03,134.44,136.55,2423088
2023-07-14,AAPL,137.13,137.13,134.7,135.35,9866847
2023-07-17,AAPL,135.19,139.05,135.19,137.86,5827944
2023-07-18,AAPL,138.1,139.75,138.1,139.09,11109255
2023-07-19,AAPL,139.47,139.47,138.14,138.85,527397
2023-07-20,AAPL,138.09,138.09,135.24,135.69,11212011
2023-07-21,AAPL,136.48,136.48,134.66,134.68,7947560
2023-07-24,AAPL,134.86,134.86,133.06,133.41,11338835
2023-07-25,AAPL,133.94,134.3,133.02,134.11,9658716
2023-07-26,AAPL,134.65,136.02,134.65,135.44,2105075
2023-07-27,AAPL,134.46,135.93,134.46,135.8,5888827
2023-07-28,AAPL,136.05,136.05,133.84,134.76,9672282
2023-07-31,AAPL,135.25,135.25,134.58,134.77,10053539
2023-08-01,AAPL,133.83,134.5,133.83,134.5,14983516
2023-08-02,AAPL,134.26,134.74,134.26,134.46,9579619
2023-08-03,AAPL,135.43,137.83,135.43,137.62,6475520
2023-08-04,AAPL,138.5,138.5,136.76,136.77,5010615
2023-08-07,AAPL,136.8,137.37,136.8,137.33,4940763
2023-08-08,AAPL,137.2,138.87,137.2,138.86,13136960
2023-08-09,AAPL,139.05,141.41,139.05,140.96,11896518
2023-08-10,AAPL,140.82,144.39,140.82,143.6,7499899
2023-08-11,AAPL,142.76,144.3,142.22,143.19,3294771
2023-08-14,AAPL,143.42,143.42,141.4,141.83,2488398
2023-08-15,AAPL,142.43,143.69,141.67,142.88,3373595
2023-08-16,AAPL,142.88,142.9,141.5,142.4,7072642
2023-08-17,AAPL,141.84,145.53,141.84,144.43,4819185
2023-08-18,AAPL,144.15,145.91,144.15,145.37,8879095
2023-08-21,AAPL,145.87,148.96,145.87,147.8,4705693
2023-08-22,AAPL,147.16,148.26,146.73,147.4,3822541
2023-08-23,AAPL,147.04,147.89,146.94,147.39,10100279
2023-08-24,AAPL,146.59,148.33,146.0,147.62,4392649
2023-08-25,AAPL,147.26,147.26,145.1,145.76,3032918
2023-08-28,AAPL,146.01,146.01,144.56,144.78,10434334
2023-08-29,AAPL,145.39,145.39,142.49,142.53,7767881
2023-08-30,AAPL,143.2,143.2,141.35,141.38,8388746
2023-08-31,AAPL,140.85,141.68,139.9,141.09,6076178
2023-09-01,AAPL,141.74,141.74,138.68,139.92,6466371
2023-09-04,AAPL,139.39,141.87,139.39,141.49,6687582
2023-09-05,AAPL,141.9,141.97,140.98,141.31,7773315
2023-09-06,AAPL,141.06,142.62,141.06,141.99,7387463
2023-09-07,AAPL,141.45,143.12,141.45,142.86,8487572
2023-09-08,AAPL,143.2,144.62,143.2,144.0,6722700
2023-09-11,AAPL,144.42,144.42,142.17,143.14,1716909
2023-09-12,AAPL,142.77,146.97,142.77,146.48,12616682
2023-09-13,AAPL,146.19,147.74,145.94,146.09,5462182
2023-09-14,AAPL,146.47,147.19,146.35,146.77,11155319
2023-09-15,AAPL,146.19,146.19,143.92,145.47,6574962
2023-09-18,AAPL,144.83,146.32,144.83,145.66,10196074
2023-09-19,AAPL,145.66,146.31,145.66,146.02,4380435
2023-09-20,AAPL,145.8,149.46,145.8,148.36,9529353
2023-09-21,AAPL,148.79,148.79,146.69,147.7,3241002
2023-09-22,AAPL,148.15,149.42,148.15,148.96,5725536
2023-09-25,AAPL,149.08,149.74,148.41,148.74,4719909
2023-09-26,AAPL,148.71,149.24,148.29,148.73,8161326
2023-09-27,AAPL,148.25,149.34,148.25,149.08,8946738
2023-09-28,AAPL,149.28,151.03,149.28,150.15,13098319
2023-09-29,AAPL,151.06,152.17,151.06,151.3,12671847
2023-10-02,AAPL,151.69,153.4,151.69,153.15,13079932
2023-10-03,AAPL,153.06,153.33,152.46,152.92,2016943
2023-10-04,AAPL,152.18,153.8,152.18,153.44,13434572
2023-10-05,AAPL,152.71,158.36,152.71,156.49,9075927
2023-10-06,AAPL,156.42,158.52,156.42,157.51,1278872
2023-10-09,AAPL,156.62,158.6,156.62,157.94,11760627
2023-10-10,AAPL,157.67,160.2,157.67,160.14,1335540
2023-10-11,AAPL,160.42,160.42,158.28,158.58,3755688
2023-10-12,AAPL,158.25,158.25,156.51,156.63,14952971
2023-10-13,AAPL,156.67,158.31,156.67,158.17,11663169
2023-10-16,AAPL,158.35,160.31,158.35,160.0,9932444
2023-10-17,AAPL,159.81,160.26,159.48,159.71,7589238
2023-10-18,AAPL,159.66,162.84,159.66,162.34,14308303
2023-10-19,AAPL,162.48,162.48,159.87,159.95,5749592
2023-10-20,AAPL,160.79,162.32,160.79,161.78,10360882
2023-10-23,AAPL,161.72,163.65,161.72,163.34,5329384
2023-10-24,AAPL,163.73,166.34,163.73,164.34,11416844
2023-10-25,AAPL,164.57,164.57,160.13,161.08,5487650
2023-10-26,AAPL,162.19,164.42,162.19,163.03,11297366
2023-10-27,AAPL,163.58,163.58,157.07,159.19,2785317
2023-10-30,AAPL,159.39,159.39,153.91,154.76,13199746
2023-10-31,AAPL,155.15,156.22,154.52,155.91,6051770
2023-11-01,AAPL,155.43,159.59,155.43,158.08,14935129
2023-11-02,AAPL,157.27,157.27,154.83,155.13,14981147
2023-11-03,AAPL,154.04,156.72,154.04,156.31,7213886
2023-11-06,AAPL,156.52,156.52,155.62,155.75,8023367
2023-11-07,AAPL,155.69,155.69,154.57,155.31,10064060
2023-11-08,AAPL,155.61,156.11,155.48,155.97,11696454
2023-11-09,AAPL,155.78,156.77,155.78,156.75,12540029
2023-11-10,AAPL,156.88,157.09,155.57,155.86,4106228
2023-11-13,AAPL,155.37,156.34,154.65,154.93,4853597
2023-11-14,AAPL,155.69,155.69,152.02,153.14,7693769
2023-11-15,AAPL,152.99,152.99,151.3,151.56,2796998
2023-11-16,AAPL,151.69,154.72,151.69,154.23,9515898
2023-11-17,AAPL,154.87,154.87,152.96,153.16,8467282
2023-11-20,AAPL,153.29,154.34,153.29,154.32,9827467
2023-11-21,AAPL,154.81,155.31,154.59,155.18,8727395
2023-11-22,AAPL,154.34,154.34,147.57,149.41,1951840
2023-11-23,AAPL,149.67,149.79,148.71,149.46,843612
2023-11-24,AAPL,151.17,151.17,149.78,149.79,8767106
2023-11-27,AAPL,150.41,151.44,149.81,150.2,944671
2023-11-28,AAPL,150.94,150.94,147.83,147.86,9301361
2023-11-29,AAPL,148.21,148.63,147.0,147.32,9738071
2023-11-30,AAPL,147.92,147.92,143.7,144.23,14749866
2023-12-01,AAPL,143.28,145.78,143.28,145.42,4574682
2023-12-04,AAPL,145.62,145.62,142.77,142.86,11253971
2023-12-05,AAPL,142.98,145.63,142.98,144.83,12720053
2023-12-06,AAPL,143.05,143.54,143.05,143.41,2562021
2023-12-07,AAPL,143.23,144.86,143.11,144.44,12691282
2023-12-08,AAPL,144.39,145.07,143.58,144.73,8602118
2023-12-11,AAPL,145.31,147.29,145.31,146.88,9713724
2023-12-12,AAPL,146.97,151.64,146.97,151.41,8589058
2023-12-13,AAPL,150.77,150.77,149.27,150.38,9121500
2023-12-14,AAPL,150.67,150.67,148.24,149.51,5008614
2023-12-15,AAPL,149.53,149.53,147.46,148.26,8641656
2023-12-18,AAPL,148.47,148.47,146.83,147.54,9160542
2023-12-19,AAPL,147.75,147.75,146.61,147.15,4115368
2023-12-20,AAPL,147.75,147.75,145.89,146.38,12085221
2023-12-21,AAPL,146.09,146.45,145.67,145.78,2642064
2023-12-22,AAPL,146.08,146.08,143.75,144.07,3965031
2023-12-25,AAPL,143.93,145.75,143.93,145.46,7108240
2023-12-26,AAPL,144.76,146.52,144.76,146.28,12971595
2023-12-27,AAPL,146.79,147.31,145.63,145.98,709304
2023-12-28,AAPL,145.4,150.75,145.4,150.47,9291628
2023-12-29,AAPL,149.4,151.48,149.4,150.9,12088637
2024-01-01,AAPL,150.12,153.2,150.12,152.63,12610200
2024-01-02,AAPL,153.42,153.42,151.83,152.18,2823950
2024-01-03,AAPL,152.49,154.29,152.49,153.58,6351450
2024-01-04,AAPL,152.78,156.3,152.78,155.5,5981219
2024-01-05,AAPL,155.49,155.49,153.42,153.99,11588395
2024-01-08,AAPL,153.42,157.39,153.42,156.49,8919826
2024-01-09,AAPL,156.32,157.91,156.21,157.46,14738269
2024-01-10,AAPL,158.84,159.92,158.25,158.39,12885135
2024-01-11,AAPL,159.02,159.02,157.81,158.79,14866131
2024-01-12,AAPL,159.44,159.44,156.74,157.62,2767976
2024-01-15,AAPL,158.06,158.06,156.95,157.0,2028873
2024-01-16,AAPL,156.87,159.25,156.87,157.75,13130744
2024-01-17,AAPL,158.43,160.69,157.86,159.39,5830537
2024-01-18,AAPL,159.64,159.64,157.76,159.04,13211530
2024-01-19,AAPL,158.94,160.01,158.94,159.97,12493712
2024-01-22,AAPL,159.47,163.52,159.47,163.33,6194902
2024-01-23,AAPL,163.45,165.88,163.45,164.8,5783934
2024-01-24,AAPL,164.83,164.98,164.31,164.56,1054268
2024-01-25,AAPL,164.42,165.26,164.42,164.9,12526172
2024-01-26,AAPL,164.33,171.31,164.33,170.33,5320019
2024-01-29,AAPL,170.43,170.92,169.7,170.19,903379
2024-01-30,AAPL,169.21,169.21,168.82,168.84,3153339
2024-01-31,AAPL,168.99,168.99,165.94,166.55,2196577
2024-02-01,AAPL,164.89,164.89,162.43,162.94,8804209
2024-02-02,AAPL,162.42,166.85,162.42,165.4,1240559
2024-02-05,AAPL,164.33,173.71,164.33,171.84,2188968
2024-02-06,AAPL,171.27,172.96,171.27,172.79,11321350
2024-02-07,AAPL,171.91,171.91,169.52,169.85,3367623
2024-02-08,AAPL,170.6,173.23,170.6,173.17,9440397
2024-02-09,AAPL,173.44,173.44,171.8,173.06,1730148
2024-02-12,AAPL,173.88,173.88,173.46,173.5,7227723
2024-02-13,AAPL,172.62,173.21,172.29,172.75,506045
2024-02-14,AAPL,173.18,173.18,171.09,171.26,1055110
2024-02-15,AAPL,171.37,172.63,171.37,172.5,2191365
2024-02-16,AAPL,172.65,173.29,170.78,171.54,13088592
2024-02-19,AAPL,172.54,172.54,169.44,169.62,3156118
2024-02-20,AAPL,169.59,171.23,169.59,170.1,11109115
2024-02-21,AAPL,169.49,173.86,169.49,171.41,5232191
2024-02-22,AAPL,170.39,170.39,168.22,168.55,8449185
2024-02-23,AAPL,167.96,170.2,167.96,170.16,7043567
2024-02-26,AAPL,170.06,173.58,170.06,172.33,12810472
2024-02-27,AAPL,171.5,171.5,168.37,168.86,9959511
2024-02-28,AAPL,169.38,170.01,169.38,169.94,3763928
2024-02-29,AAPL,170.18,172.04,169.54,170.72,14864059
2024-03-01,AAPL,171.05,171.05,169.92,170.17,10439010
2024-03-04,AAPL,169.34,173.54,169.34,171.78,3377102
2024-03-05,AAPL,172.32,172.32,169.03,169.08,8273048
2024-03-06,AAPL,168.83,170.96,168.83,170.83,7546557
2024-03-07,AAPL,171.23,171.23,168.37,168.44,4683416
2024-03-08,AAPL,168.13,168.13,165.51,166.39,2633876
2024-03-11,AAPL,167.37,167.37,164.32,164.71,4503015
2024-03-12,AAPL,164.14,166.63,164.14,166.05,2753295
2024-03-13,AAPL,166.23,166.23,163.33,163.96,8711889
2024-03-14,AAPL,165.17,165.17,158.24,158.92,7891363
2024-03-15,AAPL,159.13,159.13,154.57,156.22,12389412
2024-03-18,AAPL,156.62,156.62,153.7,154.27,3771959
2024-03-19,AAPL,153.56,158.21,153.56,157.69,6682046
2024-03-20,AAPL,158.25,158.25,156.01,156.77,1039487
2024-03-21,AAPL,156.59,156.59,155.22,155.25,3168675
2024-03-22,AAPL,155.35,155.56,154.04,154.27,3468439
2024-03-25,AAPL,153.87,155.65,152.88,153.84,1884767
2024-03-26,AAPL,154.09,154.09,152.99,153.51,13331277
2024-03-27,AAPL,153.24,157.23,153.24,156.25,2947250
2024-03-28,AAPL,156.1,160.83,156.1,160.06,907015
2024-03-29,AAPL,160.34,160.68,158.97,159.57,3275133
2024-04-01,AAPL,159.67,160.58,159.67,160.42,11373871
2024-04-02,AAPL,160.41,163.35,160.41,162.2,3556598
2024-04-03,AAPL,163.18,163.18,157.11,158.21,14544044
2024-04-04,AAPL,158.75,160.44,158.75,158.95,5084066
2024-04-05,AAPL,159.68,159.68,156.46,158.03,12165168
2024-04-08,AAPL,157.91,157.91,155.99,156.87,6982880
2024-04-09,AAPL,156.29,162.16,156.29,160.88,12804924
2024-04-10,AAPL,160.92,163.07,160.92,162.85,1455812
2024-04-11,AAPL,161.29,166.51,161.29,166.07,8206740
2024-04-12,AAPL,164.97,167.66,164.95,166.0,5934170
2024-04-15,AAPL,165.55,165.55,163.48,163.68,3172162
2024-04-16,AAPL,163.7,165.86,162.96,163.81,4344730
2024-04-17,AAPL,162.95,162.95,159.28,160.06,6697647
2024-04-18,AAPL,159.93,160.61,159.24,160.56,13219831
2024-04-19,AAPL,160.3,163.31,160.3,162.27,9749894
2024-04-22,AAPL,161.84,162.73,161.64,162.07,1988333
2024-04-23,AAPL,161.96,165.69,161.96,165.03,7865504
2024-04-24,AAPL,164.57,166.27,163.86,164.97,3902444
2024-04-25,AAPL,165.56,165.56,162.86,163.81,3482172
2024-04-26,AAPL,163.8,164.89,163.8,164.29,4159551
2024-04-29,AAPL,164.1,166.69,164.1,166.13,4725157
2024-04-30,AAPL,165.96,166.85,165.96,166.24,2577241
2024-05-01,AAPL,166.25,168.63,166.25,168.09,2361483
2024-05-02,AAPL,168.0,169.98,168.0,169.9,7171558
2024-05-03,AAPL,169.58,170.69,168.78,169.62,12001376
2024-05-06,AAPL,170.37,172.03,170.37,172.0,2208613
2024-05-07,AAPL,173.12,175.38,173.12,174.66,11001517
2024-05-08,AAPL,175.29,175.46,174.63,175.24,8046341
2024-05-09,AAPL,175.24,176.55,174.79,175.77,8247145
2024-05-10,AAPL,176.07,176.07,173.02,173.49,6493382
2024-05-13,AAPL,173.75,173.75,171.26,172.21,11851436
2024-05-14,AAPL,172.44,174.68,172.44,174.61,5091188
2024-05-15,AAPL,174.54,178.43,174.54,175.81,2081804
2024-05-16,AAPL,174.44,178.85,174.44,177.45,10640852
2024-05-17,AAPL,177.63,183.54,177.63,182.99,13707838
2024-05-20,AAPL,183.04,183.04,179.43,180.26,2135041
2024-05-21,AAPL,179.89,180.42,179.06,179.15,4782045
2024-05-22,AAPL,179.22,179.22,175.69,176.76,1826887
2024-05-23,AAPL,176.6,176.96,175.03,175.64,10836639
2024-05-24,AAPL,174.52,174.52,171.69,173.43,12085534
2024-05-27,AAPL,174.2,177.36,174.2,176.13,6322041
2024-05-28,AAPL,177.37,177.37,174.88,176.37,10574390
2024-05-29,AAPL,175.5,176.09,174.49,175.31,11481906
2024-05-30,AAPL,175.49,175.49,174.43,174.85,4426730
2024-05-31,AAPL,175.0,175.03,173.82,174.67,14871047
2024-06-03,AAPL,173.55,177.89,173.55,177.75,3161972
2024-06-04,AAPL,178.56,178.56,172.77,173.91,5924315
2024-06-05,AAPL,174.3,174.3,173.34,174.04,4130582
2024-06-06,AAPL,173.89,173.89,171.76,172.05,1176380
2024-06-07,AAPL,171.55,173.45,171.55,173.45,9733750
2024-06-10,AAPL,173.95,173.95,172.15,172.31,11108897
2024-06-11,AAPL,172.98,174.85,172.98,173.9,2584641
2024-06-12,AAPL,173.57,174.91,173.57,174.69,14992596
2024-06-13,AAPL,174.1,175.47,173.2,174.04,7769127
2024-06-14,AAPL,174.11,177.19,174.11,175.41,7005957
2024-06-17,AAPL,175.84,175.84,172.61,174.09,10895202
2024-06-18,AAPL,174.54,174.54,173.29,174.04,8010880
2024-06-19,AAPL,174.97,174.97,169.95,171.66,1722023
2024-06-20,AAPL,170.8,170.97,170.57,170.63,12678177
2024-06-21,AAPL,170.47,171.49,169.91,171.48,7346814
2024-06-24,AAPL,172.15,172.15,168.36,168.94,5614648
2024-06-25,AAPL,168.83,168.83,165.96,167.07,4766855
2024-06-26,AAPL,166.68,166.68,165.36,166.26,10640029
2024-06-27,AAPL,166.08,169.9,166.08,169.84,5605916
2024-06-28,AAPL,171.0,171.0,167.73,167.84,12400668
2024-07-01,AAPL,166.23,167.74,166.23,167.72,5266400
2024-07-02,AAPL,167.03,168.88,166.91,167.68,7948629
2024-07-03,AAPL,167.8,170.46,167.8,170.25,8477923
2024-07-04,AAPL,170.8,173.75,170.8,173.46,752663
2024-07-05,AAPL,173.84,176.47,173.84,175.81,4916061
2024-07-08,AAPL,176.9,178.57,176.9,178.49,646546
2024-07-09,AAPL,179.43,182.04,179.43,182.04,14138475
2024-07-10,AAPL,182.02,183.08,182.02,182.8,4050860
2024-07-11,AAPL,182.55,182.55,181.18,181.41,8064260
2024-07-12,AAPL,181.91,185.15,181.91,184.29,8953706
2024-07-15,AAPL,184.39,185.63,183.94,184.54,7602721
2024-07-16,AAPL,184.65,188.48,184.65,187.84,2269693
2024-07-17,AAPL,187.81,187.81,184.87,185.65,1854422
2024-07-18,AAPL,185.21,185.21,184.32,184.51,1949343
2024-07-19,AAPL,184.14,185.35,183.25,183.83,4719990
2024-07-22,AAPL,184.5,184.52,183.16,183.84,8053339
2024-07-23,AAPL,183.92,183.95,182.95,182.99,12468771
2024-07-24,AAPL,184.46,184.46,182.58,182.97,12818986
2024-07-25,AAPL,183.47,187.09,183.3,185.79,9762533
2024-07-26,AAPL,185.36,188.54,185.36,188.04,7895234
2024-07-29,AAPL,188.32,189.6,188.32,189.01,2558081
2024-07-30,AAPL,188.41,188.41,183.7,184.72,13371810
2024-07-31,AAPL,185.22,185.9,184.76,185.71,9039477
2024-08-01,AAPL,186.32,187.33,186.15,187.14,7040477
2024-08-02,AAPL,186.94,189.21,185.94,188.06,8795818
2024-08-05,AAPL,189.01,192.17,189.01,190.73,8571712
2024-08-06,AAPL,190.52,190.52,187.92,188.13,8964860
2024-08-07,AAPL,187.84,190.29,187.84,189.67,9286670
2024-08-08,AAPL,187.74,189.69,187.74,189.66,6383001
2024-08-09,AAPL,189.57,190.73,189.51,189.75,12688358
2024-08-12,AAPL,189.58,189.58,187.76,188.32,5141842
2024-08-13,AAPL,188.64,188.64,186.45,188.03,1001289
2024-08-14,AAPL,188.82,188.82,186.55,187.08,9380202
2024-08-15,AAPL,187.93,187.93,185.69,186.32,14666592
2024-08-16,AAPL,186.27,190.77,186.27,189.72,14415959
2024-08-19,AAPL,188.39,188.39,185.36,185.79,1875499
2024-08-20,AAPL,185.7,185.7,184.5,184.87,9196122
2024-08-21,AAPL,184.9,187.07,184.9,186.82,13694668
2024-08-22,AAPL,187.64,189.3,187.04,187.75,9114665
2024-08-23,AAPL,187.07,187.07,186.52,186.65,13693107
2024-08-26,AAPL,187.08,190.36,187.08,189.56,1781354
2024-08-27,AAPL,189.52,192.5,189.52,191.27,8953335
2024-08-28,AAPL,190.53,193.36,190.46,192.78,4533326
2024-08-29,AAPL,192.83,194.56,192.46,193.0,6019612
2024-08-30,AAPL,192.91,194.03,192.46,193.01,3997922
2024-09-02,AAPL,192.93,196.74,192.93,196.37,12770782
2024-09-03,AAPL,195.91,197.89,195.91,197.65,14303775
2024-09-04,AAPL,197.7,197.7,195.62,196.88,2792475
2024-09-05,AAPL,197.41,197.41,196.34,196.53,10372663
2024-09-06,AAPL,195.79,198.14,195.79,197.91,6653296
2024-09-09,AAPL,197.98,197.98,195.84,196.58,8991002
2024-09-10,AAPL,195.99,195.99,192.3,192.74,3256339
2024-09-11,AAPL,192.46,192.46,189.03,190.29,11164095
2024-09-12,AAPL,191.96,194.49,190.99,192.81,717146
2024-09-13,AAPL,192.63,192.63,185.98,186.63,13771751
2024-09-16,AAPL,186.51,188.62,186.51,188.52,2853736
2024-09-17,AAPL,189.87,190.84,188.26,189.76,4206496
2024-09-18,AAPL,190.97,190.97,189.02,189.52,9217662
2024-09-19,AAPL,189.25,192.31,189.25,190.92,5281178
2024-09-20,AAPL,191.94,191.94,186.07,187.05,2522883
2024-09-23,AAPL,186.22,191.44,186.22,191.21,1768094
2024-09-24,AAPL,190.89,191.14,189.88,190.14,5208971
2024-09-25,AAPL,191.33,191.33,188.76,189.48,5132225
2024-09-26,AAPL,189.14,194.17,189.14,193.23,6849601
2024-09-27,AAPL,194.06,194.06,191.12,192.51,13220946
2024-09-30,AAPL,191.71,193.73,191.71,193.01,9956589
2024-10-01,AAPL,192.98,192.98,190.31,192.07,4519211
2024-10-02,AAPL,192.39,195.28,192.39,194.74,9524001
2024-10-03,AAPL,196.02,196.02,189.2,189.4,8052640
2024-10-04,AAPL,188.46,191.65,188.46,191.56,14238370
2024-10-07,AAPL,192.26,193.63,191.35,193.01,12217032
2024-10-08,AAPL,192.47,192.47,189.41,190.76,14816432
2024-10-09,AAPL,190.55,194.71,190.55,194.22,10685905
2024-10-10,AAPL,194.12,194.61,193.62,194.27,9121246
2024-10-11,AAPL,194.61,194.61,192.42,192.48,2067410
2024-10-14,AAPL,193.09,193.09,188.36,189.77,4980058
2024-10-15,AAPL,189.52,189.52,187.71,188.96,13288400
2024-10-16,AAPL,188.01,193.32,188.01,193.28,8670307
2024-10-17,AAPL,193.1,196.49,193.1,194.56,12837080
2024-10-18,AAPL,193.69,197.89,193.69,197.16,10991255
2024-10-21,AAPL,196.35,202.04,196.35,200.93,973491
2024-10-22,AAPL,200.46,201.19,198.43,200.12,7419695
2024-10-23,AAPL,199.85,199.85,196.01,196.71,10166928
2024-10-24,AAPL,196.46,196.46,193.28,195.08,1890523
2024-10-25,AAPL,194.75,197.53,194.63,196.06,4766046
2024-10-28,AAPL,195.74,196.42,195.22,195.85,8637654
2024-10-29,AAPL,195.57,199.22,195.57,198.49,6118435
2024-10-30,AAPL,198.67,198.67,196.45,197.47,11613518
2024-10-31,AAPL,197.57,198.17,197.57,197.66,11566179
2024-11-01,AAPL,198.41,198.41,195.21,197.43,13650850
2024-11-04,AAPL,195.61,199.27,195.61,198.16,1795211
2024-11-05,AAPL,198.81,198.81,194.76,194.96,13572827
2024-11-06,AAPL,195.2,195.2,192.36,192.37,8300681
2024-11-07,AAPL,191.83,195.74,191.83,195.64,1567372
2024-11-08,AAPL,196.09,197.52,196.09,197.46,1004435
2024-11-11,AAPL,198.34,198.34,190.07,191.24,8523913
2024-11-12,AAPL,190.95,195.66,190.95,195.64,12254060
2024-11-13,AAPL,195.98,195.98,191.28,193.36,513852
2024-11-14,AAPL,193.41,194.61,191.97,193.41,3706868
2024-11-15,AAPL,192.41,195.15,192.41,194.6,13935521
2024-11-18,AAPL,194.46,197.32,194.46,197.22,7534573
2024-11-19,AAPL,196.87,196.87,193.61,194.43,4729477
2024-11-20,AAPL,194.27,194.62,192.92,194.51,14196618
2024-11-21,AAPL,194.42,194.42,193.55,193.7,8968318
2024-11-22,AAPL,192.97,192.97,190.47,191.39,8071632
2024-11-25,AAPL,190.8,190.8,188.21,188.29,14237063
2024-11-26,AAPL,187.3,189.66,187.3,188.57,7057679
2024-11-27,AAPL,188.01,192.4,188.01,191.72,14905252
2024-11-28,AAPL,191.76,194.5,191.76,193.55,2942498
2024-11-29,AAPL,195.03,195.64,194.45,195.09,11312443
2024-12-02,AAPL,194.79,194.79,191.13,191.35,1012145
2024-12-03,AAPL,191.21,191.21,187.14,188.43,4320594
2024-12-04,AAPL,187.52,190.9,187.52,190.87,12062634
2024-12-05,AAPL,191.43,191.43,187.94,189.21,4422534
2024-12-06,AAPL,188.92,189.72,188.24,189.55,1408701
2024-12-09,AAPL,188.99,188.99,188.3,188.38,8204556
2024-12-10,AAPL,188.47,188.47,183.57,183.88,4730335
2024-12-11,AAPL,184.39,188.96,184.39,188.27,14355154
2024-12-12,AAPL,188.75,193.92,188.75,192.21,6759201
2024-12-13,AAPL,191.71,192.5,191.62,192.19,10151013
2024-12-16,AAPL,192.04,194.0,190.24,191.83,9234426
2024-12-17,AAPL,190.97,195.54,190.97,195.26,6619279
2024-12-18,AAPL,196.26,202.01,196.26,200.96,4949246
2024-12-19,AAPL,201.36,201.73,198.55,200.34,9212922
2024-12-20,AAPL,201.5,203.61,200.17,201.7,7039275
2024-12-23,AAPL,201.99,201.99,199.65,200.7,3299706
2024-12-24,AAPL,199.82,199.82,197.47,198.1,10044105
2024-12-25,AAPL,198.6,199.25,198.6,198.98,3353588
2024-12-26,AAPL,199.03,201.94,199.03,201.64,5728046
2024-12-27,AAPL,201.49,201.49,197.51,198.19,2174545
2024-12-30,AAPL,197.06,197.13,194.95,196.46,1050698
2024-12-31,AAPL,196.18,197.49,195.55,196.12,6340528
2022-01-03,MSFT,336.63,336.63,332.75,333.72,6146029
2022-01-04,MSFT,335.06,335.06,330.74,330.92,12041635
2022-01-05,MSFT,332.55,332.55,328.84,328.9,13194791
2022-01-06,MSFT,328.71,330.16,328.71,329.78,9294334
2022-01-07,MSFT,329.28,336.16,329.28,336.04,14697257
2022-01-10,MSFT,334.61,339.49,334.61,338.26,9220817
2022-01-11,MSFT,340.52,340.62,335.7,338.91,2793431
2022-01-12,MSFT,339.21,340.46,338.52,339.6,8094841
2022-01-13,MSFT,340.19,344.28,340.19,343.5,1887830
2022-01-14,MSFT,342.85,349.83,342.85,347.08,3719929
2022-01-17,MSFT,346.29,353.0,346.29,352.96,14321387
2022-01-18,MSFT,354.05,354.6,351.47,352.15,8751105
2022-01-19,MSFT,352.41,352.41,343.32,343.94,14604881
2022-01-20,MSFT,341.36,342.81,340.95,342.73,9213793
2022-01-21,MSFT,343.11,345.63,343.11,345.13,13508560
2022-01-24,MSFT,346.11,349.45,346.11,349.24,10820182
2022-01-25,MSFT,350.21,350.21,348.11,349.08,5242761
2022-01-26,MSFT,348.45,348.45,343.98,345.24,9619189
2022-01-27,MSFT,345.19,348.56,344.67,346.67,1682878
2022-01-28,MSFT,347.32,350.19,346.25,348.29,6190044
2022-01-31,MSFT,348.77,352.7,348.77,352.41,3071100
2022-02-01,MSFT,353.57,355.72,353.32,354.85,13746368
2022-02-02,MSFT,354.71,359.87,354.71,359.58,8282808
2022-02-03,MSFT,360.3,360.3,353.03,355.23,9869597
2022-02-04,MSFT,355.17,358.64,355.17,356.06,13943448
2022-02-07,MSFT,355.43,355.95,353.5,354.7,7418344
2022-02-08,MSFT,354.21,355.18,354.21,354.95,2290486
2022-02-09,MSFT,358.81,366.16,358.81,364.92,6336353
2022-02-10,MSFT,363.83,369.02,363.83,366.8,11047217
2022-02-11,MSFT,367.48,367.48,363.54,366.13,1034347
2022-02-14,MSFT,366.87,370.94,366.87,370.23,8995069
2022-02-15,MSFT,370.49,373.9,369.57,370.96,3567376
2022-02-16,MSFT,370.85,372.4,370.13,372.17,10181300
2022-02-17,MSFT,373.12,373.12,370.62,370.66,13577791
2022-02-18,MSFT,372.85,373.82,371.3,373.55,8661469
2022-02-21,MSFT,375.45,375.45,372.6,373.4,4332585
2022-02-22,MSFT,374.16,380.02,374.16,379.28,4368182
2022-02-23,MSFT,379.6,379.6,377.94,378.68,2548262
2022-02-24,MSFT,379.56,380.72,378.68,379.72,14355961
2022-02-25,MSFT,380.99,380.99,375.73,377.51,2956888
2022-02-28,MSFT,376.8,376.8,371.62,373.68,10062070
2022-03-01,MSFT,374.59,374.59,368.33,369.71,2615451
2022-03-02,MSFT,368.71,372.2,368.71,372.08,8136168
2022-03-03,MSFT,371.71,376.54,371.71,375.39,2226388
2022-03-04,MSFT,374.21,374.21,370.24,370.92,3806619
2022-03-07,MSFT,369.85,369.85,364.59,364.73,11205624
2022-03-08,MSFT,364.51,367.63,364.51,367.52,3711247
2022-03-09,MSFT,366.38,370.21,366.38,368.17,8360202
2022-03-10,MSFT,366.8,372.62,366.8,372.07,2825906
2022-03-11,MSFT,372.12,375.74,371.07,373.81,9127418
2022-03-14,MSFT,372.65,382.04,372.65,381.56,2353267
2022-03-15,MSFT,379.9,379.9,371.16,371.92,4599885
2022-03-16,MSFT,370.73,375.34,370.73,373.85,8834902
2022-03-17,MSFT,373.47,373.47,369.9,370.07,9894393
2022-03-18,MSFT,368.8,378.26,368.8,377.07,6129125
2022-03-21,MSFT,377.76,384.07,377.76,382.16,13260811
2022-03-22,MSFT,384.51,385.04,383.08,384.13,9753980
2022-03-23,MSFT,384.71,387.85,384.22,386.71,5055415
2022-03-24,MSFT,386.39,386.39,378.94,382.58,8384494
2022-03-25,MSFT,384.16,389.24,384.16,387.62,7490605
2022-03-28,MSFT,387.11,390.66,387.07,388.0,4487721
2022-03-29,MSFT,386.91,387.39,382.59,385.6,9172160
2022-03-30,MSFT,385.95,385.95,383.52,384.98,5653213
2022-03-31,MSFT,385.19,385.19,384.01,384.13,6656062
2022-04-01,MSFT,384.07,384.07,381.59,381.79,7298098
2022-04-04,MSFT,381.44,386.41,381.44,383.34,2830569
2022-04-05,MSFT,383.57,383.57,379.89,379.93,7314187
2022-04-06,MSFT,378.75,382.08,378.75,380.05,848731
2022-04-07,MSFT,381.89,383.35,377.2,379.08,11363705
2022-04-08,MSFT,378.51,387.12,378.51,384.77,9512017
2022-04-11,MSFT,387.94,387.94,380.46,380.57,7267686
2022-04-12,MSFT,382.7,389.29,382.7,389.02,10250333
2022-04-13,MSFT,387.44,387.44,383.09,384.84,8791593
2022-04-14,MSFT,382.48,384.29,382.48,384.2,11817443
2022-04-15,MSFT,384.99,390.43,384.99,389.83,11099807
2022-04-18,MSFT,390.09,393.21,389.48,389.57,14442232
2022-04-19,MSFT,387.85,387.85,384.73,385.34,7427032
2022-04-20,MSFT,386.91,386.91,382.36,383.14,8486422
2022-04-21,MSFT,383.73,383.73,382.42,383.16,9668632
2022-04-22,MSFT,381.41,387.25,381.41,386.08,3706840
2022-04-25,MSFT,384.73,384.73,381.33,382.55,2299565
2022-04-26,MSFT,381.55,381.55,376.96,377.08,2244532
2022-04-27,MSFT,376.88,378.32,375.78,377.6,2395666
2022-04-28,MSFT,376.06,380.96,376.06,378.63,14273882
2022-04-29,MSFT,376.95,379.61,376.95,378.37,2548232
2022-05-02,MSFT,377.41,377.41,366.93,368.4,4248800
2022-05-03,MSFT,366.6,368.95,366.14,368.65,5183526
2022-05-04,MSFT,367.94,380.67,367.94,380.21,6871042
2022-05-05,MSFT,379.07,379.07,367.51,368.82,7956065
2022-05-06,MSFT,368.54,375.62,368.54,372.75,6364492
2022-05-09,MSFT,373.01,373.01,367.8,369.85,2527184
2022-05-10,MSFT,368.09,372.6,368.09,372.27,1445174
2022-05-11,MSFT,373.56,375.02,373.56,374.48,5434608
2022-05-12,MSFT,373.26,382.64,373.26,380.23,4759814
2022-05-13,MSFT,379.29,379.29,371.09,371.27,5458964
2022-05-16,MSFT,369.91,369.91,367.09,367.94,1300773
2022-05-17,MSFT,369.46,369.46,367.34,367.68,5734438
2022-05-18,MSFT,368.61,371.68,366.11,367.9,2186742
2022-05-19,MSFT,369.68,369.68,361.27,361.81,9318983
2022-05-20,MSFT,361.62,361.62,358.87,359.43,10719272
2022-05-23,MSFT,359.96,365.03,359.96,363.76,14663044
2022-05-24,MSFT,363.99,367.54,363.99,367.3,1088821
2022-05-25,MSFT,368.78,370.03,367.98,369.0,13616059
2022-05-26,MSFT,368.3,368.3,361.22,365.03,9984013
2022-05-27,MSFT,361.4,369.28,361.4,369.08,4179168
2022-05-30,MSFT,368.82,371.39,368.82,370.63,3021151
2022-05-31,MSFT,369.09,372.31,369.09,370.14,6042076
2022-06-01,MSFT,370.41,370.41,365.47,365.91,14955333
2022-06-02,MSFT,363.29,366.89,362.53,364.03,6392079
2022-06-03,MSFT,361.82,364.36,361.82,363.99,5845035
2022-06-06,MSFT,365.15,365.15,359.74,360.96,3972460
2022-06-07,MSFT,360.81,362.59,360.81,362.34,8875851
2022-06-08,MSFT,360.54,365.95,360.54,365.67,8824929
2022-06-09,MSFT,365.04,368.07,365.04,367.38,5908940
2022-06-10,MSFT,368.1,374.33,368.1,373.58,3740102
2022-06-13,MSFT,375.49,375.49,370.01,372.46,12547772
2022-06-14,MSFT,372.86,375.12,369.24,374.38,13575341
2022-06-15,MSFT,373.88,375.36,373.11,373.76,2209194
2022-06-16,MSFT,374.12,374.12,368.93,371.53,8192716
2022-06-17,MSFT,372.37,375.59,372.37,374.81,6251772
2022-06-20,MSFT,375.01,376.66,374.31,375.55,3713155
2022-06-21,MSFT,376.06,382.86,376.06,382.06,11908290
2022-06-22,MSFT,381.44,381.44,379.1,379.69,9043491
2022-06-23,MSFT,380.39,380.39,375.06,377.16,12806624
2022-06-24,MSFT,377.72,377.72,365.66,366.56,11353501
2022-06-27,MSFT,368.19,368.19,365.93,365.97,4193298
2022-06-28,MSFT,366.78,367.82,364.56,366.07,4080341
2022-06-29,MSFT,364.9,371.5,364.9,370.75,1843103
2022-06-30,MSFT,372.16,372.16,364.56,366.11,1621447
2022-07-01,MSFT,366.09,366.09,362.51,364.6,11568203
2022-07-04,MSFT,364.9,364.9,358.97,360.44,14773039
2022-07-05,MSFT,361.32,364.0,361.32,363.99,3966076
2022-07-06,MSFT,363.97,365.37,360.55,363.5,1171881
2022-07-07,MSFT,361.65,363.95,361.23,362.07,6003491
2022-07-08,MSFT,361.76,361.76,358.23,359.54,10523278
2022-07-11,MSFT,359.94,363.11,359.94,362.68,5421666
2022-07-12,MSFT,360.66,360.66,359.06,359.55,645598
2022-07-13,MSFT,359.09,360.15,355.62,358.53,8534294
2022-07-14,MSFT,360.65,360.65,356.74,356.81,9321383
2022-07-15,MSFT,357.82,357.82,354.82,355.37,3499359
2022-07-18,MSFT,356.81,356.81,349.64,350.34,5333425
2022-07-19,MSFT,346.87,356.04,346.87,355.82,9252501
2022-07-20,MSFT,356.56,356.56,349.91,350.01,7118567
2022-07-21,MSFT,350.27,350.27,345.87,345.92,9198083
2022-07-22,MSFT,344.92,344.92,342.15,343.09,3190805
2022-07-25,MSFT,344.14,347.52,344.14,347.32,8927974
2022-07-26,MSFT,348.5,356.0,348.5,355.68,13133766
2022-07-27,MSFT,354.94,357.97,354.94,355.96,1064347
2022-07-28,MSFT,356.58,356.58,354.11,354.56,14986420
2022-07-29,MSFT,354.84,354.84,345.14,347.46,4288996
2022-08-01,MSFT,347.75,349.96,347.75,349.56,7095806
2022-08-02,MSFT,350.66,350.66,344.12,345.36,926439
2022-08-03,MSFT,346.1,346.1,342.48,343.22,1640479
2022-08-04,MSFT,343.32,346.2,342.09,342.55,8264664
2022-08-05,MSFT,341.91,343.81,339.43,341.17,12997825
2022-08-08,MSFT,340.38,340.77,337.02,339.23,4923439
2022-08-09,MSFT,340.48,340.48,334.76,336.7,766204
2022-08-10,MSFT,337.31,337.31,331.45,331.7,7880854
2022-08-11,MSFT,331.46,331.46,322.01,324.32,8335495
2022-08-12,MSFT,324.19,328.36,324.19,326.8,1238876
2022-08-15,MSFT,325.75,325.75,321.4,323.54,4635034
2022-08-16,MSFT,322.9,322.9,321.35,322.15,3182254
2022-08-17,MSFT,319.53,327.24,319.53,324.32,1244909
2022-08-18,MSFT,323.07,328.43,323.07,327.53,4932108
2022-08-19,MSFT,327.52,327.52,322.31,325.22,11191521
2022-08-22,MSFT,324.63,325.12,324.05,324.37,14024365
2022-08-23,MSFT,323.75,323.75,316.29,317.62,12306457
2022-08-24,MSFT,316.11,322.78,316.11,322.73,10329033
2022-08-25,MSFT,322.15,323.85,322.01,323.76,7582179
2022-08-26,MSFT,326.49,327.83,326.1,327.7,2831146
2022-08-29,MSFT,327.99,327.99,323.48,323.97,10854473
2022-08-30,MSFT,326.27,326.27,321.89,323.48,704577
2022-08-31,MSFT,323.1,323.7,322.38,322.85,7067437
2022-09-01,MSFT,324.1,324.1,316.94,317.51,13940612
2022-09-02,MSFT,319.02,319.02,312.25,313.49,5333723
2022-09-05,MSFT,312.07,316.93,312.07,315.59,13027473
2022-09-06,MSFT,315.99,315.99,309.28,311.01,14282561
2022-09-07,MSFT,310.01,313.1,310.01,312.45,4531847
2022-09-08,MSFT,313.12,315.94,311.26,315.07,8574847
2022-09-09,MSFT,316.1,318.79,316.1,316.84,10935823
2022-09-12,MSFT,316.84,319.76,316.05,317.54,10003240
2022-09-13,MSFT,319.71,319.71,316.43,317.03,3331668
2022-09-14,MSFT,318.28,324.99,318.28,324.59,13043332
2022-09-15,MSFT,324.35,324.35,319.68,320.07,9080192
2022-09-16,MSFT,319.27,323.63,319.27,320.27,14136142
2022-09-19,MSFT,318.69,324.76,318.69,323.93,1710763
2022-09-20,MSFT,326.2,327.1,324.41,326.2,3891626
2022-09-21,MSFT,326.22,326.22,324.72,324.97,14680978
2022-09-22,MSFT,323.85,325.76,322.72,324.3,993485
2022-09-23,MSFT,324.12,324.92,323.1,323.17,8868492
2022-09-26,MSFT,324.31,324.31,320.45,320.54,5916850
2022-09-27,MSFT,321.29,321.41,320.6,320.61,2770642
2022-09-28,MSFT,321.42,321.42,318.18,319.32,12078155
2022-09-29,MSFT,318.11,322.56,318.11,322.47,14778062
2022-09-30,MSFT,321.0,321.0,315.47,317.4,9899016
2022-10-03,MSFT,316.77,318.21,316.77,317.54,8872903
2022-10-04,MSFT,318.38,324.51,318.38,323.47,2025362
2022-10-05,MSFT,324.62,331.65,324.62,330.88,4335924
2022-10-06,MSFT,331.51,331.51,328.08,329.15,11156082
2022-10-07,MSFT,328.87,328.87,324.38,325.23,3105389
2022-10-10,MSFT,324.72,327.23,323.24,324.81,8576545
2022-10-11,MSFT,324.79,326.23,322.15,325.4,4790790
2022-10-12,MSFT,325.02,330.75,325.02,329.55,5363138
2022-10-13,MSFT,331.44,331.44,326.93,329.77,11018365
2022-10-14,MSFT,328.98,330.35,326.69,327.98,3586810
2022-10-17,MSFT,328.63,328.63,325.01,325.5,9327383
2022-10-18,MSFT,326.3,328.55,326.3,328.42,1689282
2022-10-19,MSFT,328.46,330.15,327.2,328.06,1140766
2022-10-20,MSFT,329.84,329.84,324.68,326.74,13881543
2022-10-21,MSFT,326.59,328.61,325.63,328.04,4207820
2022-10-24,MSFT,325.67,330.39,325.67,329.41,5090255
2022-10-25,MSFT,328.4,338.63,328.4,337.01,14617689
2022-10-26,MSFT,338.78,338.78,335.29,336.5,13821675
2022-10-27,MSFT,338.26,338.78,337.4,338.38,6030154
2022-10-28,MSFT,339.23,340.63,337.15,338.06,3172641
2022-10-31,MSFT,337.11,337.11,334.24,334.25,8324867
2022-11-01,MSFT,334.18,335.95,334.18,335.74,13408449
2022-11-02,MSFT,338.68,338.68,333.6,334.55,7888729
2022-11-03,MSFT,336.8,336.8,328.8,329.53,1162949
2022-11-04,MSFT,330.87,331.6,330.75,331.24,2152573
2022-11-07,MSFT,329.2,336.5,329.2,335.83,12791377
2022-11-08,MSFT,336.28,336.28,330.6,333.07,4257624
2022-11-09,MSFT,332.13,332.13,325.25,327.02,2470336
2022-11-10,MSFT,326.18,330.96,326.18,329.3,14613237
2022-11-11,MSFT,328.76,337.05,328.76,334.89,14256914
2022-11-14,MSFT,335.13,338.72,335.13,337.32,5003415
2022-11-15,MSFT,337.92,338.76,337.53,337.98,6818869
2022-11-16,MSFT,336.44,343.73,336.44,341.28,10005549
2022-11-17,MSFT,341.43,344.97,341.43,342.49,8805583
2022-11-18,MSFT,339.22,339.22,334.34,334.87,10192117
2022-11-21,MSFT,335.29,335.29,329.98,331.44,11951750
2022-11-22,MSFT,331.57,333.21,331.57,332.39,1560121
2022-11-23,MSFT,333.91,333.91,328.04,330.25,8277351
2022-11-24,MSFT,330.6,330.6,326.16,326.95,11619298
2022-11-25,MSFT,327.63,327.63,323.28,324.83,14695242
2022-11-28,MSFT,325.04,331.85,325.04,330.82,3321821
2022-11-29,MSFT,332.37,340.07,332.37,338.77,12795861
2022-11-30,MSFT,340.14,349.31,340.14,348.19,6626002
2022-12-01,MSFT,349.38,349.38,343.68,343.78,9706591
2022-12-02,MSFT,348.35,348.35,343.83,345.68,2931278
2022-12-05,MSFT,344.95,348.63,344.95,348.48,13013717
2022-12-06,MSFT,349.92,349.92,343.89,346.61,10267860
2022-12-07,MSFT,346.55,348.01,344.14,346.17,12582621
2022-12-08,MSFT,345.23,350.64,345.23,349.06,2231779
2022-12-09,MSFT,348.1,349.94,348.02,348.81,14816896
2022-12-12,MSFT,347.25,348.02,345.49,347.19,3468468
2022-12-13,MSFT,346.58,350.64,346.58,350.25,11779879
2022-12-14,MSFT,351.77,358.05,351.77,355.66,14109789
2022-12-15,MSFT,355.42,360.29,355.42,359.21,14416667
2022-12-16,MSFT,357.96,357.96,354.57,355.59,1664064
2022-12-19,MSFT,356.25,359.12,356.03,358.41,3592608
2022-12-20,MSFT,358.26,362.02,358.26,360.47,8714593
2022-12-21,MSFT,361.22,361.22,359.79,360.49,10748755
2022-12-22,MSFT,360.91,361.14,358.23,359.97,13606842
2022-12-23,MSFT,360.01,360.01,353.39,356.12,12156820
2022-12-26,MSFT,356.95,356.95,352.25,354.05,2991037
2022-12-27,MSFT,352.72,364.46,352.72,362.74,5012258
2022-12-28,MSFT,362.35,362.37,360.14,361.28,2197214
2022-12-29,MSFT,360.47,361.82,359.09,361.05,6648728
2022-12-30,MSFT,359.13,363.37,359.13,360.46,6432534
2023-01-02,MSFT,359.01,363.17,359.01,362.3,5018212
2023-01-03,MSFT,363.01,363.01,357.9,358.21,8949598
2023-01-04,MSFT,359.52,366.02,359.52,365.12,10160726
2023-01-05,MSFT,365.18,368.04,364.29,365.96,8436253
2023-01-06,MSFT,364.97,370.38,364.97,367.62,14659411
2023-01-09,MSFT,366.51,368.19,366.26,366.38,12467000
2023-01-10,MSFT,367.1,371.68,367.1,371.68,4845613
2023-01-11,MSFT,370.33,370.33,364.82,366.6,1787746
2023-01-12,MSFT,365.85,371.01,365.85,370.15,9976562
2023-01-13,MSFT,370.86,379.08,370.86,377.57,14517066
2023-01-16,MSFT,378.13,378.13,371.96,372.13,7057640
2023-01-17,MSFT,371.76,373.46,371.76,373.33,13292132
2023-01-18,MSFT,373.57,373.57,371.09,371.76,10346008
2023-01-19,MSFT,371.95,371.95,365.48,367.87,4962984
2023-01-20,MSFT,369.45,369.45,364.55,366.38,14531971
2023-01-23,MSFT,367.97,367.97,363.02,363.87,2717747
2023-01-24,MSFT,362.98,363.49,362.32,363.24,7387856
2023-01-25,MSFT,363.19,367.01,363.19,364.52,10005041
2023-01-26,MSFT,366.13,366.13,364.81,365.22,4939022
2023-01-27,MSFT,365.78,365.78,363.26,364.03,6997716
2023-01-30,MSFT,363.66,376.25,363.66,375.24,12205223
2023-01-31,MSFT,375.74,375.74,373.46,374.13,12255220
2023-02-01,MSFT,375.02,375.02,373.14,373.43,4761440
2023-02-02,MSFT,374.01,374.01,368.43,369.49,12088903
2023-02-03,MSFT,369.7,371.43,368.21,368.89,2579071
2023-02-06,MSFT,368.27,368.27,365.1,365.53,13757750
2023-02-07,MSFT,366.21,366.21,362.99,363.94,4679280
2023-02-08,MSFT,364.7,364.7,356.3,358.53,8755050
2023-02-09,MSFT,358.68,358.68,354.68,356.71,640411
2023-02-10,MSFT,357.28,357.28,353.02,353.72,8652299
2023-02-13,MSFT,354.54,354.54,343.63,344.43,5736424
2023-02-14,MSFT,345.05,345.05,336.73,337.57,2474720
2023-02-15,MSFT,338.54,338.54,335.78,336.93,773522
2023-02-16,MSFT,338.35,348.82,338.35,345.42,11218911
2023-02-17,MSFT,343.65,347.04,343.65,345.27,14577600
2023-02-20,MSFT,344.6,349.78,344.6,349.73,14625593
2023-02-21,MSFT,350.06,350.06,340.48,342.9,4194471
2023-02-22,MSFT,343.85,343.85,337.19,337.69,12087883
2023-02-23,MSFT,335.26,335.26,329.65,333.15,14340861
2023-02-24,MSFT,332.82,341.09,332.82,340.95,13072903
2023-02-27,MSFT,340.94,345.18,340.94,344.4,10949216
2023-02-28,MSFT,344.91,344.91,341.11,342.58,14183570
2023-03-01,MSFT,342.39,342.39,338.9,340.97,7097060
2023-03-02,MSFT,343.14,343.14,334.38,334.42,8968986
2023-03-03,MSFT,333.56,333.56,325.28,327.38,14461867
2023-03-06,MSFT,327.86,329.0,326.47,328.74,9742339
2023-03-07,MSFT,328.49,334.23,328.49,333.7,10051471
2023-03-08,MSFT,334.25,336.21,334.25,335.65,6690253
2023-03-09,MSFT,336.93,336.93,330.89,331.59,1000702
2023-03-10,MSFT,332.4,333.22,332.03,332.29,11305535
2023-03-13,MSFT,332.2,335.3,331.38,332.86,11518949
2023-03-14,MSFT,333.58,336.7,333.58,335.55,8781183
2023-03-15,MSFT,336.69,336.69,334.34,334.6,12393131
2023-03-16,MSFT,335.92,336.38,335.49,335.83,1214672
2023-03-17,MSFT,335.97,336.58,335.73,335.8,7194174
2023-03-20,MSFT,335.02,340.52,335.02,340.4,2063300
2023-03-21,MSFT,341.25,341.25,338.65,339.93,3273281
2023-03-22,MSFT,341.43,343.88,341.43,343.75,5131205
2023-03-23,MSFT,344.62,349.86,344.62,349.45,13041966
2023-03-24,MSFT,350.68,354.49,349.31,352.43,14705253
2023-03-27,MSFT,352.1,352.22,349.85,350.63,6001559
2023-03-28,MSFT,351.07,354.55,351.07,353.67,4540012
2023-03-29,MSFT,353.38,353.38,349.69,351.77,1727761
2023-03-30,MSFT,351.79,355.52,351.79,354.29,1471330
2023-03-31,MSFT,354.64,357.29,354.64,356.66,10213276
2023-04-03,MSFT,359.06,360.21,357.32,357.64,10558962
2023-04-04,MSFT,357.75,357.75,352.4,352.75,2915006
2023-04-05,MSFT,352.62,357.49,352.62,357.35,962977
2023-04-06,MSFT,357.68,357.68,353.31,356.16,7264246
2023-04-07,MSFT,355.87,359.21,355.87,358.13,5698331
2023-04-10,MSFT,359.08,365.39,359.08,362.19,8944753
2023-04-11,MSFT,360.84,364.41,360.84,363.2,2365103
2023-04-12,MSFT,363.16,364.05,361.23,363.58,10571514
2023-04-13,MSFT,362.84,362.84,358.57,359.08,887844
2023-04-14,MSFT,359.08,365.95,359.08,362.92,10298614
2023-04-17,MSFT,362.91,365.58,362.91,364.71,7848077
2023-04-18,MSFT,364.65,365.6,362.6,363.12,11289771
2023-04-19,MSFT,364.0,364.0,361.49,362.53,7466516
2023-04-20,MSFT,361.84,364.17,361.84,363.86,10181063
2023-04-21,MSFT,364.89,374.14,364.89,372.16,2967349
2023-04-24,MSFT,373.99,373.99,367.25,368.79,7101707
2023-04-25,MSFT,371.01,371.01,366.86,367.01,6501761
2023-04-26,MSFT,368.15,368.43,367.54,368.03,13726371
2023-04-27,MSFT,367.87,367.87,362.56,364.03,9135320
2023-04-28,MSFT,363.49,363.84,360.47,362.23,9539588
2023-05-01,MSFT,362.27,362.27,357.4,357.6,1646473
2023-05-02,MSFT,358.13,358.13,352.31,353.97,4877042
2023-05-03,MSFT,351.87,353.08,349.57,350.21,13062262
2023-05-04,MSFT,348.12,353.04,347.93,350.51,1694986
2023-05-05,MSFT,351.93,351.93,346.7,346.87,10059332
2023-05-08,MSFT,344.3,350.43,344.3,349.33,7389031
2023-05-09,MSFT,349.17,349.17,346.03,346.34,7422663
2023-05-10,MSFT,346.51,346.51,345.03,345.85,3420802
2023-05-11,MSFT,345.78,348.81,345.78,347.55,8472628
2023-05-12,MSFT,346.01,353.87,346.01,352.17,9081843
2023-05-15,MSFT,351.58,352.02,347.89,348.66,14258241
2023-05-16,MSFT,348.51,348.51,346.91,347.41,11418421
2023-05-17,MSFT,348.91,348.91,346.22,347.81,11198165
2023-05-18,MSFT,348.69,348.69,345.58,347.26,8454750
2023-05-19,MSFT,347.47,347.47,340.8,342.91,1807855
2023-05-22,MSFT,342.17,349.87,342.17,348.73,6236701
2023-05-23,MSFT,347.88,350.75,347.88,349.73,2492248
2023-05-24,MSFT,347.61,355.98,347.61,353.29,4472492
2023-05-25,MSFT,352.76,352.76,351.32,352.18,6168917
2023-05-26,MSFT,352.22,352.22,349.05,351.32,5150311
2023-05-29,MSFT,349.51,349.51,345.15,346.87,3499802
2023-05-30,MSFT,347.21,350.52,347.21,349.47,7315183
2023-05-31,MSFT,349.19,352.9,347.92,351.96,6351042
2023-06-01,MSFT,352.83,354.78,352.83,354.14,9246637
2023-06-02,MSFT,354.0,354.0,347.53,349.26,2993951
2023-06-05,MSFT,347.7,353.05,347.7,348.68,12511418
2023-06-06,MSFT,348.65,350.51,347.29,349.44,11765367
2023-06-07,MSFT,348.79,358.74,348.79,358.38,8651122
2023-06-08,MSFT,358.19,362.39,358.19,360.89,4890450
2023-06-09,MSFT,362.28,362.28,358.28,359.29,13721943
2023-06-12,MSFT,357.85,366.41,357.85,364.22,6398896
2023-06-13,MSFT,363.65,366.37,363.48,364.44,14568019
2023-06-14,MSFT,362.83,367.69,362.83,366.92,4327182
2023-06-15,MSFT,366.03,366.69,364.65,364.8,10384766
2023-06-16,MSFT,364.87,364.9,360.39,362.63,6884366
2023-06-19,MSFT,362.24,362.24,356.23,356.84,8204795
2023-06-20,MSFT,357.21,361.85,357.21,359.77,14442342
2023-06-21,MSFT,360.1,360.1,355.22,355.26,4330824
2023-06-22,MSFT,357.0,357.0,353.22,354.45,11592760
2023-06-23,MSFT,354.46,354.46,351.79,352.46,7409706
2023-06-26,MSFT,354.1,354.1,344.32,347.59,5279946
2023-06-27,MSFT,345.5,349.22,345.5,349.17,14697080
2023-06-28,MSFT,348.62,358.01,348.62,356.91,5940887
2023-06-29,MSFT,356.1,359.22,356.1,357.31,7394115
2023-06-30,MSFT,358.97,359.38,356.59,357.67,13056477
2023-07-03,MSFT,357.07,359.61,357.07,358.92,4741732
2023-07-04,MSFT,357.15,358.86,357.03,357.35,9564095
2023-07-05,MSFT,356.0,356.0,349.98,350.93,1525655
2023-07-06,MSFT,351.11,351.73,350.96,351.63,962509
2023-07-07,MSFT,353.54,353.54,340.69,341.33,4752090
2023-07-10,MSFT,343.04,343.04,334.06,336.38,7229299
2023-07-11,MSFT,337.91,340.82,337.91,340.3,12319326
2023-07-12,MSFT,341.16,345.49,341.16,344.8,2215257
2023-07-13,MSFT,346.09,348.36,346.09,348.07,2721338
2023-07-14,MSFT,348.63,348.63,344.84,345.37,12745851
2023-07-17,MSFT,345.98,346.41,342.92,343.56,12473479
2023-07-18,MSFT,343.37,343.37,340.15,342.04,10981033
2023-07-19,MSFT,341.72,341.72,335.98,336.61,1845297
2023-07-20,MSFT,337.38,341.29,337.38,339.59,13368927
2023-07-21,MSFT,339.46,339.46,330.65,333.11,10758932
2023-07-24,MSFT,333.25,340.24,333.25,338.52,5790126
2023-07-25,MSFT,336.29,339.38,336.29,337.15,6106451
2023-07-26,MSFT,338.37,338.37,333.27,335.18,8926164
2023-07-27,MSFT,336.81,338.36,334.21,334.78,13857081
2023-07-28,MSFT,336.92,338.42,335.88,336.66,12926654
2023-07-31,MSFT,336.18,336.18,330.2,331.58,2546840
2023-08-01,MSFT,330.32,338.0,330.32,337.32,5532495
2023-08-02,MSFT,338.31,345.12,338.31,345.08,11349880
2023-08-03,MSFT,342.94,345.49,341.1,343.31,942323
2023-08-04,MSFT,343.6,345.74,343.6,345.56,9169489
2023-08-07,MSFT,345.47,345.47,343.2,343.96,12389568
2023-08-08,MSFT,345.99,345.99,339.55,340.28,2196219
2023-08-09,MSFT,340.08,341.02,337.54,338.4,6119983
2023-08-10,MSFT,339.05,343.11,339.05,341.25,5438218
2023-08-11,MSFT,340.28,346.73,340.28,344.76,3422033
2023-08-14,MSFT,345.4,355.31,345.4,352.94,6365328
2023-08-15,MSFT,352.35,355.4,350.74,353.85,12761654
2023-08-16,MSFT,352.36,352.36,344.37,346.73,2584341
2023-08-17,MSFT,347.35,351.2,347.35,350.95,12968643
2023-08-18,MSFT,351.66,351.99,349.43,350.3,2259209
2023-08-21,MSFT,350.3,353.48,350.3,351.68,9015954
2023-08-22,MSFT,352.71,352.71,348.92,349.98,10682572
2023-08-23,MSFT,351.2,351.2,343.88,346.33,3803013
2023-08-24,MSFT,344.99,344.99,338.24,340.26,6047649
2023-08-25,MSFT,339.28,341.84,337.77,340.16,5576811
2023-08-28,MSFT,339.69,350.28,339.69,346.88,1175591
2023-08-29,MSFT,347.87,353.49,347.87,352.01,5217847
2023-08-30,MSFT,353.22,356.76,350.94,354.16,4539965
2023-08-31,MSFT,354.06,354.06,348.77,349.33,2982176
2023-09-01,MSFT,348.94,348.94,342.02,343.54,5378145
2023-09-04,MSFT,342.03,346.78,342.03,345.07,1024748
2023-09-05,MSFT,346.94,346.94,343.28,344.97,6073665
2023-09-06,MSFT,345.5,348.99,345.02,345.93,11436202
2023-09-07,MSFT,346.35,350.13,346.35,346.84,4562402
2023-09-08,MSFT,345.59,347.92,343.01,344.52,4056613
2023-09-11,MSFT,346.14,351.64,346.14,347.48,14544042
2023-09-12,MSFT,349.13,353.62,348.61,351.08,9574591
2023-09-13,MSFT,351.2,351.81,349.92,351.65,12039256
2023-09-14,MSFT,350.91,360.69,350.91,356.41,11287353
2023-09-15,MSFT,355.2,355.2,344.29,346.66,6012248
2023-09-18,MSFT,346.2,351.61,346.2,349.33,1211213
2023-09-19,MSFT,349.81,350.75,348.9,349.78,11619518
2023-09-20,MSFT,348.55,358.85,348.55,358.16,13685410
2023-09-21,MSFT,358.97,361.55,358.97,360.41,8633333
2023-09-22,MSFT,361.81,364.55,358.46,360.73,919933
2023-09-25,MSFT,362.36,366.77,361.64,363.94,655379
2023-09-26,MSFT,362.56,362.76,359.9,361.86,5471700
2023-09-27,MSFT,362.88,362.88,359.71,360.01,6356380
2023-09-28,MSFT,359.62,363.02,359.62,361.85,14779932
2023-09-29,MSFT,361.29,361.29,357.57,358.28,4887994
2023-10-02,MSFT,359.34,359.34,354.56,355.56,13151031
2023-10-03,MSFT,354.78,361.42,354.78,360.74,6358110
2023-10-04,MSFT,359.66,366.94,359.66,364.51,5045889
2023-10-05,MSFT,365.78,372.29,365.78,367.99,1514447
2023-10-06,MSFT,367.39,368.17,365.59,366.44,8627789
2023-10-09,MSFT,366.09,366.09,363.43,363.87,11597091
2023-10-10,MSFT,363.16,363.16,361.55,362.47,1969938
2023-10-11,MSFT,362.69,362.69,353.97,355.86,11849142
2023-10-12,MSFT,355.55,355.55,346.94,349.04,7248266
2023-10-13,MSFT,350.72,354.04,350.72,353.35,11727393
2023-10-16,MSFT,353.84,353.84,349.29,350.57,2989970
2023-10-17,MSFT,350.43,354.85,350.43,352.73,5291242
2023-10-18,MSFT,353.82,356.88,353.82,356.13,10333772
2023-10-19,MSFT,356.05,356.05,347.93,352.89,844943
2023-10-20,MSFT,353.44,357.69,353.44,354.61,9386343
2023-10-23,MSFT,354.57,354.57,349.91,350.77,8960110
2023-10-24,MSFT,350.24,354.77,350.24,354.62,12623818
2023-10-25,MSFT,354.17,358.89,354.17,357.28,6709266
2023-10-26,MSFT,358.42,358.42,352.69,353.5,7851482
2023-10-27,MSFT,354.19,354.19,345.05,346.7,11219198
2023-10-30,MSFT,346.81,346.81,342.9,343.28,4550122
2023-10-31,MSFT,343.81,344.4,342.13,342.77,1064071
2023-11-01,MSFT,344.22,345.9,342.42,343.36,11677275
2023-11-02,MSFT,343.03,343.03,338.91,340.76,2618245
2023-11-03,MSFT,342.03,344.01,342.03,342.69,5365586
2023-11-06,MSFT,342.92,347.95,342.92,346.34,5375894
2023-11-07,MSFT,347.7,355.86,347.7,355.5,12357490
2023-11-08,MSFT,354.96,355.81,351.65,354.24,5511657
2023-11-09,MSFT,354.91,361.77,354.91,360.54,8692971
2023-11-10,MSFT,359.89,359.89,356.87,358.25,4895252
2023-11-13,MSFT,357.9,357.9,350.4,353.3,9352169
2023-11-14,MSFT,352.07,352.07,344.75,348.07,12162550
2023-11-15,MSFT,347.53,347.53,341.83,344.56,6323970
2023-11-16,MSFT,340.85,345.08,340.85,343.65,14295324
2023-11-17,MSFT,345.02,345.02,342.35,343.65,11830633
2023-11-20,MSFT,345.11,345.11,336.37,338.49,14058980
2023-11-21,MSFT,338.72,338.72,336.73,336.78,11692918
2023-11-22,MSFT,335.43,335.43,332.41,333.54,6254857
2023-11-23,MSFT,333.67,333.67,328.86,329.49,4832648
2023-11-24,MSFT,329.49,340.08,329.49,336.81,9296422
2023-11-27,MSFT,335.98,339.88,335.98,339.63,12114892
2023-11-28,MSFT,339.6,344.92,339.6,342.09,5501848
2023-11-29,MSFT,345.74,345.74,339.44,341.39,866152
2023-11-30,MSFT,342.15,347.0,342.15,346.14,8836425
2023-12-01,MSFT,344.3,344.3,340.3,341.51,10220290
2023-12-04,MSFT,343.11,343.11,338.91,338.98,14798468
2023-12-05,MSFT,338.91,350.27,338.91,347.92,10930416
2023-12-06,MSFT,347.69,347.69,343.64,343.75,2435318
2023-12-07,MSFT,343.54,346.04,343.54,345.56,14367838
2023-12-08,MSFT,344.11,344.6,341.8,342.06,9357987
2023-12-11,MSFT,342.24,346.91,342.08,344.22,2065900
2023-12-12,MSFT,344.21,345.79,343.07,344.22,7101510
2023-12-13,MSFT,342.95,347.71,342.67,345.15,8770877
2023-12-14,MSFT,344.1,346.66,344.1,346.65,8130243
2023-12-15,MSFT,346.58,347.83,345.8,346.39,14028235
2023-12-18,MSFT,346.21,346.21,343.97,344.17,14397191
2023-12-19,MSFT,343.01,343.01,338.2,339.4,1744084
2023-12-20,MSFT,338.8,339.76,338.39,338.67,4869354
2023-12-21,MSFT,336.58,344.81,336.58,341.21,7660269
2023-12-22,MSFT,343.1,343.1,332.86,336.07,4520900
2023-12-25,MSFT,335.46,340.32,335.46,337.55,6912097
2023-12-26,MSFT,338.52,338.52,333.99,334.69,3980651
2023-12-27,MSFT,335.02,336.43,334.53,335.13,2168153
2023-12-28,MSFT,334.4,334.4,330.87,331.18,9546792
2023-12-29,MSFT,330.88,331.9,330.77,330.78,10287773
2024-01-01,MSFT,330.37,331.02,328.12,328.72,651971
2024-01-02,MSFT,327.37,327.37,324.72,325.18,9668520
2024-01-03,MSFT,324.57,327.45,324.57,326.72,7093292
2024-01-04,MSFT,327.54,327.54,322.22,324.51,2239356
2024-01-05,MSFT,325.3,330.43,325.3,329.44,3391542
2024-01-08,MSFT,329.87,329.87,327.39,328.66,8156696
2024-01-09,MSFT,328.93,328.93,323.53,326.38,12259339
2024-01-10,MSFT,327.34,328.87,327.34,328.48,5515801
2024-01-11,MSFT,328.9,331.62,328.9,331.24,6902574
2024-01-12,MSFT,332.29,334.17,328.04,330.28,7848581
2024-01-15,MSFT,329.23,329.23,323.61,327.31,2704347
2024-01-16,MSFT,326.74,328.63,326.14,327.41,6847865
2024-01-17,MSFT,327.17,331.86,327.17,329.93,2652265
2024-01-18,MSFT,330.38,337.87,330.38,335.61,10660332
2024-01-19,MSFT,334.5,335.84,330.62,333.61,5298370
2024-01-22,MSFT,332.7,334.05,332.33,333.01,9849623
2024-01-23,MSFT,331.73,332.31,330.89,331.98,11630113
2024-01-24,MSFT,330.56,330.56,327.7,329.38,7718236
2024-01-25,MSFT,328.31,328.31,325.78,326.37,1630550
2024-01-26,MSFT,327.44,327.44,323.17,323.72,6671670
2024-01-29,MSFT,322.5,324.79,322.5,324.65,12926756
2024-01-30,MSFT,324.05,330.25,324.05,329.48,11240312
2024-01-31,MSFT,329.17,329.17,325.99,326.65,8564297
2024-02-01,MSFT,326.2,333.22,326.2,331.31,2084375
2024-02-02,MSFT,331.75,334.17,331.26,333.66,9237653
2024-02-05,MSFT,335.68,336.85,332.18,334.29,2542917
2024-02-06,MSFT,332.47,335.84,332.47,333.77,10276393
2024-02-07,MSFT,333.03,333.03,328.48,330.13,1341576
2024-02-08,MSFT,332.93,332.93,328.75,329.32,3646026
2024-02-09,MSFT,329.46,329.46,328.46,328.52,14679474
2024-02-12,MSFT,327.48,327.94,325.8,327.17,7765794
2024-02-13,MSFT,325.2,325.2,323.11,323.13,6361338
2024-02-14,MSFT,322.87,326.08,322.69,323.68,1378723
2024-02-15,MSFT,322.87,329.19,322.87,327.66,11087370
2024-02-16,MSFT,328.67,328.67,323.41,323.42,11223913
2024-02-19,MSFT,323.75,323.75,321.37,322.94,14128257
2024-02-20,MSFT,322.46,322.46,318.94,319.35,5379470
2024-02-21,MSFT,318.92,321.88,318.92,321.74,9522033
2024-02-22,MSFT,322.41,322.41,319.21,319.86,14765945
2024-02-23,MSFT,320.07,323.47,320.07,323.36,13466372
2024-02-26,MSFT,322.26,322.26,316.52,318.69,14699903
2024-02-27,MSFT,318.56,318.56,315.82,318.07,11368716
2024-02-28,MSFT,317.27,323.8,317.27,320.48,1351349
2024-02-29,MSFT,321.53,321.54,319.86,320.65,8199578
2024-03-01,MSFT,320.16,326.78,320.16,324.43,7128241
2024-03-04,MSFT,323.98,332.58,323.98,328.67,11776284
2024-03-05,MSFT,328.22,331.95,328.22,330.96,11008981
2024-03-06,MSFT,330.97,331.84,329.72,331.58,3743643
2024-03-07,MSFT,330.25,330.25,324.15,327.16,4701728
2024-03-08,MSFT,326.9,327.76,323.61,326.44,1009752
2024-03-11,MSFT,327.13,327.13,323.93,324.89,8332812
2024-03-12,MSFT,323.73,325.64,322.25,323.74,9309355
2024-03-13,MSFT,323.85,328.75,323.85,326.58,11931912
2024-03-14,MSFT,325.87,326.61,325.8,326.53,5007961
2024-03-15,MSFT,326.09,326.09,324.12,324.16,1872903
2024-03-18,MSFT,322.33,330.65,322.33,330.01,13321673
2024-03-19,MSFT,330.13,330.97,328.8,330.02,4431393
2024-03-20,MSFT,331.73,334.47,331.4,332.84,12015240
2024-03-21,MSFT,333.7,334.32,331.41,332.38,7900063
2024-03-22,MSFT,332.63,340.12,332.63,337.23,14494194
2024-03-25,MSFT,337.47,337.47,331.46,332.27,6112843
2024-03-26,MSFT,329.28,334.3,329.28,334.16,5987846
2024-03-27,MSFT,334.96,336.79,332.26,335.02,4059012
2024-03-28,MSFT,335.02,335.82,335.02,335.81,9383011
2024-03-29,MSFT,336.4,336.4,331.46,333.09,8849048
2024-04-01,MSFT,333.95,333.95,331.2,331.94,508280
2024-04-02,MSFT,330.43,330.43,326.6,327.97,8096950
2024-04-03,MSFT,328.74,336.35,328.74,333.97,3041638
2024-04-04,MSFT,334.91,345.93,334.91,342.41,807662
2024-04-05,MSFT,342.1,347.31,342.1,347.25,13769391
2024-04-08,MSFT,346.36,346.36,345.02,345.43,6529917
2024-04-09,MSFT,343.49,349.77,343.49,348.08,10547510
2024-04-10,MSFT,347.45,352.68,346.3,348.24,14997105
2024-04-11,MSFT,348.05,353.32,348.05,351.2,11921554
2024-04-12,MSFT,350.33,351.07,349.26,351.03,6203438
2024-04-15,MSFT,352.4,355.62,351.98,352.45,8681823
2024-04-16,MSFT,355.25,356.5,353.9,354.87,2742204
2024-04-17,MSFT,354.8,357.29,354.8,356.6,14589500
2024-04-18,MSFT,357.3,364.37,357.3,363.52,4072419
2024-04-19,MSFT,363.28,366.3,363.28,365.88,13226682
2024-04-22,MSFT,366.89,366.89,360.54,363.23,4931743
2024-04-23,MSFT,361.11,363.58,361.11,362.55,8809160
2024-04-24,MSFT,364.15,364.15,362.28,362.36,5347369
2024-04-25,MSFT,360.26,360.26,353.54,354.38,12307775
2024-04-26,MSFT,357.11,357.11,351.97,353.93,11775570
2024-04-29,MSFT,353.78,356.35,353.78,354.45,7031853
2024-04-30,MSFT,353.87,353.87,348.06,348.82,13096174
2024-05-01,MSFT,349.07,357.72,349.07,355.96,10980193
2024-05-02,MSFT,355.01,355.01,346.26,348.77,11967096
2024-05-03,MSFT,349.6,351.05,348.31,350.65,2325015
2024-05-06,MSFT,349.72,355.22,349.72,353.31,9808666
2024-05-07,MSFT,349.72,362.16,349.72,361.35,5422784
2024-05-08,MSFT,359.89,362.5,359.29,360.75,11076610
2024-05-09,MSFT,362.1,362.1,347.96,350.87,2897531
2024-05-10,MSFT,350.62,356.35,350.62,355.61,5792237
2024-05-13,MSFT,353.46,353.46,348.76,351.3,6238932
2024-05-14,MSFT,350.55,351.33,350.55,351.0,13639970
2024-05-15,MSFT,352.16,352.16,351.49,351.8,1995892
2024-05-16,MSFT,349.68,354.89,349.68,354.2,9037371
2024-05-17,MSFT,354.23,354.39,353.18,354.08,3611298
2024-05-20,MSFT,352.52,358.48,352.52,356.53,13595802
2024-05-21,MSFT,356.08,356.08,347.08,349.34,2102629
2024-05-22,MSFT,348.56,353.31,348.56,352.95,2041702
2024-05-23,MSFT,353.47,353.47,345.7,346.55,5316022
2024-05-24,MSFT,345.32,349.04,345.32,349.02,12283633
2024-05-27,MSFT,348.88,348.88,343.99,344.12,6483353
2024-05-28,MSFT,342.5,358.0,342.5,355.89,14303491
2024-05-29,MSFT,355.67,356.03,354.01,354.71,12285850
2024-05-30,MSFT,354.27,355.39,352.2,353.21,8586031
2024-05-31,MSFT,351.21,355.93,351.21,355.56,13655079
2024-06-03,MSFT,357.11,358.95,356.67,357.85,5971463
2024-06-04,MSFT,357.48,357.48,353.46,354.0,7973810
2024-06-05,MSFT,353.6,353.6,351.21,351.98,2956479
2024-06-06,MSFT,352.16,355.12,352.16,353.92,7705778
2024-06-07,MSFT,354.67,354.67,345.96,346.75,14400215
2024-06-10,MSFT,345.37,345.37,338.76,339.38,2522850
2024-06-11,MSFT,338.83,338.83,335.6,336.61,2999731
2024-06-12,MSFT,335.61,335.61,327.14,330.14,14235430
2024-06-13,MSFT,329.44,338.82,329.44,335.78,9903509
2024-06-14,MSFT,337.37,340.02,336.85,337.7,14171175
2024-06-17,MSFT,338.01,338.01,333.96,333.98,3855728
2024-06-18,MSFT,333.84,335.32,331.54,334.43,4879426
2024-06-19,MSFT,332.97,336.69,332.97,334.45,5154143
2024-06-20,MSFT,332.85,339.11,332.85,338.57,8575958
2024-06-21,MSFT,338.3,340.36,336.69,338.52,10225265
2024-06-24,MSFT,339.01,339.01,335.44,336.09,8018992
2024-06-25,MSFT,335.53,335.53,332.27,332.65,2716730
2024-06-26,MSFT,333.28,342.69,333.28,339.71,5432042
2024-06-27,MSFT,341.15,344.28,341.15,343.14,5643514
2024-06-28,MSFT,342.84,346.12,342.82,343.79,5938776
2024-07-01,MSFT,343.74,346.08,343.74,345.72,14393030
2024-07-02,MSFT,344.8,347.35,344.28,345.14,5109682
2024-07-03,MSFT,345.03,345.03,339.86,340.28,9073436
2024-07-04,MSFT,340.1,340.76,338.34,339.02,13159047
2024-07-05,MSFT,335.92,344.28,335.92,343.08,8290421
2024-07-08,MSFT,341.08,349.39,341.08,345.65,3679945
2024-07-09,MSFT,346.88,346.88,344.86,345.85,14946674
2024-07-10,MSFT,345.46,345.9,344.72,345.11,9618549
2024-07-11,MSFT,344.92,351.15,344.92,349.22,6621581
2024-07-12,MSFT,348.44,349.99,348.44,348.82,3480596
2024-07-15,MSFT,350.23,350.51,346.95,348.92,1047212
2024-07-16,MSFT,349.83,350.56,347.69,349.09,10556039
2024-07-17,MSFT,349.58,351.55,348.31,350.43,6981553
2024-07-18,MSFT,352.3,352.3,347.61,348.57,11003473
2024-07-19,MSFT,348.36,348.63,346.78,348.5,13312424
2024-07-22,MSFT,349.45,354.4,349.45,352.12,11831000
2024-07-23,MSFT,350.16,354.83,350.11,352.55,8658394
2024-07-24,MSFT,353.42,356.39,353.42,356.09,11890554
2024-07-25,MSFT,357.15,357.15,352.78,353.08,6530924
2024-07-26,MSFT,353.07,353.07,351.84,352.48,10527959
2024-07-29,MSFT,352.14,352.47,349.71,350.54,822421
2024-07-30,MSFT,351.24,351.24,347.48,347.97,4028413
2024-07-31,MSFT,346.11,353.47,346.11,350.25,12726547
2024-08-01,MSFT,351.7,351.7,347.57,347.71,9253624
2024-08-02,MSFT,347.31,354.56,347.31,353.78,3874229
2024-08-05,MSFT,354.38,360.95,354.38,358.05,12740646
2024-08-06,MSFT,358.04,358.13,355.97,357.83,3168061
2024-08-07,MSFT,356.87,359.39,356.12,358.09,4925638
2024-08-08,MSFT,355.47,360.35,355.47,359.81,12325382
2024-08-09,MSFT,358.91,358.91,353.45,354.52,4052479
2024-08-12,MSFT,355.4,355.4,347.21,350.85,3118525
2024-08-13,MSFT,347.94,355.12,347.94,352.41,2415556
2024-08-14,MSFT,352.56,361.7,352.56,359.29,6294189
2024-08-15,MSFT,358.62,361.43,358.39,358.6,14626900
2024-08-16,MSFT,356.52,356.52,351.74,351.85,6143691
2024-08-19,MSFT,351.26,351.26,346.76,347.08,3300585
2024-08-20,MSFT,346.67,350.34,346.67,350.22,8196846
2024-08-21,MSFT,349.97,349.97,346.65,348.22,9260514
2024-08-22,MSFT,348.4,348.4,338.94,341.81,14573215
2024-08-23,MSFT,340.59,341.45,337.09,340.54,12650889
2024-08-26,MSFT,339.74,341.23,338.85,340.15,3854415
2024-08-27,MSFT,339.02,341.84,337.88,338.49,7338712
2024-08-28,MSFT,336.66,338.49,336.11,337.3,11603104
2024-08-29,MSFT,338.84,338.84,333.45,335.27,3674847
2024-08-30,MSFT,334.01,337.52,334.01,337.39,4768187
2024-09-02,MSFT,337.53,340.68,337.53,339.18,11025840
2024-09-03,MSFT,339.4,341.68,339.03,340.28,13613671
2024-09-04,MSFT,343.22,343.22,340.56,340.85,12346668
2024-09-05,MSFT,342.0,342.38,340.64,341.71,9181453
2024-09-06,MSFT,343.14,345.09,343.14,344.76,8856122
2024-09-09,MSFT,343.73,346.18,343.73,346.01,14123382
2024-09-10,MSFT,344.91,348.63,344.72,345.98,2716057
2024-09-11,MSFT,345.58,345.58,344.3,344.36,2865440
2024-09-12,MSFT,345.58,345.58,343.13,344.3,2384217
2024-09-13,MSFT,344.78,344.78,335.81,336.5,10084688
2024-09-16,MSFT,336.87,336.87,333.25,334.82,3223279
2024-09-17,MSFT,333.5,333.5,329.34,330.63,4818463
2024-09-18,MSFT,330.18,331.32,326.84,330.76,557163
2024-09-19,MSFT,331.71,333.69,331.71,332.56,1296418
2024-09-20,MSFT,333.7,333.84,330.86,332.53,4908045
2024-09-23,MSFT,331.65,334.18,328.1,330.67,13809946
2024-09-24,MSFT,329.33,337.01,329.33,336.8,4485442
2024-09-25,MSFT,337.14,337.14,330.39,330.92,13754357
2024-09-26,MSFT,331.09,333.83,330.48,331.16,6242800
2024-09-27,MSFT,331.1,338.52,331.1,338.51,14195609
2024-09-30,MSFT,336.68,340.34,336.68,340.3,3394418
2024-10-01,MSFT,341.21,343.53,341.21,341.45,7622430
2024-10-02,MSFT,342.81,343.85,342.33,342.63,7517637
2024-10-03,MSFT,342.4,345.93,342.4,344.79,13245344
2024-10-04,MSFT,344.83,346.54,341.21,344.77,9709763
2024-10-07,MSFT,343.95,346.72,343.62,344.64,12275362
2024-10-08,MSFT,345.08,353.39,345.08,351.82,13556445
2024-10-09,MSFT,350.95,354.45,350.12,351.36,11911419
2024-10-10,MSFT,351.86,353.82,351.5,353.73,9440028
2024-10-11,MSFT,353.02,353.68,352.17,352.86,3691902
2024-10-14,MSFT,354.18,354.18,350.28,351.1,2860432
2024-10-15,MSFT,350.25,352.31,347.45,350.19,9575132
2024-10-16,MSFT,349.19,351.06,348.93,349.45,11366740
2024-10-17,MSFT,349.64,349.64,345.38,347.36,2430020
2024-10-18,MSFT,348.01,349.9,348.01,349.43,10586448
2024-10-21,MSFT,349.63,354.3,349.63,352.75,6342857
2024-10-22,MSFT,352.47,353.19,350.19,351.44,14374434
2024-10-23,MSFT,350.75,356.14,350.75,354.18,2684694
2024-10-24,MSFT,352.53,358.28,352.53,357.45,8567558
2024-10-25,MSFT,357.14,359.78,357.14,359.53,8553148
2024-10-28,MSFT,359.62,359.62,353.77,355.73,1559474
2024-10-29,MSFT,355.32,359.17,355.32,358.53,12669854
2024-10-30,MSFT,360.08,365.03,360.08,363.3,3029028
2024-10-31,MSFT,364.29,364.29,361.78,362.05,8549383
2024-11-01,MSFT,361.36,362.54,360.99,361.21,10323762
2024-11-04,MSFT,359.57,359.57,358.45,358.58,3014764
2024-11-05,MSFT,358.36,359.36,354.66,356.86,6751498
2024-11-06,MSFT,358.95,358.95,353.53,354.29,14813710
2024-11-07,MSFT,353.67,354.21,348.72,351.39,6711492
2024-11-08,MSFT,351.28,351.28,345.62,349.11,5287832
2024-11-11,MSFT,346.93,349.26,345.2,347.69,13180152
2024-11-12,MSFT,346.29,346.29,344.57,344.8,12323285
2024-11-13,MSFT,344.78,345.32,342.71,345.13,3319522
2024-11-14,MSFT,344.44,347.97,344.44,346.83,13691083
2024-11-15,MSFT,347.87,349.84,347.87,349.41,7549357
2024-11-18,MSFT,351.67,351.67,343.52,344.37,9453864
2024-11-19,MSFT,344.46,344.46,340.36,342.83,9305294
2024-11-20,MSFT,342.61,344.81,342.24,343.62,12731334
2024-11-21,MSFT,344.14,344.14,340.38,341.14,8442845
2024-11-22,MSFT,339.37,342.83,339.37,342.73,7912940
2024-11-25,MSFT,342.31,344.05,341.27,341.88,12336598
2024-11-26,MSFT,342.22,347.2,342.22,346.98,13038594
2024-11-27,MSFT,346.83,348.78,345.84,347.66,10619088
2024-11-28,MSFT,344.98,344.98,341.05,341.54,14291911
2024-11-29,MSFT,342.7,344.91,342.27,343.95,9535279
2024-12-02,MSFT,344.08,344.08,338.76,339.91,7006254
2024-12-03,MSFT,341.05,346.12,341.05,344.54,14258507
2024-12-04,MSFT,343.62,344.91,341.16,342.17,13337442
2024-12-05,MSFT,344.1,344.1,337.8,338.73,12799847
2024-12-06,MSFT,339.58,339.58,331.31,332.47,1689058
2024-12-09,MSFT,332.45,332.45,328.6,329.99,11757779
2024-12-10,MSFT,329.72,329.72,326.85,327.19,5429085
2024-12-11,MSFT,328.63,331.04,328.63,330.68,10209914
2024-12-12,MSFT,331.19,333.26,330.99,332.52,7121770
2024-12-13,MSFT,332.41,334.84,332.41,333.82,7713893
2024-12-16,MSFT,335.09,335.09,332.27,333.03,6574159
2024-12-17,MSFT,334.86,334.86,329.57,331.5,4551058
2024-12-18,MSFT,331.84,331.84,329.29,329.7,7471024
2024-12-19,MSFT,329.82,329.82,324.52,327.0,8029923
2024-12-20,MSFT,327.46,333.23,327.46,331.21,10143556
2024-12-23,MSFT,330.67,330.67,326.32,327.16,5986863
2024-12-24,MSFT,325.18,326.41,323.13,326.16,11768508
2024-12-25,MSFT,326.88,326.88,325.02,325.41,6659386
2024-12-26,MSFT,326.78,328.44,326.59,328.17,10941837
2024-12-27,MSFT,327.29,327.29,325.64,326.36,7532481
2024-12-30,MSFT,326.68,326.68,320.79,320.89,8736259
2024-12-31,MSFT,321.28,324.96,321.28,324.74,4112292
2022-01-03,GOOGL,143.69,143.69,141.55,142.05,1599517
2022-01-04,GOOGL,141.82,143.02,141.45,142.27,5361603
2022-01-05,GOOGL,143.07,147.11,143.07,145.51,10868806
2022-01-06,GOOGL,145.65,145.65,144.73,145.25,11197445
2022-01-07,GOOGL,145.13,145.13,142.46,142.85,5864111
2022-01-10,GOOGL,142.13,145.35,142.13,144.8,8607681
2022-01-11,GOOGL,145.25,145.25,142.85,143.05,842574
2022-01-12,GOOGL,143.16,143.16,140.97,141.38,4719024
2022-01-13,GOOGL,140.98,140.98,137.84,138.57,9585068
2022-01-14,GOOGL,139.51,139.51,134.29,134.41,1538802
2022-01-17,GOOGL,134.04,134.04,131.68,132.41,11314924
2022-01-18,GOOGL,133.07,133.72,132.38,132.7,4590434
2022-01-19,GOOGL,133.0,133.75,133.0,133.64,3269448
2022-01-20,GOOGL,133.99,133.99,131.8,132.71,10424235
2022-01-21,GOOGL,132.74,132.74,131.07,131.3,2340130
2022-01-24,GOOGL,130.95,133.06,130.95,132.18,4041393
2022-01-25,GOOGL,132.41,132.41,130.75,130.85,4008348
2022-01-26,GOOGL,130.67,133.53,130.67,132.75,6597412
2022-01-27,GOOGL,133.47,133.47,131.95,132.62,8235459
2022-01-28,GOOGL,133.31,133.31,131.28,132.47,6169826
2022-01-31,GOOGL,131.83,132.3,131.49,131.96,11725997
2022-02-01,GOOGL,131.89,134.85,131.89,134.65,14610614
2022-02-02,GOOGL,135.51,137.25,135.51,136.59,3388794
2022-02-03,GOOGL,136.84,137.21,135.61,136.36,5363028
2022-02-04,GOOGL,136.37,136.37,131.64,133.82,11633826
2022-02-07,GOOGL,134.55,134.55,131.52,132.1,1375909
2022-02-08,GOOGL,132.19,133.43,131.98,132.57,6953638
2022-02-09,GOOGL,132.6,135.22,132.6,134.99,830079
2022-02-10,GOOGL,134.79,134.79,131.52,132.09,9327024
2022-02-11,GOOGL,133.08,134.53,133.08,133.56,843089
2022-02-14,GOOGL,132.89,134.68,132.89,134.47,12364998
2022-02-15,GOOGL,134.06,134.06,130.22,130.23,6687318
2022-02-16,GOOGL,129.89,130.75,128.77,129.51,9470721
2022-02-17,GOOGL,128.52,128.52,127.23,127.4,3141067
2022-02-18,GOOGL,127.36,127.89,126.96,127.6,13169886
2022-02-21,GOOGL,127.33,130.94,127.33,130.94,6140938
2022-02-22,GOOGL,130.32,133.15,130.32,132.15,4663038
2022-02-23,GOOGL,132.93,134.77,132.93,134.34,14416975
2022-02-24,GOOGL,134.4,135.02,133.96,134.33,529155
2022-02-25,GOOGL,133.8,138.04,133.8,137.58,13883563
2022-02-28,GOOGL,136.44,140.22,136.44,139.4,4956656
2022-03-01,GOOGL,139.12,140.49,139.12,140.44,10493324
2022-03-02,GOOGL,140.53,142.59,140.53,142.33,11717466
2022-03-03,GOOGL,142.77,143.91,142.77,143.22,13736305
2022-03-04,GOOGL,142.77,145.73,142.77,145.42,13348307
2022-03-07,GOOGL,144.78,145.91,144.78,145.82,4445715
2022-03-08,GOOGL,147.14,147.14,141.79,141.88,11817763
2022-03-09,GOOGL,141.16,141.16,139.05,140.12,10868517
2022-03-10,GOOGL,140.26,140.26,137.85,137.98,3143394
2022-03-11,GOOGL,137.26,137.45,136.64,137.42,12140953
2022-03-14,GOOGL,136.42,136.42,134.55,134.78,1041684
2022-03-15,GOOGL,135.14,135.14,132.24,132.64,13318442
2022-03-16,GOOGL,132.92,135.22,132.92,134.55,3658821
2022-03-17,GOOGL,134.3,136.16,134.3,135.23,2476990
2022-03-18,GOOGL,135.41,136.53,135.41,135.88,14420047
2022-03-21,GOOGL,135.97,138.2,135.97,137.14,12482807
2022-03-22,GOOGL,137.4,139.19,137.4,138.84,6233746
2022-03-23,GOOGL,137.96,137.96,135.68,136.7,8017796
2022-03-24,GOOGL,137.68,140.39,137.68,138.56,8602296
2022-03-25,GOOGL,138.6,139.31,137.52,138.76,12169449
2022-03-28,GOOGL,138.56,140.27,138.03,138.92,6350809
2022-03-29,GOOGL,138.62,138.62,137.08,137.09,5100750
2022-03-30,GOOGL,136.42,136.61,135.88,136.21,8559634
2022-03-31,GOOGL,136.34,136.34,135.51,135.62,4574681
2022-04-01,GOOGL,136.74,136.74,133.16,134.68,2251782
2022-04-04,GOOGL,134.47,134.47,132.38,133.12,13142193
2022-04-05,GOOGL,133.48,134.96,133.48,133.57,14844376
2022-04-06,GOOGL,134.27,134.27,132.0,132.59,10453802
2022-04-07,GOOGL,132.11,132.11,130.87,131.62,10204463
2022-04-08,GOOGL,132.02,132.02,127.16,127.5,8514873
2022-04-11,GOOGL,127.38,128.71,127.38,128.24,11006183
2022-04-12,GOOGL,127.49,127.49,126.16,126.9,12956829
2022-04-13,GOOGL,127.42,127.58,126.6,127.45,1396871
2022-04-14,GOOGL,127.79,127.79,126.5,127.36,5745873
2022-04-15,GOOGL,127.54,128.03,126.84,127.6,14516582
2022-04-18,GOOGL,128.62,128.62,127.08,127.87,10198684
2022-04-19,GOOGL,128.2,128.2,124.17,126.06,3153601
2022-04-20,GOOGL,126.47,126.47,125.1,125.24,1727716
2022-04-21,GOOGL,126.01,126.01,121.92,122.25,7987316
2022-04-22,GOOGL,122.59,122.59,119.44,120.42,13641303
2022-04-25,GOOGL,120.16,120.16,118.87,119.01,7955287
2022-04-26,GOOGL,118.97,118.97,117.77,118.0,2289914
2022-04-27,GOOGL,118.51,119.62,118.25,118.25,695688
2022-04-28,GOOGL,118.16,118.16,117.42,117.89,1012943
2022-04-29,GOOGL,118.22,119.78,118.22,119.29,8552827
2022-05-02,GOOGL,118.35,121.07,118.35,121.02,12500794
2022-05-03,GOOGL,121.29,121.29,119.38,120.47,13432006
2022-05-04,GOOGL,120.05,120.05,117.86,118.61,14371212
2022-05-05,GOOGL,118.46,120.59,118.46,120.14,7512367
2022-05-06,GOOGL,119.94,123.35,119.94,122.94,9477140
2022-05-09,GOOGL,123.3,123.3,122.79,123.04,11801061
2022-05-10,GOOGL,122.89,122.89,119.64,120.73,10081487
2022-05-11,GOOGL,119.82,120.28,118.73,119.97,3656064
2022-05-12,GOOGL,120.44,120.44,118.76,119.64,2241989
2022-05-13,GOOGL,119.68,119.78,118.54,119.74,4135934
2022-05-16,GOOGL,119.44,120.14,118.71,119.41,9434707
2022-05-17,GOOGL,119.46,121.95,119.46,121.92,12422115
2022-05-18,GOOGL,122.7,122.7,116.96,117.79,11645978
2022-05-19,GOOGL,117.33,120.79,117.33,120.25,3531038
2022-05-20,GOOGL,120.74,123.77,120.74,123.33,10274510
2022-05-23,GOOGL,123.91,126.86,123.91,125.77,1064826
2022-05-24,GOOGL,125.7,125.7,122.02,122.41,11478419
2022-05-25,GOOGL,123.29,123.29,121.53,122.16,12883890
2022-05-26,GOOGL,122.47,122.47,121.57,122.19,7614564
2022-05-27,GOOGL,122.45,126.02,122.45,125.03,11731487
2022-05-30,GOOGL,125.36,129.09,125.36,127.73,3825439
2022-05-31,GOOGL,128.07,128.33,127.73,127.91,5708689
2022-06-01,GOOGL,127.49,127.49,126.19,126.49,2481661
2022-06-02,GOOGL,126.06,127.32,126.06,127.04,5535324
2022-06-03,GOOGL,126.95,129.76,126.95,129.64,1406545
2022-06-06,GOOGL,129.66,132.4,129.66,131.59,10335107
2022-06-07,GOOGL,132.32,135.53,132.32,134.93,1617945
2022-06-08,GOOGL,134.44,135.01,133.0,134.03,12843962
2022-06-09,GOOGL,134.78,137.27,134.78,135.43,2871485
2022-06-10,GOOGL,135.43,136.38,135.42,135.5,6944706
2022-06-13,GOOGL,135.22,136.77,135.22,136.09,14819522
2022-06-14,GOOGL,136.68,136.68,135.72,135.87,14592755
2022-06-15,GOOGL,136.47,136.47,133.32,133.43,6354120
2022-06-16,GOOGL,133.83,136.98,133.83,135.72,12309779
2022-06-17,GOOGL,137.33,137.33,136.48,136.52,4092047
2022-06-20,GOOGL,136.25,137.72,136.25,137.1,6306768
2022-06-21,GOOGL,136.89,141.67,136.89,140.89,12534690
2022-06-22,GOOGL,139.2,141.49,139.2,140.37,8182504
2022-06-23,GOOGL,140.62,140.99,139.95,140.74,7432865
2022-06-24,GOOGL,140.9,142.46,140.9,142.15,1464825
2022-06-27,GOOGL,141.9,141.9,140.1,141.0,11173465
2022-06-28,GOOGL,140.13,140.56,140.13,140.29,11155299
2022-06-29,GOOGL,141.29,141.29,139.9,140.75,2783944
2022-06-30,GOOGL,140.41,144.24,140.41,143.56,7341858
2022-07-01,GOOGL,143.49,145.31,143.49,144.69,9599214
2022-07-04,GOOGL,144.68,147.18,144.68,146.22,4442287
2022-07-05,GOOGL,146.51,146.51,144.44,144.63,14421190
2022-07-06,GOOGL,144.12,144.12,141.84,142.02,7232416
2022-07-07,GOOGL,142.23,142.23,141.45,141.49,7153607
2022-07-08,GOOGL,141.07,141.07,139.63,139.97,6531346
2022-07-11,GOOGL,139.78,139.78,136.28,137.22,7088318
2022-07-12,GOOGL,138.36,141.23,138.36,140.23,14389471
2022-07-13,GOOGL,141.16,141.16,139.29,139.6,11905500
2022-07-14,GOOGL,139.66,139.66,137.69,138.68,1595386
2022-07-15,GOOGL,138.4,138.54,137.11,137.88,3225391
2022-07-18,GOOGL,137.24,139.79,137.24,138.64,6008951
2022-07-19,GOOGL,140.37,143.36,140.37,142.66,14159919
2022-07-20,GOOGL,142.53,142.53,139.89,141.01,4242267
2022-07-21,GOOGL,141.61,141.61,141.3,141.52,1575154
2022-07-22,GOOGL,140.71,140.76,139.92,140.52,6735195
2022-07-25,GOOGL,140.4,141.12,139.62,140.66,3957716
2022-07-26,GOOGL,140.5,140.76,139.89,140.13,6572258
2022-07-27,GOOGL,139.71,140.4,139.59,140.0,11931910
2022-07-28,GOOGL,139.37,143.04,139.37,140.83,12470286
2022-07-29,GOOGL,140.5,140.5,140.03,140.06,3732968
2022-08-01,GOOGL,139.83,139.83,139.06,139.37,11605570
2022-08-02,GOOGL,138.59,138.59,137.1,137.32,5691380
2022-08-03,GOOGL,137.48,139.27,137.48,138.72,11465897
2022-08-04,GOOGL,137.89,142.92,137.89,142.7,2716649
2022-08-05,GOOGL,142.3,147.34,142.3,146.0,11677130
2022-08-08,GOOGL,147.23,149.36,146.85,148.37,8029173
2022-08-09,GOOGL,148.64,149.37,148.64,149.02,6304333
2022-08-10,GOOGL,148.84,148.84,145.69,147.43,10576751
2022-08-11,GOOGL,146.86,147.01,146.36,146.78,12043128
2022-08-12,GOOGL,146.81,147.33,146.05,147.1,9387759
2022-08-15,GOOGL,147.49,147.49,144.93,146.58,2953856
2022-08-16,GOOGL,147.24,147.36,146.45,146.74,2284127
2022-08-17,GOOGL,146.97,148.67,146.97,147.8,14656673
2022-08-18,GOOGL,147.51,147.51,146.3,147.23,12983334
2022-08-19,GOOGL,147.16,147.96,146.9,147.79,3537851
2022-08-22,GOOGL,148.24,148.24,142.84,144.55,1362697
2022-08-23,GOOGL,144.24,146.54,144.24,145.86,5351002
2022-08-24,GOOGL,146.05,149.95,146.05,148.65,6704160
2022-08-25,GOOGL,148.57,151.47,148.57,151.27,1008359
2022-08-26,GOOGL,151.59,151.85,150.17,150.97,12971776
2022-08-29,GOOGL,150.05,155.13,150.05,153.82,4816200
2022-08-30,GOOGL,153.68,153.68,152.45,152.63,12808574
2022-08-31,GOOGL,153.1,153.1,150.21,151.1,11374632
2022-09-01,GOOGL,151.37,154.01,150.94,151.92,9100808
2022-09-02,GOOGL,152.49,152.49,150.37,151.24,986207
2022-09-05,GOOGL,150.45,152.77,150.45,152.27,10133571
2022-09-06,GOOGL,152.08,154.06,150.82,152.06,8895907
2022-09-07,GOOGL,153.11,153.11,148.38,148.55,3647529
2022-09-08,GOOGL,148.25,149.52,148.25,148.98,14172485
2022-09-09,GOOGL,149.5,149.5,146.52,147.75,6019584
2022-09-12,GOOGL,147.19,148.04,146.61,147.87,11929557
2022-09-13,GOOGL,147.85,147.85,146.84,147.51,1966561
2022-09-14,GOOGL,147.7,147.7,144.65,144.93,1671607
2022-09-15,GOOGL,144.76,144.76,144.17,144.33,12933875
2022-09-16,GOOGL,143.68,148.67,143.68,147.94,14143428
2022-09-19,GOOGL,146.8,149.74,146.8,149.35,10271479
2022-09-20,GOOGL,149.4,149.4,147.37,148.2,3558275
2022-09-21,GOOGL,147.91,148.67,147.73,147.79,3812487
2022-09-22,GOOGL,147.03,147.03,144.84,145.55,7779824
2022-09-23,GOOGL,146.07,146.57,144.44,144.91,1609413
2022-09-26,GOOGL,145.19,145.19,142.88,143.52,8880766
2022-09-27,GOOGL,144.17,145.43,143.69,144.4,6618030
2022-09-28,GOOGL,144.48,144.48,142.62,142.94,6230455
2022-09-29,GOOGL,142.99,142.99,141.68,141.85,14914676
2022-09-30,GOOGL,141.95,143.11,141.95,142.74,5199843
2022-10-03,GOOGL,143.0,144.87,143.0,144.79,7116280
2022-10-04,GOOGL,145.39,145.94,143.89,144.69,4176671
2022-10-05,GOOGL,144.19,144.19,141.16,141.57,7852170
2022-10-06,GOOGL,141.11,141.11,138.08,139.5,5882807
2022-10-07,GOOGL,140.34,142.82,140.34,142.41,4395832
2022-10-10,GOOGL,141.92,141.92,139.59,139.94,14835868
2022-10-11,GOOGL,140.12,140.12,137.72,139.05,11115216
2022-10-12,GOOGL,139.73,139.73,138.31,138.35,11050148
2022-10-13,GOOGL,138.6,138.72,137.59,138.16,6688520
2022-10-14,GOOGL,137.48,137.48,133.12,134.08,11096483
2022-10-17,GOOGL,133.78,135.86,133.78,135.35,12718942
2022-10-18,GOOGL,134.83,139.68,134.83,139.05,4010442
2022-10-19,GOOGL,139.37,139.37,137.63,138.65,4961194
2022-10-20,GOOGL,138.66,138.66,136.21,137.04,4613198
2022-10-21,GOOGL,135.94,135.94,133.04,133.9,14483334
2022-10-24,GOOGL,134.79,134.79,131.71,132.03,6331724
2022-10-25,GOOGL,132.23,132.23,131.62,131.78,4711593
2022-10-26,GOOGL,132.25,132.39,130.4,132.3,11010449
2022-10-27,GOOGL,131.59,133.52,131.59,132.98,9514833
2022-10-28,GOOGL,133.24,133.24,130.42,131.1,13880632
2022-10-31,GOOGL,131.52,131.9,131.43,131.78,7369436
2022-11-01,GOOGL,132.6,133.62,132.6,133.57,11149086
2022-11-02,GOOGL,133.15,134.08,133.15,133.75,5967544
2022-11-03,GOOGL,134.16,134.47,133.15,134.44,879193
2022-11-04,GOOGL,134.17,135.97,134.17,135.76,14254759
2022-11-07,GOOGL,135.29,136.2,135.29,136.13,1693317
2022-11-08,GOOGL,135.91,137.83,135.91,136.91,11706599
2022-11-09,GOOGL,137.49,138.93,137.49,138.36,2127049
2022-11-10,GOOGL,138.56,139.43,138.56,139.08,5435302
2022-11-11,GOOGL,138.59,139.06,137.69,138.11,10778718
2022-11-14,GOOGL,138.91,139.11,137.72,138.32,9356718
2022-11-15,GOOGL,138.98,142.39,138.98,141.64,14100560
2022-11-16,GOOGL,141.24,142.69,141.24,142.29,11003152
2022-11-17,GOOGL,142.12,144.78,142.12,143.69,1546432
2022-11-18,GOOGL,143.44,143.5,141.67,142.52,10585349
2022-11-21,GOOGL,142.99,143.05,141.65,142.6,7449419
2022-11-22,GOOGL,142.7,142.7,140.04,140.45,4370622
2022-11-23,GOOGL,140.43,140.85,140.14,140.69,9627702
2022-11-24,GOOGL,140.81,140.81,138.73,138.93,8254216
2022-11-25,GOOGL,138.93,140.29,138.93,140.0,3499072
2022-11-28,GOOGL,140.43,142.04,139.55,140.84,5832144
2022-11-29,GOOGL,141.6,143.33,141.46,142.05,14735733
2022-11-30,GOOGL,142.62,144.24,142.58,143.47,14932981
2022-12-01,GOOGL,142.85,145.13,142.85,144.49,14087706
2022-12-02,GOOGL,144.55,144.55,142.1,142.14,1061064
2022-12-05,GOOGL,141.8,142.99,141.66,142.15,10784699
2022-12-06,GOOGL,142.52,142.52,140.84,141.27,9493031
2022-12-07,GOOGL,140.72,140.72,137.59,138.93,3482676
2022-12-08,GOOGL,138.7,139.95,138.7,139.16,12040620
2022-12-09,GOOGL,138.45,139.39,138.45,139.33,7904301
2022-12-12,GOOGL,139.2,142.07,139.2,141.3,1967488
2022-12-13,GOOGL,141.1,141.1,138.73,139.22,503909
2022-12-14,GOOGL,139.15,140.42,138.97,139.58,9297309
2022-12-15,GOOGL,139.81,139.81,136.18,136.28,12639691
2022-12-16,GOOGL,136.54,136.88,134.12,134.86,14757385
2022-12-19,GOOGL,134.68,135.8,133.95,134.95,7141306
2022-12-20,GOOGL,134.55,136.19,134.55,135.9,11345997
2022-12-21,GOOGL,136.0,136.44,136.0,136.41,3032865
2022-12-22,GOOGL,137.51,137.51,134.34,134.62,13486583
2022-12-23,GOOGL,134.46,134.46,132.23,132.3,12116300
2022-12-26,GOOGL,133.23,133.23,131.25,131.81,6755103
2022-12-27,GOOGL,131.83,134.35,131.83,134.26,3337787
2022-12-28,GOOGL,134.23,134.23,132.68,132.82,11605764
2022-12-29,GOOGL,132.52,132.52,129.38,130.66,13565450
2022-12-30,GOOGL,131.4,132.47,130.8,131.19,4789747
2023-01-02,GOOGL,130.82,133.11,130.82,132.33,3100913
2023-01-03,GOOGL,132.2,133.52,132.2,133.52,1572143
2023-01-04,GOOGL,133.88,133.88,131.77,132.53,8532169
2023-01-05,GOOGL,132.82,132.82,129.4,129.85,4859518
2023-01-06,GOOGL,131.02,131.02,128.29,129.27,2941992
2023-01-09,GOOGL,130.23,130.51,129.7,130.14,2590827
2023-01-10,GOOGL,129.94,129.94,126.14,126.94,4507131
2023-01-11,GOOGL,126.78,126.78,123.68,125.35,14869093
2023-01-12,GOOGL,125.06,126.13,124.25,125.24,11387306
2023-01-13,GOOGL,126.45,126.45,123.47,124.31,13458220
2023-01-16,GOOGL,124.43,126.27,124.43,125.56,5561784
2023-01-17,GOOGL,124.66,126.98,124.66,126.89,7018378
2023-01-18,GOOGL,126.98,128.43,126.33,127.41,9093416
2023-01-19,GOOGL,126.96,127.53,126.96,127.43,3323077
2023-01-20,GOOGL,126.84,129.02,126.84,128.96,14550042
2023-01-23,GOOGL,128.69,131.5,128.69,130.84,8879445
2023-01-24,GOOGL,130.77,130.77,128.26,129.2,9360663
2023-01-25,GOOGL,129.73,129.73,127.77,127.92,8319105
2023-01-26,GOOGL,127.35,127.35,126.38,126.94,11611052
2023-01-27,GOOGL,127.6,127.6,125.91,126.75,13676239
2023-01-30,GOOGL,126.52,126.52,123.93,124.08,8648756
2023-01-31,GOOGL,123.66,123.66,121.01,121.33,2940954
2023-02-01,GOOGL,121.1,121.51,120.25,120.44,14571424
2023-02-02,GOOGL,120.3,122.5,120.3,121.7,14926603
2023-02-03,GOOGL,121.39,122.43,121.39,122.42,12947683
2023-02-06,GOOGL,121.69,122.86,121.69,122.85,13349322
2023-02-07,GOOGL,122.67,123.95,122.31,123.95,4284694
2023-02-08,GOOGL,123.47,128.68,123.47,128.55,6185264
2023-02-09,GOOGL,128.31,131.93,128.31,131.14,13400812
2023-02-10,GOOGL,130.52,130.52,128.57,128.75,6542380
2023-02-13,GOOGL,129.17,131.23,129.17,130.89,3397370
2023-02-14,GOOGL,130.72,130.72,127.12,127.19,6726736
2023-02-15,GOOGL,126.51,128.11,126.51,127.05,9415852
2023-02-16,GOOGL,127.77,128.05,126.8,127.34,6174186
2023-02-17,GOOGL,126.63,129.24,126.63,128.95,964207
2023-02-20,GOOGL,128.5,128.55,127.3,127.75,7981896
2023-02-21,GOOGL,128.24,128.64,128.17,128.18,10503500
2023-02-22,GOOGL,128.37,128.55,127.29,128.42,11590278
2023-02-23,GOOGL,128.32,129.32,128.32,128.72,13472928
2023-02-24,GOOGL,128.96,128.96,128.06,128.27,3356912
2023-02-27,GOOGL,128.71,128.78,126.34,127.68,1082119
2023-02-28,GOOGL,127.7,127.7,124.96,125.17,10871292
2023-03-01,GOOGL,126.22,126.22,124.13,124.88,2146766
2023-03-02,GOOGL,124.92,126.83,124.92,126.68,7261230
2023-03-03,GOOGL,127.23,130.43,127.23,130.19,13797827
2023-03-06,GOOGL,130.22,130.22,128.45,128.79,5322494
2023-03-07,GOOGL,128.84,131.22,128.84,130.68,8625728
2023-03-08,GOOGL,130.51,131.32,130.51,131.26,9542636
2023-03-09,GOOGL,130.44,130.44,128.06,128.23,11195060
2023-03-10,GOOGL,128.28,128.28,124.67,124.83,6047431
2023-03-13,GOOGL,124.83,124.83,123.69,124.2,5473036
2023-03-14,GOOGL,124.12,124.12,122.61,122.78,9609092
2023-03-15,GOOGL,122.58,126.77,122.58,126.68,1404825
2023-03-16,GOOGL,126.42,128.31,126.42,127.85,10282936
2023-03-17,GOOGL,128.29,128.29,125.95,126.25,5418755
2023-03-20,GOOGL,127.18,129.35,127.18,128.85,7979490
2023-03-21,GOOGL,129.63,129.63,128.72,128.73,2633278
2023-03-22,GOOGL,128.99,128.99,127.14,127.68,7753009
2023-03-23,GOOGL,126.94,128.53,126.94,128.41,2100023
2023-03-24,GOOGL,128.11,129.57,127.57,127.67,11597522
2023-03-27,GOOGL,127.28,127.28,125.19,125.42,7342066
2023-03-28,GOOGL,125.5,126.94,125.5,126.52,8159608
2023-03-29,GOOGL,127.06,127.16,126.66,126.94,12801803
2023-03-30,GOOGL,126.05,126.05,125.14,125.63,561084
2023-03-31,GOOGL,125.01,125.01,121.79,122.76,3150552
2023-04-03,GOOGL,122.14,122.32,121.96,122.16,7855141
2023-04-04,GOOGL,121.62,121.62,120.34,120.44,6258069
2023-04-05,GOOGL,120.37,120.37,119.64,119.82,6959012
2023-04-06,GOOGL,119.67,121.75,119.67,121.16,9291229
2023-04-07,GOOGL,120.8,120.8,119.13,119.24,9610284
2023-04-10,GOOGL,119.78,119.78,116.64,117.02,13510722
2023-04-11,GOOGL,116.51,117.64,115.89,117.51,9620965
2023-04-12,GOOGL,117.48,117.57,116.26,117.35,9203139
2023-04-13,GOOGL,117.84,117.84,117.29,117.74,7006487
2023-04-14,GOOGL,119.04,119.04,118.27,118.48,658058
2023-04-17,GOOGL,118.71,118.71,117.24,117.71,7506717
2023-04-18,GOOGL,117.61,120.06,117.61,118.77,737397
2023-04-19,GOOGL,119.04,119.04,115.33,115.67,2003887
2023-04-20,GOOGL,115.64,116.4,115.54,116.18,4688517
2023-04-21,GOOGL,115.6,117.57,115.6,116.96,9775190
2023-04-24,GOOGL,115.61,118.75,115.61,117.16,9453212
2023-04-25,GOOGL,117.04,118.73,117.04,118.62,13260021
2023-04-26,GOOGL,118.59,120.22,118.59,119.5,3029960
2023-04-27,GOOGL,119.24,122.26,119.24,121.29,7195152
2023-04-28,GOOGL,121.01,125.15,121.01,124.7,4953176
2023-05-01,GOOGL,124.8,127.5,124.8,126.01,8204997
2023-05-02,GOOGL,125.69,125.69,124.35,124.59,4275451
2023-05-03,GOOGL,124.94,124.94,122.45,122.6,13541658
2023-05-04,GOOGL,122.7,122.82,121.0,122.02,8381895
2023-05-05,GOOGL,122.68,122.68,120.93,121.17,4189981
2023-05-08,GOOGL,120.81,120.81,119.38,119.98,11148629
2023-05-09,GOOGL,120.0,120.78,119.85,119.96,11387046
2023-05-10,GOOGL,120.61,121.61,120.61,120.86,8399212
2023-05-11,GOOGL,121.07,122.28,120.73,121.47,5932367
2023-05-12,GOOGL,120.66,120.92,120.26,120.74,8308796
2023-05-15,GOOGL,120.85,122.1,120.85,121.92,8151378
2023-05-16,GOOGL,121.95,122.93,121.95,122.59,14049038
2023-05-17,GOOGL,122.49,122.88,122.49,122.86,14506362
2023-05-18,GOOGL,122.79,122.79,121.88,122.2,14712495
2023-05-19,GOOGL,121.24,122.78,121.24,122.41,3919047
2023-05-22,GOOGL,122.77,123.46,122.74,123.38,2305084
2023-05-23,GOOGL,123.47,125.13,123.47,125.1,14626465
2023-05-24,GOOGL,125.03,125.03,124.0,124.47,7182972
2023-05-25,GOOGL,124.12,124.12,121.35,121.51,6762497
2023-05-26,GOOGL,121.57,121.57,118.95,119.76,6934251
2023-05-29,GOOGL,119.76,119.76,118.59,118.98,12627732
2023-05-30,GOOGL,119.39,119.86,119.32,119.38,11590477
2023-05-31,GOOGL,119.5,119.99,118.75,119.4,5612630
2023-06-01,GOOGL,119.83,119.83,117.78,118.59,2906398
2023-06-02,GOOGL,119.29,119.29,116.18,116.36,11129306
2023-06-05,GOOGL,116.58,117.5,116.58,117.32,5724233
2023-06-06,GOOGL,117.69,119.61,117.69,119.35,7354708
2023-06-07,GOOGL,119.15,123.0,119.15,122.86,13090479
2023-06-08,GOOGL,123.72,123.72,120.46,120.49,13268445
2023-06-09,GOOGL,120.38,120.38,116.93,117.72,6001645
2023-06-12,GOOGL,117.43,117.43,115.37,116.48,6166820
2023-06-13,GOOGL,116.26,116.26,114.54,115.01,9480258
2023-06-14,GOOGL,115.05,115.29,114.34,114.98,10711698
2023-06-15,GOOGL,114.92,116.68,114.92,116.61,7512213
2023-06-16,GOOGL,116.26,116.67,115.86,116.43,11337988
2023-06-19,GOOGL,116.01,116.44,115.19,115.84,4583889
2023-06-20,GOOGL,115.88,115.88,115.05,115.14,10158231
2023-06-21,GOOGL,115.14,116.33,115.14,115.97,1256871
2023-06-22,GOOGL,116.4,116.4,115.41,115.66,7333924
2023-06-23,GOOGL,115.27,115.27,114.36,114.76,902698
2023-06-26,GOOGL,114.51,115.84,114.51,115.32,1703371
2023-06-27,GOOGL,115.56,117.01,115.56,115.87,1690514
2023-06-28,GOOGL,116.02,116.04,115.43,115.94,5963628
2023-06-29,GOOGL,115.99,116.09,114.93,115.54,7849608
2023-06-30,GOOGL,115.15,118.71,115.15,117.59,4400332
2023-07-03,GOOGL,118.19,118.31,117.38,117.95,14815144
2023-07-04,GOOGL,118.75,118.75,117.61,117.65,7226089
2023-07-05,GOOGL,116.56,116.56,114.02,114.45,5566059
2023-07-06,GOOGL,114.98,117.63,114.98,117.23,4539569
2023-07-07,GOOGL,116.91,117.32,116.2,117.25,6579631
2023-07-10,GOOGL,118.25,118.25,117.3,117.38,7318825
2023-07-11,GOOGL,118.15,118.15,116.67,116.75,11829516
2023-07-12,GOOGL,117.31,117.31,116.99,117.07,14374765
2023-07-13,GOOGL,116.69,118.43,116.69,117.68,13976686
2023-07-14,GOOGL,118.23,118.23,117.07,117.66,11446477
2023-07-17,GOOGL,117.96,118.01,117.13,117.14,12468575
2023-07-18,GOOGL,117.25,117.25,114.76,115.92,2797691
2023-07-19,GOOGL,116.0,117.73,116.0,117.31,5256676
2023-07-20,GOOGL,117.23,119.34,117.23,118.51,8968225
2023-07-21,GOOGL,117.87,118.74,117.49,117.94,11923583
2023-07-24,GOOGL,118.02,118.02,115.25,115.8,10669651
2023-07-25,GOOGL,115.68,116.0,114.46,115.17,11911551
2023-07-26,GOOGL,115.25,115.25,113.03,113.3,9682403
2023-07-27,GOOGL,113.38,114.2,113.38,113.9,2462871
2023-07-28,GOOGL,113.97,115.73,113.9,114.29,529061
2023-07-31,GOOGL,114.62,114.62,111.77,112.41,7346754
2023-08-01,GOOGL,112.13,112.13,110.08,110.39,2228212
2023-08-02,GOOGL,110.75,112.27,110.75,111.72,3389394
2023-08-03,GOOGL,111.8,111.8,111.04,111.42,4825703
2023-08-04,GOOGL,111.59,111.59,110.14,110.83,9301013
2023-08-07,GOOGL,111.14,113.86,111.14,113.44,14647532
2023-08-08,GOOGL,112.78,114.12,112.55,113.08,1006692
2023-08-09,GOOGL,113.62,113.62,112.42,112.47,13911564
2023-08-10,GOOGL,112.43,112.43,110.07,110.13,8839970
2023-08-11,GOOGL,110.05,110.25,109.74,110.13,7188019
2023-08-14,GOOGL,109.65,109.74,109.12,109.16,10923898
2023-08-15,GOOGL,109.14,109.14,105.94,106.75,3279329
2023-08-16,GOOGL,106.47,106.47,103.77,103.82,10116146
2023-08-17,GOOGL,103.96,104.19,103.52,104.1,9141304
2023-08-18,GOOGL,104.44,104.44,103.72,103.82,3876073
2023-08-21,GOOGL,103.92,103.92,101.84,102.2,5131929
2023-08-22,GOOGL,102.39,102.39,100.73,101.47,14057279
2023-08-23,GOOGL,100.97,104.16,100.97,103.79,11142552
2023-08-24,GOOGL,103.43,104.15,103.34,104.03,10868851
2023-08-25,GOOGL,103.65,103.65,101.9,102.97,11762327
2023-08-28,GOOGL,102.61,102.61,101.46,101.48,6390285
2023-08-29,GOOGL,102.54,102.54,100.88,101.03,13523033
2023-08-30,GOOGL,101.32,101.32,100.23,100.94,4817784
2023-08-31,GOOGL,100.95,102.11,100.95,101.86,2114458
2023-09-01,GOOGL,101.8,102.38,101.78,102.28,2058593
2023-09-04,GOOGL,101.85,103.71,101.85,103.43,13277676
2023-09-05,GOOGL,103.81,104.54,103.76,103.89,5292362
2023-09-06,GOOGL,104.75,104.75,102.18,102.22,9157935
2023-09-07,GOOGL,102.28,103.04,102.28,102.91,5370508
2023-09-08,GOOGL,102.9,102.9,101.45,102.34,13252149
2023-09-11,GOOGL,102.31,103.03,102.14,102.44,3307008
2023-09-12,GOOGL,102.34,102.34,100.86,101.64,8323974
2023-09-13,GOOGL,101.07,104.22,101.07,103.94,9718579
2023-09-14,GOOGL,104.16,104.16,103.57,103.69,13071710
2023-09-15,GOOGL,103.24,105.56,103.24,104.69,4350693
2023-09-18,GOOGL,104.59,105.95,104.59,105.8,9704705
2023-09-19,GOOGL,105.93,107.04,105.68,106.46,9817794
2023-09-20,GOOGL,106.64,108.91,106.64,108.86,2528860
2023-09-21,GOOGL,109.04,109.44,109.04,109.15,1217313
2023-09-22,GOOGL,109.87,110.43,108.72,110.41,981090
2023-09-25,GOOGL,110.17,110.17,109.07,109.26,6466688
2023-09-26,GOOGL,110.13,110.13,107.95,108.25,10587510
2023-09-27,GOOGL,108.43,110.08,108.43,109.86,10804847
2023-09-28,GOOGL,110.33,110.33,108.47,108.95,13491592
2023-09-29,GOOGL,108.98,108.98,106.49,107.29,13258051
2023-10-02,GOOGL,107.47,107.83,107.47,107.68,8265110
2023-10-03,GOOGL,108.34,108.34,105.8,106.03,13571895
2023-10-04,GOOGL,105.95,105.99,105.21,105.69,11044020
2023-10-05,GOOGL,106.66,108.14,106.66,107.37,5046160
2023-10-06,GOOGL,107.93,107.93,106.12,106.54,14844722
2023-10-09,GOOGL,106.48,108.55,106.48,107.75,13445609
2023-10-10,GOOGL,107.65,107.65,104.33,104.78,6428485
2023-10-11,GOOGL,105.11,107.95,105.11,107.15,5575159
2023-10-12,GOOGL,106.59,106.81,106.56,106.71,4368389
2023-10-13,GOOGL,106.38,107.04,106.38,106.98,5039277
2023-10-16,GOOGL,107.66,107.66,106.85,106.89,13478497
2023-10-17,GOOGL,106.56,107.39,106.56,107.19,4612019
2023-10-18,GOOGL,107.23,110.87,107.23,109.91,8775927
2023-10-19,GOOGL,110.17,112.35,110.17,111.85,1378179
2023-10-20,GOOGL,112.02,115.13,112.02,114.6,5528944
2023-10-23,GOOGL,114.41,114.41,112.15,113.3,5189875
2023-10-24,GOOGL,113.2,113.58,112.51,112.95,8797480
2023-10-25,GOOGL,112.64,112.71,112.46,112.5,7390011
2023-10-26,GOOGL,112.38,112.75,112.05,112.72,3717102
2023-10-27,GOOGL,112.29,113.73,112.29,113.59,13786168
2023-10-30,GOOGL,113.67,113.67,111.35,112.23,3037013
2023-10-31,GOOGL,112.0,114.68,112.0,114.51,11636149
2023-11-01,GOOGL,114.15,114.15,112.89,113.04,9164519
2023-11-02,GOOGL,112.79,113.82,112.79,113.54,12742265
2023-11-03,GOOGL,113.43,116.09,113.43,115.09,5321435
2023-11-06,GOOGL,115.67,115.67,114.55,114.57,10544529
2023-11-07,GOOGL,114.98,114.98,112.12,112.24,2931322
2023-11-08,GOOGL,111.68,112.37,111.68,112.31,12138424
2023-11-09,GOOGL,112.16,112.16,111.06,111.49,4984769
2023-11-10,GOOGL,111.46,111.58,110.58,110.99,7499016
2023-11-13,GOOGL,111.89,111.89,110.44,111.38,5241471
2023-11-14,GOOGL,111.07,115.57,111.07,115.16,4279948
2023-11-15,GOOGL,114.77,116.25,114.7,114.87,12560003
2023-11-16,GOOGL,114.03,117.21,114.03,116.6,9311553
2023-11-17,GOOGL,116.63,116.63,114.52,114.93,4857583
2023-11-20,GOOGL,114.67,117.91,114.67,117.89,5590782
2023-11-21,GOOGL,117.1,118.39,116.58,117.49,5969348
2023-11-22,GOOGL,118.28,118.28,114.7,115.14,14645984
2023-11-23,GOOGL,115.77,115.77,113.86,114.63,5518722
2023-11-24,GOOGL,114.67,114.7,114.09,114.17,1560230
2023-11-27,GOOGL,114.48,114.75,113.34,113.68,12715173
2023-11-28,GOOGL,114.3,114.3,112.87,113.23,6317973
2023-11-29,GOOGL,113.34,113.34,111.56,111.58,11228532
2023-11-30,GOOGL,111.73,111.73,110.81,111.11,12496993
2023-12-01,GOOGL,110.28,113.07,110.28,111.8,772367
2023-12-04,GOOGL,111.58,112.71,110.69,111.54,7629579
2023-12-05,GOOGL,111.83,112.97,111.83,112.62,3323568
2023-12-06,GOOGL,112.46,114.01,112.46,113.96,11067036
2023-12-07,GOOGL,113.93,113.93,110.76,111.62,8113891
2023-12-08,GOOGL,111.82,111.82,110.41,110.86,6156919
2023-12-11,GOOGL,110.68,111.01,110.56,110.76,598365
2023-12-12,GOOGL,111.34,111.34,107.73,108.56,10909740
2023-12-13,GOOGL,108.01,108.01,107.19,107.64,14974135
2023-12-14,GOOGL,107.51,110.01,107.51,109.53,1261655
2023-12-15,GOOGL,109.7,110.96,109.7,110.63,7171143
2023-12-18,GOOGL,110.14,111.41,110.14,111.03,8338424
2023-12-19,GOOGL,110.43,110.43,108.35,108.81,7815461
2023-12-20,GOOGL,109.51,111.0,109.51,109.95,9983222
2023-12-21,GOOGL,109.63,111.85,109.63,110.77,9820627
2023-12-22,GOOGL,110.78,110.78,109.51,109.81,12473958
2023-12-25,GOOGL,110.02,110.02,108.37,109.04,10651868
2023-12-26,GOOGL,109.11,109.11,106.68,106.78,7901766
2023-12-27,GOOGL,106.66,108.06,106.66,107.87,7071305
2023-12-28,GOOGL,108.39,108.39,107.85,108.08,6901402
2023-12-29,GOOGL,108.06,109.37,108.06,109.12,11183173
2024-01-01,GOOGL,109.97,109.97,106.8,107.66,3171520
2024-01-02,GOOGL,107.64,107.83,106.55,106.78,1109003
2024-01-03,GOOGL,106.89,107.87,105.95,106.81,2218049
2024-01-04,GOOGL,107.35,107.35,104.79,105.25,2069266
2024-01-05,GOOGL,104.85,105.72,104.7,105.55,9142401
2024-01-08,GOOGL,105.29,105.91,105.18,105.65,923173
2024-01-09,GOOGL,105.54,108.7,105.54,107.63,5639476
2024-01-10,GOOGL,107.59,107.59,106.52,106.82,12276721
2024-01-11,GOOGL,106.69,106.69,106.19,106.29,6485143
2024-01-12,GOOGL,106.95,106.95,104.74,105.72,10042369
2024-01-15,GOOGL,105.34,106.99,105.34,106.59,6152948
2024-01-16,GOOGL,106.34,106.34,104.81,105.19,6085541
2024-01-17,GOOGL,105.12,105.12,101.36,101.98,9998011
2024-01-18,GOOGL,101.58,101.58,99.32,100.91,11004273
2024-01-19,GOOGL,100.27,100.42,98.96,100.18,8495902
2024-01-22,GOOGL,99.93,102.08,99.93,101.76,9568917
2024-01-23,GOOGL,101.99,101.99,100.12,100.21,2402943
2024-01-24,GOOGL,100.23,101.47,100.19,101.01,8531349
2024-01-25,GOOGL,99.82,101.03,99.82,100.92,2514310
2024-01-26,GOOGL,101.11,102.65,101.11,102.48,3013734
2024-01-29,GOOGL,102.16,102.36,101.67,101.95,1177220
2024-01-30,GOOGL,101.89,101.89,100.43,100.53,11456179
2024-01-31,GOOGL,99.92,99.93,99.53,99.69,6784736
2024-02-01,GOOGL,99.9,100.39,99.56,100.0,9340051
2024-02-02,GOOGL,99.99,99.99,97.34,97.94,8182031
2024-02-05,GOOGL,98.08,98.08,94.44,95.02,3245903
2024-02-06,GOOGL,94.9,94.9,93.83,93.93,13607037
2024-02-07,GOOGL,93.42,95.94,93.42,95.85,5421778
2024-02-08,GOOGL,95.97,96.28,95.85,96.1,3806762
2024-02-09,GOOGL,96.33,98.09,96.33,98.02,617833
2024-02-12,GOOGL,98.23,98.23,97.17,97.27,14180041
2024-02-13,GOOGL,97.06,98.36,97.06,98.3,613715
2024-02-14,GOOGL,98.57,99.98,98.57,99.63,4799030
2024-02-15,GOOGL,99.11,99.11,98.35,98.5,3684160
2024-02-16,GOOGL,98.22,98.22,96.91,96.93,10063433
2024-02-19,GOOGL,97.15,97.15,96.65,97.06,4797570
2024-02-20,GOOGL,96.69,100.04,96.69,99.98,5123061
2024-02-21,GOOGL,100.31,101.72,100.31,101.5,11509044
2024-02-22,GOOGL,102.45,102.89,102.25,102.39,2778128
2024-02-23,GOOGL,103.3,103.3,100.0,100.13,11880142
2024-02-26,GOOGL,99.81,102.26,99.81,101.84,11178659
2024-02-27,GOOGL,101.79,101.79,100.7,100.83,1301387
2024-02-28,GOOGL,100.71,100.71,98.12,98.68,4852991
2024-02-29,GOOGL,98.76,98.76,97.84,97.96,13225996
2024-03-01,GOOGL,97.88,98.9,97.88,98.46,7914185
2024-03-04,GOOGL,99.18,99.18,97.75,97.87,3012965
2024-03-05,GOOGL,97.98,97.98,96.21,96.44,4264180
2024-03-06,GOOGL,96.97,96.97,95.42,95.71,5479316
2024-03-07,GOOGL,96.56,96.56,95.29,95.38,14922536
2024-03-08,GOOGL,94.81,95.2,94.13,95.07,541068
2024-03-11,GOOGL,95.37,97.62,95.37,96.79,3766633
2024-03-12,GOOGL,97.55,97.55,94.54,94.8,6173402
2024-03-13,GOOGL,94.63,95.95,94.63,95.27,3365662
2024-03-14,GOOGL,95.34,95.34,93.87,93.89,13655820
2024-03-15,GOOGL,94.48,94.48,93.38,93.65,4034527
2024-03-18,GOOGL,93.9,94.34,93.01,93.9,2585842
2024-03-19,GOOGL,94.1,95.68,94.1,94.99,7507607
2024-03-20,GOOGL,94.67,97.12,94.67,96.61,10138433
2024-03-21,GOOGL,96.5,97.51,95.93,97.3,5296788
2024-03-22,GOOGL,97.16,98.41,97.16,98.34,1156122
2024-03-25,GOOGL,98.61,98.61,98.03,98.35,14249678
2024-03-26,GOOGL,97.79,99.05,97.79,98.49,12320472
2024-03-27,GOOGL,99.17,99.17,98.03,98.68,8751000
2024-03-28,GOOGL,99.09,99.77,99.09,99.62,12876759
2024-03-29,GOOGL,99.55,102.9,99.55,102.58,3525991
2024-04-01,GOOGL,102.9,105.12,102.9,104.72,4681908
2024-04-02,GOOGL,105.23,106.51,105.23,106.25,9095526
2024-04-03,GOOGL,106.33,106.33,105.18,105.3,13030898
2024-04-04,GOOGL,105.26,105.26,104.18,104.26,6216561
2024-04-05,GOOGL,103.95,106.98,103.95,106.42,14530447
2024-04-08,GOOGL,106.57,109.75,106.57,109.18,6319405
2024-04-09,GOOGL,108.95,109.34,108.33,108.77,9982426
2024-04-10,GOOGL,108.82,110.69,108.82,110.68,8713913
2024-04-11,GOOGL,110.13,111.88,110.13,111.68,11715315
2024-04-12,GOOGL,111.14,111.72,111.14,111.7,5848217
2024-04-15,GOOGL,111.28,111.28,108.98,109.31,8887710
2024-04-16,GOOGL,109.26,109.26,107.86,108.05,9343337
2024-04-17,GOOGL,107.37,110.25,107.37,109.53,13008120
2024-04-18,GOOGL,109.62,110.82,109.62,110.56,9155737
2024-04-19,GOOGL,110.38,113.48,110.38,112.86,3851617
2024-04-22,GOOGL,113.19,113.33,111.59,112.45,4313639
2024-04-23,GOOGL,111.64,112.74,111.61,111.98,14817560
2024-04-24,GOOGL,112.15,112.15,110.03,110.15,4806159
2024-04-25,GOOGL,109.81,111.74,109.81,111.4,6314383
2024-04-26,GOOGL,111.25,111.25,108.46,109.25,8178095
2024-04-29,GOOGL,109.03,109.03,107.41,107.41,14339278
2024-04-30,GOOGL,107.92,108.02,107.69,107.76,11218133
2024-05-01,GOOGL,107.96,109.71,107.96,109.07,6193138
2024-05-02,GOOGL,109.62,109.62,107.11,107.61,8342422
2024-05-03,GOOGL,107.38,109.02,107.38,108.38,3733922
2024-05-06,GOOGL,108.62,108.77,107.35,108.13,9770312
2024-05-07,GOOGL,107.87,108.62,107.87,108.56,8282900
2024-05-08,GOOGL,108.34,112.86,108.34,112.18,9817628
2024-05-09,GOOGL,111.94,111.94,107.6,108.04,3421971
2024-05-10,GOOGL,108.33,108.33,106.4,106.45,3730291
2024-05-13,GOOGL,106.8,107.14,106.4,106.6,3925533
2024-05-14,GOOGL,107.38,107.38,104.33,104.92,9407716
2024-05-15,GOOGL,105.28,105.28,103.67,104.73,14433403
2024-05-16,GOOGL,105.04,109.21,105.04,108.79,11894505
2024-05-17,GOOGL,108.7,108.7,106.94,107.37,4182619
2024-05-20,GOOGL,106.88,108.88,106.88,108.54,12888913
2024-05-21,GOOGL,108.61,108.61,107.41,108.46,1706964
2024-05-22,GOOGL,109.28,109.28,106.5,106.67,2394698
2024-05-23,GOOGL,105.89,107.58,105.89,107.01,14957212
2024-05-24,GOOGL,107.04,107.04,105.54,106.12,7142512
2024-05-27,GOOGL,106.84,108.15,106.74,107.62,14463156
2024-05-28,GOOGL,107.33,107.33,105.64,105.99,9317107
2024-05-29,GOOGL,105.37,105.46,105.13,105.34,8097402
2024-05-30,GOOGL,105.02,106.03,105.02,105.38,13941070
2024-05-31,GOOGL,104.91,104.91,102.07,102.47,10334167
2024-06-03,GOOGL,101.98,101.98,100.45,100.58,7607208
2024-06-04,GOOGL,99.91,100.98,99.69,100.85,14612168
2024-06-05,GOOGL,101.16,101.65,101.06,101.11,2943776
2024-06-06,GOOGL,100.78,102.0,100.12,101.27,14681922
2024-06-07,GOOGL,100.51,102.79,100.51,102.5,3259597
2024-06-10,GOOGL,103.55,104.16,103.24,103.59,9209732
2024-06-11,GOOGL,104.06,104.06,100.29,100.67,8062132
2024-06-12,GOOGL,101.04,101.73,100.62,101.42,5639174
2024-06-13,GOOGL,101.28,101.52,101.05,101.25,14707884
2024-06-14,GOOGL,101.34,101.89,100.15,101.32,915019
2024-06-17,GOOGL,101.49,101.49,99.19,100.05,3942372
2024-06-18,GOOGL,99.79,99.92,99.1,99.79,6199307
2024-06-19,GOOGL,99.69,100.18,99.25,99.75,6797534
2024-06-20,GOOGL,99.45,99.45,97.33,97.38,9767883
2024-06-21,GOOGL,97.38,98.73,97.25,97.5,9175624
2024-06-24,GOOGL,97.8,97.8,95.43,95.86,13377383
2024-06-25,GOOGL,96.1,96.1,94.51,95.36,9500723
2024-06-26,GOOGL,95.69,95.69,92.36,92.64,1287584
2024-06-27,GOOGL,92.77,92.77,90.47,90.57,6594777
2024-06-28,GOOGL,90.58,91.98,90.58,91.27,13152568
2024-07-01,GOOGL,91.43,94.41,91.43,93.96,5378624
2024-07-02,GOOGL,93.69,94.31,93.24,94.3,8840019
2024-07-03,GOOGL,94.1,94.9,94.08,94.18,12720517
2024-07-04,GOOGL,94.72,94.96,94.41,94.91,11544212
2024-07-05,GOOGL,95.17,97.02,95.17,96.9,8633933
2024-07-08,GOOGL,96.34,96.34,96.11,96.2,9082830
2024-07-09,GOOGL,96.68,96.68,95.49,95.68,9726597
2024-07-10,GOOGL,95.37,95.37,94.27,94.65,10556882
2024-07-11,GOOGL,94.26,94.72,94.26,94.43,9108329
2024-07-12,GOOGL,94.89,96.52,94.89,96.05,5745720
2024-07-15,GOOGL,96.26,96.26,95.87,95.89,10207376
2024-07-16,GOOGL,96.08,96.32,95.13,96.15,10332673
2024-07-17,GOOGL,96.53,97.39,96.53,97.15,4909039
2024-07-18,GOOGL,97.79,97.79,97.37,97.44,13943069
2024-07-19,GOOGL,97.22,97.68,96.69,97.06,1114600
2024-07-22,GOOGL,96.58,96.75,96.46,96.49,13564152
2024-07-23,GOOGL,97.08,98.16,96.67,97.1,9173060
2024-07-24,GOOGL,97.7,97.7,96.91,96.92,12557104
2024-07-25,GOOGL,97.12,97.12,93.13,93.97,7633889
2024-07-26,GOOGL,93.94,93.94,92.89,93.37,3459712
2024-07-29,GOOGL,93.11,93.25,92.4,92.77,12997268
2024-07-30,GOOGL,92.89,92.89,92.21,92.28,3433136
2024-07-31,GOOGL,92.41,93.24,92.41,93.1,5703757
2024-08-01,GOOGL,92.93,92.93,92.51,92.63,1805428
2024-08-02,GOOGL,92.47,94.23,92.47,93.76,5206566
2024-08-05,GOOGL,93.67,94.26,92.86,93.82,5562217
2024-08-06,GOOGL,93.77,94.28,93.77,94.1,10590063
2024-08-07,GOOGL,94.15,95.58,94.15,95.43,7268647
2024-08-08,GOOGL,94.9,95.93,94.72,95.67,5496240
2024-08-09,GOOGL,95.8,95.8,94.84,95.12,13359077
2024-08-12,GOOGL,94.71,94.71,93.35,94.02,6469596
2024-08-13,GOOGL,93.8,95.28,93.62,94.34,4802015
2024-08-14,GOOGL,94.36,94.36,93.4,93.42,8655337
2024-08-15,GOOGL,93.46,93.46,92.36,92.49,14358414
2024-08-16,GOOGL,92.22,93.65,92.22,93.05,6270189
2024-08-19,GOOGL,93.01,94.68,93.01,94.41,6865628
2024-08-20,GOOGL,94.48,96.06,94.48,95.58,6517386
2024-08-21,GOOGL,95.44,96.7,94.68,95.48,714066
2024-08-22,GOOGL,95.31,97.18,95.31,96.52,1343393
2024-08-23,GOOGL,96.59,98.37,96.59,98.06,8056018
2024-08-26,GOOGL,97.97,99.19,97.97,99.17,12583946
2024-08-27,GOOGL,99.61,99.61,98.8,99.18,9252047
2024-08-28,GOOGL,99.43,99.43,97.04,98.02,13201633
2024-08-29,GOOGL,97.76,99.92,97.76,99.39,2027640
2024-08-30,GOOGL,99.08,99.44,99.0,99.19,4781062
2024-09-02,GOOGL,99.32,99.56,98.21,98.99,14364027
2024-09-03,GOOGL,98.61,99.05,98.31,98.78,9194409
2024-09-04,GOOGL,98.72,99.32,97.82,98.78,2026663
2024-09-05,GOOGL,98.82,99.37,97.84,98.8,11021604
2024-09-06,GOOGL,98.06,100.34,98.06,100.14,5607099
2024-09-09,GOOGL,99.76,99.76,98.52,98.8,7263379
2024-09-10,GOOGL,98.6,100.33,98.44,99.23,13878553
2024-09-11,GOOGL,99.52,99.52,98.77,99.39,14415817
2024-09-12,GOOGL,99.4,99.4,97.14,97.23,9494598
2024-09-13,GOOGL,97.21,99.28,97.21,98.78,4727369
2024-09-16,GOOGL,99.49,99.49,98.18,98.23,8014562
2024-09-17,GOOGL,97.86,98.26,97.86,98.23,11101394
2024-09-18,GOOGL,97.85,97.85,95.77,96.44,11881238
2024-09-19,GOOGL,96.84,99.49,96.84,99.11,4919145
2024-09-20,GOOGL,99.22,101.14,99.22,100.45,519102
2024-09-23,GOOGL,100.69,100.69,99.26,99.48,14897581
2024-09-24,GOOGL,99.57,100.83,99.57,100.39,3155050
2024-09-25,GOOGL,101.12,101.12,99.58,100.11,1319779
2024-09-26,GOOGL,100.14,100.9,100.14,100.34,8673402
2024-09-27,GOOGL,100.42,100.42,97.53,97.57,6835602
2024-09-30,GOOGL,98.23,98.23,95.48,96.01,997342
2024-10-01,GOOGL,96.7,96.97,96.7,96.88,8719282
2024-10-02,GOOGL,96.87,96.96,96.14,96.34,12882545
2024-10-03,GOOGL,96.8,96.8,96.03,96.73,10750426
2024-10-04,GOOGL,96.81,100.25,96.81,98.27,9526791
2024-10-07,GOOGL,98.17,99.21,98.17,99.08,6020592
2024-10-08,GOOGL,99.27,101.45,99.27,101.04,7822973
2024-10-09,GOOGL,101.1,102.47,101.1,102.41,13013730
2024-10-10,GOOGL,103.34,105.59,103.34,104.99,7071518
2024-10-11,GOOGL,105.09,106.28,104.86,105.89,3692443
2024-10-14,GOOGL,105.77,105.77,104.44,104.83,4334195
2024-10-15,GOOGL,104.42,104.42,103.63,103.84,6301024
2024-10-16,GOOGL,104.13,104.13,101.35,101.63,2131686
2024-10-17,GOOGL,102.86,104.28,102.29,103.74,14384548
2024-10-18,GOOGL,103.94,103.94,101.4,101.4,5545282
2024-10-21,GOOGL,101.19,102.5,101.19,102.36,7840380
2024-10-22,GOOGL,102.24,102.57,101.86,102.12,1348261
2024-10-23,GOOGL,101.67,102.48,101.4,101.89,12145810
2024-10-24,GOOGL,102.42,102.54,101.86,102.32,6643608
2024-10-25,GOOGL,102.75,102.75,100.26,101.52,11221159
2024-10-28,GOOGL,101.49,101.49,99.92,100.42,4009029
2024-10-29,GOOGL,101.24,101.24,100.11,100.17,8381729
2024-10-30,GOOGL,100.06,100.47,98.85,99.7,11025695
2024-10-31,GOOGL,99.19,101.82,99.19,101.72,12351428
2024-11-01,GOOGL,101.6,101.6,99.99,100.41,4153803
2024-11-04,GOOGL,100.56,101.97,100.56,101.38,5239725
2024-11-05,GOOGL,101.57,101.57,100.99,101.04,3892773
2024-11-06,GOOGL,101.28,102.43,101.28,101.88,5051136
2024-11-07,GOOGL,101.43,102.24,101.43,101.77,2118448
2024-11-08,GOOGL,101.59,101.59,99.44,99.64,1210163
2024-11-11,GOOGL,99.66,100.26,99.62,99.89,2131055
2024-11-12,GOOGL,100.44,101.76,100.44,101.66,10099528
2024-11-13,GOOGL,101.09,103.85,101.09,103.54,11586343
2024-11-14,GOOGL,103.89,105.23,103.16,105.04,708208
2024-11-15,GOOGL,105.3,106.51,105.3,106.34,7302633
2024-11-18,GOOGL,106.28,108.85,106.28,108.13,6963365
2024-11-19,GOOGL,108.66,108.66,106.28,107.01,10641415
2024-11-20,GOOGL,106.99,106.99,104.59,104.68,5268153
2024-11-21,GOOGL,104.9,105.06,103.97,104.03,12090924
2024-11-22,GOOGL,103.79,105.54,103.63,104.14,14275568
2024-11-25,GOOGL,103.92,103.92,102.46,102.89,6346012
2024-11-26,GOOGL,102.87,104.97,102.87,104.78,10538800
2024-11-27,GOOGL,104.72,105.67,104.72,105.5,2037902
2024-11-28,GOOGL,105.78,106.63,105.67,106.21,14939693
2024-11-29,GOOGL,106.79,106.92,105.58,106.07,10626944
2024-12-02,GOOGL,105.59,106.14,105.5,105.93,11298720
2024-12-03,GOOGL,105.79,105.79,104.35,104.41,6143615
2024-12-04,GOOGL,105.23,105.23,104.0,104.64,9177813
2024-12-05,GOOGL,104.64,105.67,104.64,105.29,8973371
2024-12-06,GOOGL,105.62,105.62,104.05,104.15,4533300
2024-12-09,GOOGL,104.32,105.86,104.32,104.87,3999839
2024-12-10,GOOGL,103.82,103.82,103.11,103.49,12233274
2024-12-11,GOOGL,103.33,103.33,101.96,102.16,14012379
2024-12-12,GOOGL,102.11,102.11,98.93,99.6,10498469
2024-12-13,GOOGL,99.7,99.7,96.68,97.33,7017968
2024-12-16,GOOGL,96.94,101.01,96.94,100.36,3874629
2024-12-17,GOOGL,100.86,100.86,98.71,99.04,13887605
2024-12-18,GOOGL,99.13,99.13,97.51,97.76,6699205
2024-12-19,GOOGL,97.7,98.2,97.7,98.14,13440722
2024-12-20,GOOGL,98.24,101.11,98.24,101.02,14671528
2024-12-23,GOOGL,100.85,100.85,99.95,100.18,8078411
2024-12-24,GOOGL,100.28,100.74,100.05,100.24,14478600
2024-12-25,GOOGL,100.05,101.96,100.05,101.52,665806
2024-12-26,GOOGL,101.48,102.29,101.48,102.03,13191043
2024-12-27,GOOGL,102.33,103.74,102.05,103.38,8230252
2024-12-30,GOOGL,102.78,104.08,102.78,103.66,6790499
2024-12-31,GOOGL,103.08,103.08,101.36,102.29,14578816
2022-01-03,AMZN,165.97,167.2,165.97,166.55,1204553
2022-01-04,AMZN,166.79,168.5,166.79,167.74,9107993
2022-01-05,AMZN,167.8,168.01,165.81,166.15,13454950
2022-01-06,AMZN,166.49,166.49,165.01,165.02,12481312
2022-01-07,AMZN,165.53,169.53,165.53,168.87,13521873
2022-01-10,AMZN,168.23,169.09,167.82,169.05,2552105
2022-01-11,AMZN,167.84,172.23,167.84,171.93,519101
2022-01-12,AMZN,171.51,171.51,166.25,166.54,3184685
2022-01-13,AMZN,165.55,165.55,163.53,164.4,13876793
2022-01-14,AMZN,163.71,163.71,158.7,159.62,10908079
2022-01-17,AMZN,159.71,161.83,159.71,161.82,10499170
2022-01-18,AMZN,162.8,162.8,159.25,160.94,4179441
2022-01-19,AMZN,159.77,160.02,159.6,160.02,3600451
2022-01-20,AMZN,159.02,159.02,155.69,156.18,551253
2022-01-21,AMZN,155.53,157.82,155.53,157.09,11092837
2022-01-24,AMZN,156.87,156.87,152.98,153.32,13630572
2022-01-25,AMZN,152.94,157.04,152.94,156.53,8798828
2022-01-26,AMZN,156.46,157.05,156.22,156.7,9837638
2022-01-27,AMZN,156.9,158.8,156.9,157.64,3402506
2022-01-28,AMZN,157.19,157.65,156.93,157.25,8881016
2022-01-31,AMZN,157.13,159.06,157.13,158.61,7031318
2022-02-01,AMZN,158.62,158.79,157.17,157.44,5471234
2022-02-02,AMZN,157.96,159.68,157.96,159.14,10314739
2022-02-03,AMZN,159.22,162.31,159.22,160.06,13123941
2022-02-04,AMZN,159.41,162.11,157.94,160.49,4538623
2022-02-07,AMZN,159.19,164.1,159.19,161.18,13706569
2022-02-08,AMZN,161.75,165.87,161.75,165.67,13449091
2022-02-09,AMZN,166.0,166.0,164.92,165.78,2490933
2022-02-10,AMZN,165.55,165.85,164.68,165.53,9864576
2022-02-11,AMZN,165.86,169.43,165.86,168.45,8839349
2022-02-14,AMZN,168.1,170.33,168.1,169.71,3304889
2022-02-15,AMZN,168.91,170.36,168.91,169.47,4428836
2022-02-16,AMZN,170.6,170.6,169.53,170.18,1895036
2022-02-17,AMZN,170.01,172.79,170.01,172.18,11959499
2022-02-18,AMZN,172.67,176.25,172.67,175.28,11979413
2022-02-21,AMZN,175.72,177.43,175.72,177.37,6768338
2022-02-22,AMZN,176.84,176.84,175.22,175.51,816664
2022-02-23,AMZN,174.52,174.52,171.62,171.96,6876781
2022-02-24,AMZN,170.98,171.76,170.54,171.58,2619760
2022-02-25,AMZN,171.35,174.38,171.35,172.9,3639920
2022-02-28,AMZN,173.54,175.13,172.03,173.58,2594150
2022-03-01,AMZN,175.36,175.36,165.63,167.54,5884741
2022-03-02,AMZN,167.29,171.67,167.29,170.64,9903201
2022-03-03,AMZN,170.05,170.05,168.31,168.71,7263569
2022-03-04,AMZN,168.25,168.25,166.56,166.66,4953080
2022-03-07,AMZN,166.4,167.0,165.39,165.58,4257962
2022-03-08,AMZN,165.75,167.66,165.75,166.69,2479311
2022-03-09,AMZN,166.13,166.13,161.26,162.59,3372221
2022-03-10,AMZN,162.27,164.47,161.92,163.17,13931968
2022-03-11,AMZN,164.04,167.71,164.04,166.94,9686607
2022-03-14,AMZN,166.06,168.67,166.06,167.64,5464078
2022-03-15,AMZN,168.39,168.39,163.93,164.29,13048618
2022-03-16,AMZN,164.65,164.65,158.48,161.06,8077848
2022-03-17,AMZN,160.52,161.69,160.14,161.44,9745353
2022-03-18,AMZN,161.09,163.68,161.09,162.99,3579666
2022-03-21,AMZN,162.17,164.2,162.16,162.33,6781399
2022-03-22,AMZN,163.16,164.17,162.63,163.0,13273715
2022-03-23,AMZN,161.86,164.11,161.86,163.38,5708917
2022-03-24,AMZN,163.92,164.98,162.37,164.16,13454070
2022-03-25,AMZN,165.24,165.24,159.22,160.1,14980728
2022-03-28,AMZN,159.26,163.82,159.26,163.81,5317395
2022-03-29,AMZN,164.92,164.92,164.46,164.67,4261378
2022-03-30,AMZN,164.42,169.3,164.42,167.81,1300215
2022-03-31,AMZN,168.38,170.36,168.38,169.54,4997912
2022-04-01,AMZN,169.45,169.45,167.87,167.91,1781416
2022-04-04,AMZN,168.34,171.93,168.34,171.25,12648700
2022-04-05,AMZN,171.4,171.4,168.79,169.85,3767673
2022-04-06,AMZN,169.75,174.22,169.75,173.38,4818928
2022-04-07,AMZN,173.61,173.84,171.29,172.36,10660001
2022-04-08,AMZN,172.31,174.51,172.31,174.21,9294306
2022-04-11,AMZN,174.5,174.5,171.94,173.06,3388615
2022-04-12,AMZN,173.87,176.31,173.42,175.57,10749617
2022-04-13,AMZN,174.53,177.35,174.53,176.79,3182613
2022-04-14,AMZN,175.98,176.69,175.98,176.16,3981296
2022-04-15,AMZN,176.5,181.77,176.5,181.44,10981681
2022-04-18,AMZN,183.46,187.72,183.46,187.07,11571482
2022-04-19,AMZN,187.29,187.79,185.83,186.6,3656653
2022-04-20,AMZN,185.94,185.94,180.1,181.27,6746711
2022-04-21,AMZN,180.36,181.33,180.36,180.99,9443349
2022-04-22,AMZN,180.28,182.98,180.28,182.37,13192499
2022-04-25,AMZN,182.33,182.33,178.5,179.98,13480463
2022-04-26,AMZN,179.87,179.87,176.82,177.0,8778883
2022-04-27,AMZN,178.53,178.82,178.53,178.78,976776
2022-04-28,AMZN,178.03,182.71,178.03,181.86,11636999
2022-04-29,AMZN,181.12,182.89,181.12,182.3,5133724
2022-05-02,AMZN,182.26,185.78,182.26,185.07,12688376
2022-05-03,AMZN,184.37,184.37,178.88,179.62,8571618
2022-05-04,AMZN,180.69,181.24,180.29,180.42,6629088
2022-05-05,AMZN,180.5,180.5,179.05,180.15,8590519
2022-05-06,AMZN,180.98,182.24,179.65,180.56,14843420
2022-05-09,AMZN,179.93,184.54,179.93,184.03,9225571
2022-05-10,AMZN,184.13,190.48,184.13,188.99,12034067
2022-05-11,AMZN,190.42,190.42,189.34,189.42,8864799
2022-05-12,AMZN,189.52,190.35,187.79,189.24,2129532
2022-05-13,AMZN,188.4,191.69,188.4,189.97,14167144
2022-05-16,AMZN,190.11,190.53,188.34,190.17,12185005
2022-05-17,AMZN,190.45,193.27,190.45,191.74,12799052
2022-05-18,AMZN,191.48,196.08,191.48,195.09,9082718
2022-05-19,AMZN,194.48,199.77,194.48,198.27,6256912
2022-05-20,AMZN,198.95,198.95,194.82,195.84,9766153
2022-05-23,AMZN,197.21,197.21,192.83,194.43,1049697
2022-05-24,AMZN,195.22,197.64,193.63,195.37,12221357
2022-05-25,AMZN,194.61,194.61,190.2,192.81,4504611
2022-05-26,AMZN,192.02,192.02,187.74,189.48,2989840
2022-05-27,AMZN,189.13,191.2,189.13,190.78,4974040
2022-05-30,AMZN,190.3,191.51,190.08,190.7,8893750
2022-05-31,AMZN,189.74,194.39,189.74,193.56,14063668
2022-06-01,AMZN,193.43,195.54,192.1,193.21,4358903
2022-06-02,AMZN,193.58,193.58,191.75,192.99,651947
2022-06-03,AMZN,194.28,196.0,194.28,195.36,8662666
2022-06-06,AMZN,196.05,203.17,196.05,201.79,7133927
2022-06-07,AMZN,202.27,206.07,202.27,203.88,5319885
2022-06-08,AMZN,202.67,205.67,202.67,205.42,9229158
2022-06-09,AMZN,207.11,208.03,207.11,207.79,656718
2022-06-10,AMZN,209.73,209.73,208.64,208.87,6592563
2022-06-13,AMZN,208.6,209.8,206.95,209.14,2732865
2022-06-14,AMZN,208.82,208.82,204.96,207.05,4103309
2022-06-15,AMZN,207.56,208.3,206.2,206.93,6439388
2022-06-16,AMZN,207.3,211.21,207.3,209.58,7314166
2022-06-17,AMZN,209.86,209.86,203.9,205.95,8149312
2022-06-20,AMZN,206.51,206.51,205.15,205.57,890182
2022-06-21,AMZN,204.82,207.61,204.82,206.45,4161969
2022-06-22,AMZN,208.15,208.15,202.85,204.91,12051827
2022-06-23,AMZN,205.1,207.53,205.1,207.39,1234220
2022-06-24,AMZN,206.63,214.12,206.63,212.21,5187597
2022-06-27,AMZN,212.15,213.06,211.05,212.26,13291120
2022-06-28,AMZN,212.56,212.56,209.2,210.38,1300078
2022-06-29,AMZN,209.42,209.42,207.72,208.9,7698693
2022-06-30,AMZN,210.09,211.27,209.03,210.75,10820130
2022-07-01,AMZN,210.48,210.48,206.87,207.59,7066040
2022-07-04,AMZN,207.06,209.88,207.06,209.75,10977770
2022-07-05,AMZN,211.29,218.4,211.29,216.09,10006277
2022-07-06,AMZN,216.37,217.74,216.37,217.21,13700779
2022-07-07,AMZN,218.52,218.52,213.57,214.36,12982714
2022-07-08,AMZN,213.45,216.92,213.3,215.44,1990705
2022-07-11,AMZN,216.13,216.86,216.02,216.55,11978647
2022-07-12,AMZN,215.85,219.19,215.85,218.19,2719509
2022-07-13,AMZN,217.95,217.95,215.42,217.67,10899348
2022-07-14,AMZN,217.27,222.56,217.27,222.01,5534839
2022-07-15,AMZN,220.39,221.53,219.09,219.15,3759667
2022-07-18,AMZN,218.24,223.14,218.24,222.94,10080222
2022-07-19,AMZN,221.37,222.04,220.08,220.17,10887262
2022-07-20,AMZN,219.18,221.24,219.18,220.69,1306027
2022-07-21,AMZN,220.92,224.45,220.92,224.13,6769260
2022-07-22,AMZN,225.47,225.47,221.3,222.75,1857510
2022-07-25,AMZN,224.52,224.52,218.0,219.03,11195338
2022-07-26,AMZN,219.99,219.99,216.61,216.68,13109570
2022-07-27,AMZN,217.6,220.71,217.6,219.16,10077848
2022-07-28,AMZN,219.35,220.41,217.65,218.49,7794306
2022-07-29,AMZN,217.98,217.98,215.57,215.76,12723163
2022-08-01,AMZN,216.98,218.42,216.28,218.42,9560683
2022-08-02,AMZN,219.36,219.9,215.54,218.55,14652785
2022-08-03,AMZN,218.73,220.35,218.23,219.28,5215362
2022-08-04,AMZN,220.57,220.57,218.08,218.59,2471870
2022-08-05,AMZN,220.8,223.66,220.8,223.2,9741349
2022-08-08,AMZN,225.25,230.6,225.25,228.45,3449360
2022-08-09,AMZN,227.41,230.57,227.4,227.82,9674765
2022-08-10,AMZN,228.34,230.7,226.9,229.21,14022028
2022-08-11,AMZN,229.41,229.41,223.74,226.02,12821295
2022-08-12,AMZN,225.15,225.15,223.46,224.11,10612057
2022-08-15,AMZN,224.39,224.39,221.36,222.81,6902401
2022-08-16,AMZN,223.48,228.41,223.48,226.54,11090149
2022-08-17,AMZN,225.8,225.8,223.23,223.9,3184657
2022-08-18,AMZN,223.37,225.52,223.37,225.51,10289241
2022-08-19,AMZN,226.42,226.42,224.05,224.35,1314427
2022-08-22,AMZN,223.48,226.84,223.48,226.07,6235782
2022-08-23,AMZN,228.17,228.17,222.57,223.79,14441164
2022-08-24,AMZN,223.57,223.57,219.51,221.48,1371337
2022-08-25,AMZN,220.9,225.49,220.9,225.42,5129834
2022-08-26,AMZN,224.4,224.4,217.19,218.06,1305138
2022-08-29,AMZN,217.69,217.69,213.14,213.72,9931543
2022-08-30,AMZN,213.89,215.04,212.72,213.61,14165944
2022-08-31,AMZN,214.47,215.97,213.37,215.2,4395587
2022-09-01,AMZN,216.34,218.01,216.34,217.36,8703192
2022-09-02,AMZN,217.08,217.53,214.14,215.73,7224390
2022-09-05,AMZN,215.17,221.13,215.17,220.23,8106232
2022-09-06,AMZN,220.1,221.87,218.95,220.29,9101297
2022-09-07,AMZN,221.57,229.52,221.57,228.02,14953280
2022-09-08,AMZN,228.02,228.02,225.69,226.85,10185790
2022-09-09,AMZN,226.6,229.04,224.09,227.01,4934965
2022-09-12,AMZN,227.0,227.0,224.66,225.11,4479211
2022-09-13,AMZN,225.77,226.17,224.87,225.15,14965195
2022-09-14,AMZN,225.46,226.28,224.7,225.97,7766334
2022-09-15,AMZN,226.0,226.0,225.42,225.56,7327846
2022-09-16,AMZN,227.25,227.25,222.85,223.89,7839596
2022-09-19,AMZN,224.67,224.67,219.71,222.08,709332
2022-09-20,AMZN,221.38,221.38,218.35,219.11,1809269
2022-09-21,AMZN,219.06,219.06,216.58,217.71,12208728
2022-09-22,AMZN,218.67,221.34,218.03,220.3,2727775
2022-09-23,AMZN,220.64,220.64,217.35,218.5,3539330
2022-09-26,AMZN,217.16,219.54,217.16,218.98,7556014
2022-09-27,AMZN,218.04,223.9,218.04,223.51,6748883
2022-09-28,AMZN,223.42,227.98,223.42,226.52,11387523
2022-09-29,AMZN,225.19,225.19,221.47,223.66,13464161
2022-09-30,AMZN,224.56,227.0,224.56,226.73,12223965
2022-10-03,AMZN,226.29,230.46,226.29,230.03,7193391
2022-10-04,AMZN,229.8,229.8,223.75,225.9,6376259
2022-10-05,AMZN,227.38,228.62,224.63,227.12,9305511
2022-10-06,AMZN,228.82,228.82,225.58,226.2,1639342
2022-10-07,AMZN,225.49,232.51,225.49,231.45,10072467
2022-10-10,AMZN,228.91,232.05,228.91,230.82,9754905
2022-10-11,AMZN,231.0,231.0,224.89,225.72,11931582
2022-10-12,AMZN,225.2,225.2,220.6,221.99,7096768
2022-10-13,AMZN,221.65,221.65,219.0,220.22,12454567
2022-10-14,AMZN,219.15,222.99,219.15,222.8,1964572
2022-10-17,AMZN,222.74,223.45,221.21,222.74,4087035
2022-10-18,AMZN,221.37,221.37,218.55,220.16,9480823
2022-10-19,AMZN,219.96,219.96,217.33,217.83,7990864
2022-10-20,AMZN,217.5,217.5,214.36,216.0,14410561
2022-10-21,AMZN,214.62,217.93,214.62,216.98,1809408
2022-10-24,AMZN,216.68,218.24,216.68,218.17,1894717
2022-10-25,AMZN,217.54,218.04,214.14,216.37,1452788
2022-10-26,AMZN,217.08,219.72,217.08,219.63,13316045
2022-10-27,AMZN,218.5,218.5,217.98,217.99,12465091
2022-10-28,AMZN,218.67,218.67,214.92,216.08,14150834
2022-10-31,AMZN,216.45,218.0,216.45,217.5,706591
2022-11-01,AMZN,218.51,218.51,212.08,213.31,12543442
2022-11-02,AMZN,213.39,220.99,213.39,218.34,1068504
2022-11-03,AMZN,217.09,221.75,217.09,219.97,12881875
2022-11-04,AMZN,220.58,220.58,219.47,219.73,3305481
2022-11-07,AMZN,219.92,219.92,217.51,217.99,6096468
2022-11-08,AMZN,217.42,217.42,209.73,212.1,1259301
2022-11-09,AMZN,213.39,213.39,205.33,208.66,14219189
2022-11-10,AMZN,207.28,210.14,207.28,209.13,2300137
2022-11-11,AMZN,209.3,211.67,209.3,210.38,638662
2022-11-14,AMZN,209.63,211.09,209.63,210.94,1125802
2022-11-15,AMZN,211.85,212.12,210.81,211.6,1022408
2022-11-16,AMZN,210.79,214.94,210.79,213.69,1979147
2022-11-17,AMZN,214.72,214.72,210.13,211.06,7821163
2022-11-18,AMZN,212.6,214.58,212.6,214.25,7196145
2022-11-21,AMZN,215.61,215.61,210.1,210.27,7985063
2022-11-22,AMZN,208.91,211.1,208.91,211.07,10541640
2022-11-23,AMZN,210.58,211.1,207.52,208.54,11770808
2022-11-24,AMZN,208.14,211.72,208.14,211.26,4348772
2022-11-25,AMZN,210.64,212.7,210.64,211.61,1341744
2022-11-28,AMZN,211.55,211.55,207.5,208.14,3345743
2022-11-29,AMZN,209.86,209.86,206.29,206.93,8105290
2022-11-30,AMZN,205.54,211.08,205.54,209.21,14557602
2022-12-01,AMZN,206.98,212.64,206.98,211.81,2326425
2022-12-02,AMZN,212.45,216.01,212.45,215.61,4102090
2022-12-05,AMZN,214.27,218.06,214.27,216.84,13484287
2022-12-06,AMZN,218.12,218.46,215.71,216.5,4931720
2022-12-07,AMZN,216.87,216.87,214.0,214.55,14375181
2022-12-08,AMZN,215.54,215.54,212.03,213.3,14734844
2022-12-09,AMZN,213.16,219.31,213.16,217.53,1742154
2022-12-12,AMZN,217.54,217.54,214.0,215.33,9345033
2022-12-13,AMZN,215.23,219.95,215.23,219.35,1776178
2022-12-14,AMZN,219.48,219.48,217.05,217.49,7019754
2022-12-15,AMZN,218.31,220.19,218.31,219.45,4643439
2022-12-16,AMZN,219.77,220.86,219.77,220.32,1621290
2022-12-19,AMZN,219.85,219.85,217.15,217.18,9038427
2022-12-20,AMZN,217.8,217.8,213.53,215.64,14531757
2022-12-21,AMZN,215.6,215.6,209.95,210.84,5642327
2022-12-22,AMZN,210.64,213.51,210.64,213.39,9538015
2022-12-23,AMZN,214.65,214.65,208.65,210.06,13068668
2022-12-26,AMZN,211.22,214.11,210.68,211.44,10972597
2022-12-27,AMZN,211.4,215.84,211.4,215.55,12404626
2022-12-28,AMZN,215.57,217.58,215.41,215.69,7838483
2022-12-29,AMZN,214.73,217.74,214.73,216.98,7873215
2022-12-30,AMZN,215.24,223.26,215.24,221.23,3157680
2023-01-02,AMZN,221.63,224.33,221.63,224.33,2070765
2023-01-03,AMZN,224.3,224.9,223.84,224.63,10998529
2023-01-04,AMZN,224.12,232.69,224.12,232.37,8372102
2023-01-05,AMZN,232.14,240.43,232.14,238.25,9557580
2023-01-06,AMZN,238.51,238.51,234.47,235.61,3632979
2023-01-09,AMZN,234.77,241.64,234.77,241.41,8501175
2023-01-10,AMZN,243.16,243.16,239.89,240.31,2660120
2023-01-11,AMZN,241.59,241.95,238.85,240.4,13195923
2023-01-12,AMZN,238.32,240.5,238.32,239.67,4920046
2023-01-13,AMZN,238.93,242.86,238.93,241.65,8941538
2023-01-16,AMZN,241.69,242.7,241.69,242.59,9728049
2023-01-17,AMZN,241.82,244.41,241.74,243.4,2540536
2023-01-18,AMZN,243.43,243.43,239.87,242.06,6109592
2023-01-19,AMZN,242.49,243.99,242.49,243.78,5212285
2023-01-20,AMZN,245.71,245.71,242.32,242.45,9264979
2023-01-23,AMZN,240.04,240.04,237.06,238.6,3393071
2023-01-24,AMZN,238.01,241.07,238.01,240.71,11822978
2023-01-25,AMZN,240.37,240.37,239.04,239.7,4532459
2023-01-26,AMZN,239.51,239.51,234.13,235.72,10558630
2023-01-27,AMZN,235.2,235.2,234.26,234.54,2419289
2023-01-30,AMZN,235.69,235.69,228.6,231.47,2894264
2023-01-31,AMZN,232.01,232.01,230.38,230.99,3693947
2023-02-01,AMZN,230.89,233.59,230.82,232.34,2322754
2023-02-02,AMZN,231.64,232.06,229.74,230.22,753573
2023-02-03,AMZN,230.29,230.83,230.29,230.74,11921260
2023-02-06,AMZN,231.29,231.29,225.87,226.34,12143201
2023-02-07,AMZN,227.44,230.41,227.44,230.35,4893909
2023-02-08,AMZN,231.54,235.41,231.54,233.83,1025287
2023-02-09,AMZN,233.06,237.58,233.06,235.74,6502759
2023-02-10,AMZN,234.67,234.67,226.11,229.25,1457252
2023-02-13,AMZN,228.39,229.95,228.09,228.13,12977318
2023-02-14,AMZN,227.03,232.13,227.03,230.98,2911875
2023-02-15,AMZN,230.44,232.89,230.44,232.7,14893705
2023-02-16,AMZN,232.16,232.16,228.15,230.31,7946653
2023-02-17,AMZN,230.18,230.18,226.33,226.65,2245025
2023-02-20,AMZN,226.01,231.45,226.01,230.45,1698265
2023-02-21,AMZN,231.17,231.17,228.23,229.28,10570940
2023-02-22,AMZN,229.85,229.85,226.79,228.84,11781490
2023-02-23,AMZN,228.68,228.68,226.69,226.84,4442156
2023-02-24,AMZN,227.99,227.99,227.22,227.3,14960313
2023-02-27,AMZN,227.95,230.84,227.95,229.08,7360728
2023-02-28,AMZN,229.69,233.72,229.69,232.39,3897715
2023-03-01,AMZN,232.03,232.03,230.45,230.73,14849395
2023-03-02,AMZN,230.89,230.89,223.11,224.4,5397819
2023-03-03,AMZN,223.33,228.63,223.33,227.84,14992425
2023-03-06,AMZN,228.0,229.45,227.82,228.55,12325701
2023-03-07,AMZN,229.07,229.07,225.99,226.02,10458846
2023-03-08,AMZN,227.14,232.13,227.14,230.74,13538476
2023-03-09,AMZN,230.18,230.18,227.14,227.63,11179420
2023-03-10,AMZN,226.37,226.37,223.34,225.3,13299941
2023-03-13,AMZN,225.61,225.61,221.58,223.58,14608482
2023-03-14,AMZN,224.07,224.07,222.52,222.73,7103843
2023-03-15,AMZN,221.42,227.27,221.42,225.51,7995961
2023-03-16,AMZN,224.46,227.35,224.46,225.42,1332219
2023-03-17,AMZN,227.02,227.02,222.07,222.38,5393831
2023-03-20,AMZN,223.2,223.2,220.51,222.11,13893497
2023-03-21,AMZN,221.53,221.53,218.71,220.39,8226655
2023-03-22,AMZN,218.6,226.53,218.6,224.89,7626682
2023-03-23,AMZN,224.66,224.66,221.28,222.85,14167184
2023-03-24,AMZN,221.89,228.96,221.89,228.45,2245481
2023-03-27,AMZN,228.82,228.82,224.52,224.61,10680852
2023-03-28,AMZN,226.46,226.46,219.84,221.67,7953680
2023-03-29,AMZN,219.8,222.13,219.54,221.21,1221066
2023-03-30,AMZN,220.88,226.58,220.88,225.89,5627740
2023-03-31,AMZN,226.1,226.1,221.81,222.47,13535557
2023-04-03,AMZN,223.45,224.15,222.87,223.74,5142661
2023-04-04,AMZN,226.26,226.35,224.07,225.17,9409006
2023-04-05,AMZN,224.92,229.21,224.92,229.1,2739323
2023-04-06,AMZN,227.76,231.74,227.76,230.83,11743569
2023-04-07,AMZN,229.61,229.61,224.58,225.65,940633
2023-04-10,AMZN,225.14,225.14,222.56,223.33,14255554
2023-04-11,AMZN,223.47,224.68,221.57,223.41,13028515
2023-04-12,AMZN,224.65,224.65,222.44,222.92,4380998
2023-04-13,AMZN,222.9,222.9,216.71,217.12,6786036
2023-04-14,AMZN,215.52,215.52,212.35,213.26,11245743
2023-04-17,AMZN,212.44,216.45,212.44,215.9,3719182
2023-04-18,AMZN,215.33,221.65,215.33,219.66,9717402
2023-04-19,AMZN,220.66,220.66,218.87,219.66,4443347
2023-04-20,AMZN,218.47,221.81,218.47,221.48,2713660
2023-04-21,AMZN,221.69,221.69,218.2,218.38,7576338
2023-04-24,AMZN,217.8,219.76,217.38,218.69,4077683
2023-04-25,AMZN,219.44,219.44,215.14,215.34,2773700
2023-04-26,AMZN,216.51,216.51,212.26,214.21,9940950
2023-04-27,AMZN,215.49,220.19,215.49,219.25,3724836
2023-04-28,AMZN,218.38,218.38,216.48,217.18,1266880
2023-05-01,AMZN,215.86,221.59,215.86,220.64,833032
2023-05-02,AMZN,221.62,221.62,217.02,217.15,13221873
2023-05-03,AMZN,216.85,219.2,216.85,218.58,13640059
2023-05-04,AMZN,217.81,217.96,215.44,216.94,10991787
2023-05-05,AMZN,216.52,216.52,213.16,214.92,14023511
2023-05-08,AMZN,216.83,216.83,211.35,211.86,8882225
2023-05-09,AMZN,211.25,211.25,208.85,209.92,7433400
2023-05-10,AMZN,210.5,212.62,209.85,211.4,4051909
2023-05-11,AMZN,211.61,211.61,208.33,208.61,10821401
2023-05-12,AMZN,207.57,211.82,207.57,210.79,544625
2023-05-15,AMZN,209.31,217.58,209.31,215.31,8766464
2023-05-16,AMZN,214.75,216.42,213.98,214.0,14919394
2023-05-17,AMZN,213.92,213.92,211.0,212.03,8474289
2023-05-18,AMZN,211.06,214.98,211.06,213.98,12901294
2023-05-19,AMZN,213.64,213.64,210.37,211.45,3523178
2023-05-22,AMZN,211.72,212.29,210.55,211.94,12072214
2023-05-23,AMZN,212.49,212.49,210.53,211.38,8593878
2023-05-24,AMZN,213.06,213.2,211.59,212.27,10796019
2023-05-25,AMZN,211.58,214.29,211.58,213.46,11071442
2023-05-26,AMZN,213.83,218.55,213.83,217.33,9133245
2023-05-29,AMZN,217.67,220.84,217.67,220.21,12616215
2023-05-30,AMZN,219.29,219.29,215.54,216.5,6723073
2023-05-31,AMZN,217.56,217.56,213.23,215.85,13610179
2023-06-01,AMZN,215.97,217.56,214.32,216.74,3520446
2023-06-02,AMZN,216.9,216.9,214.57,214.68,872354
2023-06-05,AMZN,215.22,216.41,214.35,214.76,4700841
2023-06-06,AMZN,214.56,214.56,212.79,212.83,5224535
2023-06-07,AMZN,214.47,214.47,206.3,207.74,14597208
2023-06-08,AMZN,208.45,214.53,208.45,214.47,8995075
2023-06-09,AMZN,214.94,216.61,214.94,215.49,13107311
2023-06-12,AMZN,214.42,214.42,212.19,212.81,1543543
2023-06-13,AMZN,213.31,213.31,211.51,211.63,14953147
2023-06-14,AMZN,212.41,212.58,211.19,212.27,13085337
2023-06-15,AMZN,211.8,211.8,210.2,211.07,13312647
2023-06-16,AMZN,211.43,211.43,208.72,209.49,13937129
2023-06-19,AMZN,209.97,215.46,209.97,213.13,10803168
2023-06-20,AMZN,211.81,212.74,210.98,211.76,12901683
2023-06-21,AMZN,212.76,212.76,207.12,208.14,10928172
2023-06-22,AMZN,208.15,212.53,208.15,211.91,9268373
2023-06-23,AMZN,211.77,215.28,211.77,214.2,7549831
2023-06-26,AMZN,212.96,215.52,212.96,213.54,6869344
2023-06-27,AMZN,210.76,213.5,210.76,212.6,9545568
2023-06-28,AMZN,212.94,212.94,209.4,210.15,11779323
2023-06-29,AMZN,209.25,212.97,209.25,211.75,1623175
2023-06-30,AMZN,211.05,214.33,211.05,213.14,8747100
2023-07-03,AMZN,213.54,213.54,208.02,208.8,13880261
2023-07-04,AMZN,207.95,210.74,207.95,209.53,7019346
2023-07-05,AMZN,209.78,209.78,205.11,207.27,3042750
2023-07-06,AMZN,207.21,213.04,207.21,211.82,14608082
2023-07-07,AMZN,212.2,212.2,208.88,209.25,3188165
2023-07-10,AMZN,208.47,216.47,208.47,214.75,5967004
2023-07-11,AMZN,214.77,215.13,212.94,215.13,5174938
2023-07-12,AMZN,215.54,215.54,210.08,211.58,12178341
2023-07-13,AMZN,211.99,211.99,209.44,210.1,10148403
2023-07-14,AMZN,209.45,210.15,208.35,209.89,13231998
2023-07-17,AMZN,210.34,212.56,210.34,212.45,6823238
2023-07-18,AMZN,213.14,213.29,210.14,211.84,2305095
2023-07-19,AMZN,209.29,219.93,209.29,218.35,14766863
2023-07-20,AMZN,217.23,222.06,217.23,221.25,2253004
2023-07-21,AMZN,221.87,222.88,221.57,221.91,712201
2023-07-24,AMZN,220.8,223.08,220.8,221.61,10727379
2023-07-25,AMZN,223.16,226.09,223.16,225.5,7174776
2023-07-26,AMZN,226.54,226.54,219.85,220.44,9924761
2023-07-27,AMZN,220.24,220.24,215.45,216.69,13378859
2023-07-28,AMZN,218.28,218.28,214.12,214.89,9803665
2023-07-31,AMZN,214.5,223.66,214.5,223.4,14685950
2023-08-01,AMZN,222.65,223.72,222.17,223.48,2487826
2023-08-02,AMZN,222.58,222.58,218.26,218.71,1231683
2023-08-03,AMZN,218.54,226.04,218.54,224.84,5206668
2023-08-04,AMZN,224.72,225.14,224.65,224.95,1126511
2023-08-07,AMZN,224.48,224.48,222.69,222.83,4017604
2023-08-08,AMZN,224.03,224.03,221.01,222.54,3746929
2023-08-09,AMZN,222.31,224.78,222.31,224.78,8853598
2023-08-10,AMZN,224.67,227.44,224.67,227.13,7294560
2023-08-11,AMZN,224.77,231.11,224.77,229.34,9998214
2023-08-14,AMZN,229.66,235.58,229.66,234.56,10693822
2023-08-15,AMZN,234.53,235.13,229.94,233.26,1217700
2023-08-16,AMZN,234.54,234.54,230.94,231.17,7704684
2023-08-17,AMZN,231.58,233.4,230.44,231.0,13529129
2023-08-18,AMZN,231.0,236.69,231.0,234.96,11312802
2023-08-21,AMZN,235.84,235.84,225.51,226.9,2010237
2023-08-22,AMZN,226.45,232.89,226.45,232.39,634109
2023-08-23,AMZN,232.98,232.98,228.46,228.83,10067233
2023-08-24,AMZN,228.92,231.52,228.25,228.73,4505993
2023-08-25,AMZN,230.43,230.43,224.97,225.3,14135924
2023-08-28,AMZN,225.56,227.82,225.56,226.44,5039341
2023-08-29,AMZN,225.97,225.97,225.44,225.86,6019560
2023-08-30,AMZN,226.07,226.07,224.53,224.98,5852387
2023-08-31,AMZN,224.67,227.5,224.67,227.1,732865
2023-09-01,AMZN,224.99,224.99,220.45,222.65,5569748
2023-09-04,AMZN,220.59,227.5,220.59,226.46,2291433
2023-09-05,AMZN,224.61,232.09,224.61,231.16,9943532
2023-09-06,AMZN,231.09,231.09,226.53,226.97,12882704
2023-09-07,AMZN,227.25,227.25,222.4,222.93,8415981
2023-09-08,AMZN,223.53,223.53,220.68,221.21,646075
2023-09-11,AMZN,221.26,222.51,221.14,221.39,6132958
2023-09-12,AMZN,220.88,221.17,219.64,220.0,7636364
2023-09-13,AMZN,222.17,224.42,222.17,223.49,7450288
2023-09-14,AMZN,224.49,228.12,224.49,226.08,8091457
2023-09-15,AMZN,226.1,229.91,226.1,227.33,2338236
2023-09-18,AMZN,228.31,228.31,223.84,224.55,2576780
2023-09-19,AMZN,224.54,227.18,224.54,226.36,10778528
2023-09-20,AMZN,227.16,227.16,223.69,224.76,9793874
2023-09-21,AMZN,224.75,224.75,221.98,224.01,3315717
2023-09-22,AMZN,222.88,223.68,220.74,223.34,14249825
2023-09-25,AMZN,223.58,223.58,220.13,221.2,7404931
2023-09-26,AMZN,221.68,222.58,221.62,221.72,12646513
2023-09-27,AMZN,222.78,224.18,222.78,223.19,2617101
2023-09-28,AMZN,223.22,228.82,223.22,227.13,14057891
2023-09-29,AMZN,227.02,227.02,221.26,221.47,11842715
2023-10-02,AMZN,222.23,227.6,222.23,225.94,10847692
2023-10-03,AMZN,225.47,229.22,225.47,228.19,12258456
2023-10-04,AMZN,228.16,233.95,228.16,231.52,7261525
2023-10-05,AMZN,231.1,231.1,223.3,225.01,5944523
2023-10-06,AMZN,225.19,227.39,225.19,227.35,2506954
2023-10-09,AMZN,227.23,229.66,226.98,227.62,14795072
2023-10-10,AMZN,227.92,236.42,227.92,234.9,12834410
2023-10-11,AMZN,234.74,240.4,234.74,237.5,3591311
2023-10-12,AMZN,235.7,236.19,233.88,235.93,8270381
2023-10-13,AMZN,236.8,240.76,236.79,237.55,8979108
2023-10-16,AMZN,236.2,238.37,235.32,236.72,4238775
2023-10-17,AMZN,235.91,237.16,233.41,235.33,7916250
2023-10-18,AMZN,235.83,235.83,231.94,233.31,2573913
2023-10-19,AMZN,232.88,233.32,232.34,232.53,4739918
2023-10-20,AMZN,232.9,241.92,232.9,238.8,6000614
2023-10-23,AMZN,239.69,239.69,232.88,234.09,13947350
2023-10-24,AMZN,232.75,240.34,232.75,238.16,7607661
2023-10-25,AMZN,238.39,243.12,238.39,242.55,1748955
2023-10-26,AMZN,242.36,243.98,241.76,242.45,5409442
2023-10-27,AMZN,242.33,245.08,242.33,244.5,14669526
2023-10-30,AMZN,244.83,247.96,244.83,247.65,7552237
2023-10-31,AMZN,248.34,250.97,248.34,249.52,2677471
2023-11-01,AMZN,251.04,251.04,243.22,243.6,5722734
2023-11-02,AMZN,242.73,248.19,242.73,245.77,693911
2023-11-03,AMZN,245.9,255.33,245.9,254.38,11148330
2023-11-06,AMZN,251.93,253.18,251.93,252.61,10765020
2023-11-07,AMZN,253.9,253.9,249.88,250.71,9880914
2023-11-08,AMZN,250.71,255.37,250.71,255.3,5304161
2023-11-09,AMZN,254.9,254.9,247.47,248.09,3446266
2023-11-10,AMZN,247.64,254.56,247.64,253.82,12902280
2023-11-13,AMZN,253.75,253.75,250.52,250.63,5120822
2023-11-14,AMZN,250.06,250.06,247.31,249.12,9527136
2023-11-15,AMZN,248.81,248.81,245.7,247.75,10890149
2023-11-16,AMZN,247.38,258.0,247.38,257.38,8356430
2023-11-17,AMZN,257.82,257.82,255.16,256.48,2533702
2023-11-20,AMZN,257.68,260.64,257.68,260.34,14720847
2023-11-21,AMZN,259.95,259.98,255.65,256.39,6046945
2023-11-22,AMZN,255.78,255.78,249.04,252.25,5677937
2023-11-23,AMZN,254.6,254.6,252.16,253.58,12995296
2023-11-24,AMZN,253.56,253.58,251.94,252.83,1772336
2023-11-27,AMZN,254.16,254.16,247.45,249.05,10416599
2023-11-28,AMZN,248.59,251.74,247.68,250.06,7908993
2023-11-29,AMZN,250.19,257.66,250.19,257.23,11006051
2023-11-30,AMZN,255.45,255.45,247.64,248.16,2123758
2023-12-01,AMZN,247.8,248.73,247.8,248.54,2478252
2023-12-04,AMZN,248.79,248.79,242.41,243.58,9343443
2023-12-05,AMZN,244.33,244.86,242.93,243.44,11405112
2023-12-06,AMZN,242.95,245.45,241.0,241.91,8953093
2023-12-07,AMZN,241.88,241.88,237.84,238.94,7042255
2023-12-08,AMZN,238.51,238.51,231.45,233.99,1643007
2023-12-11,AMZN,234.98,234.98,230.13,230.66,5996387
2023-12-12,AMZN,232.41,232.41,227.12,227.46,2881500
2023-12-13,AMZN,227.43,229.34,227.43,228.86,2613722
2023-12-14,AMZN,229.15,233.24,229.15,232.9,5904895
2023-12-15,AMZN,233.91,235.15,233.5,234.61,7412585
2023-12-18,AMZN,234.96,240.01,234.96,237.82,13207078
2023-12-19,AMZN,237.54,248.86,237.54,248.57,5299685
2023-12-20,AMZN,248.28,248.28,242.65,244.16,14505113
2023-12-21,AMZN,242.66,245.35,242.66,243.88,14193798
2023-12-22,AMZN,242.7,246.33,242.7,245.97,1991109
2023-12-25,AMZN,245.28,246.67,243.99,245.14,3998062
2023-12-26,AMZN,247.31,247.31,244.92,245.38,7739952
2023-12-27,AMZN,246.1,246.3,245.04,246.23,11596091
2023-12-28,AMZN,246.8,254.3,246.8,254.26,13917371
2023-12-29,AMZN,255.1,257.78,254.75,255.6,8281718
2024-01-01,AMZN,256.38,259.53,256.38,259.22,2586495
2024-01-02,AMZN,260.01,261.82,258.66,260.62,9664635
2024-01-03,AMZN,258.87,259.54,258.06,259.01,540507
2024-01-04,AMZN,259.23,261.43,257.05,260.48,9105391
2024-01-05,AMZN,259.34,263.88,259.34,262.7,8607627
2024-01-08,AMZN,263.99,263.99,255.18,256.19,14335204
2024-01-09,AMZN,256.32,261.36,256.32,259.17,7055129
2024-01-10,AMZN,258.23,264.15,258.23,261.68,8988316
2024-01-11,AMZN,262.91,262.91,258.17,259.27,13981590
2024-01-12,AMZN,258.72,258.72,257.49,258.51,7700806
2024-01-15,AMZN,257.61,257.61,256.1,256.17,10093065
2024-01-16,AMZN,255.28,257.71,255.28,257.3,6893341
2024-01-17,AMZN,255.94,255.94,254.01,255.58,4484014
2024-01-18,AMZN,254.77,263.57,254.77,263.46,6448565
2024-01-19,AMZN,263.16,263.68,262.25,263.1,13157025
2024-01-22,AMZN,262.31,265.0,262.31,264.75,11728386
2024-01-23,AMZN,265.63,265.63,262.17,263.14,2822667
2024-01-24,AMZN,261.22,263.81,261.22,263.24,11911920
2024-01-25,AMZN,263.39,263.49,261.13,261.97,11577097
2024-01-26,AMZN,260.2,260.2,255.68,257.92,4721221
2024-01-29,AMZN,256.85,256.85,253.53,253.81,6188908
2024-01-30,AMZN,254.9,257.88,254.74,255.95,8339373
2024-01-31,AMZN,257.83,257.83,253.93,255.18,1325926
2024-02-01,AMZN,255.28,260.4,255.28,259.1,7385525
2024-02-02,AMZN,257.22,261.18,257.22,259.85,8227981
2024-02-05,AMZN,261.06,261.06,256.65,258.03,10237478
2024-02-06,AMZN,256.27,265.85,256.27,265.63,3491494
2024-02-07,AMZN,265.75,265.75,263.18,263.43,1887379
2024-02-08,AMZN,264.63,264.63,256.17,258.21,8207004
2024-02-09,AMZN,257.16,260.12,256.04,257.86,8477706
2024-02-12,AMZN,256.99,260.47,256.99,260.05,5907903
2024-02-13,AMZN,258.78,261.45,258.78,261.16,2144436
2024-02-14,AMZN,263.54,263.54,257.49,259.33,2887501
2024-02-15,AMZN,259.25,267.46,259.25,266.49,7289010
2024-02-16,AMZN,266.16,266.98,262.0,265.03,2722824
2024-02-19,AMZN,265.69,269.37,265.69,268.1,12135640
2024-02-20,AMZN,266.37,266.37,261.96,263.35,12840174
2024-02-21,AMZN,263.01,263.01,256.27,258.05,5237827
2024-02-22,AMZN,257.09,257.09,252.03,254.71,6041054
2024-02-23,AMZN,255.13,261.49,255.13,260.96,1334120
2024-02-26,AMZN,260.5,268.63,260.5,267.85,2890289
2024-02-27,AMZN,271.09,272.55,270.93,271.1,1702372
2024-02-28,AMZN,270.87,272.51,270.87,272.09,11130797
2024-02-29,AMZN,271.54,272.93,271.54,272.55,535907
2024-03-01,AMZN,273.62,273.62,270.68,271.7,14717541
2024-03-04,AMZN,270.84,275.24,270.84,274.6,8314287
2024-03-05,AMZN,275.76,275.76,270.33,271.77,7564707
2024-03-06,AMZN,271.14,271.14,268.19,269.27,12119634
2024-03-07,AMZN,267.97,271.29,267.97,269.64,4421214
2024-03-08,AMZN,269.95,273.43,269.95,272.17,1689792
2024-03-11,AMZN,270.88,273.12,270.8,271.68,14372244
2024-03-12,AMZN,271.4,271.9,269.93,270.99,12290319
2024-03-13,AMZN,270.7,276.72,270.7,275.29,14609035
2024-03-14,AMZN,273.07,273.07,262.92,266.32,11223259
2024-03-15,AMZN,266.83,268.09,265.11,267.41,1016486
2024-03-18,AMZN,267.99,268.65,264.25,266.58,13875083
2024-03-19,AMZN,265.41,266.78,264.57,264.64,8633756
2024-03-20,AMZN,263.23,263.91,260.6,263.52,14999636
2024-03-21,AMZN,262.74,264.16,262.74,263.43,12030674
2024-03-22,AMZN,263.09,263.09,257.89,258.19,1350180
2024-03-25,AMZN,256.49,260.8,256.49,259.81,7895315
2024-03-26,AMZN,260.11,265.11,260.11,264.54,10750045
2024-03-27,AMZN,263.2,271.43,263.2,271.05,7008760
2024-03-28,AMZN,272.88,272.88,270.5,271.02,10275571
2024-03-29,AMZN,271.61,271.61,265.11,267.57,741150
2024-04-01,AMZN,266.46,269.88,266.46,269.36,14196413
2024-04-02,AMZN,265.67,265.67,264.08,265.04,11961219
2024-04-03,AMZN,265.04,265.18,263.54,263.86,13827532
2024-04-04,AMZN,264.82,265.58,264.35,265.09,7577599
2024-04-05,AMZN,262.38,267.3,262.38,266.88,2073347
2024-04-08,AMZN,268.24,273.26,268.24,272.92,11283401
2024-04-09,AMZN,275.48,275.48,268.44,270.38,14397645
2024-04-10,AMZN,269.9,273.97,269.9,270.75,1525418
2024-04-11,AMZN,269.59,275.83,269.59,275.17,8223688
2024-04-12,AMZN,276.01,276.01,273.71,274.27,11888542
2024-04-15,AMZN,274.72,276.43,274.02,275.41,3736512
2024-04-16,AMZN,277.1,277.1,268.02,269.04,9039974
2024-04-17,AMZN,268.21,272.03,268.21,271.88,3496286
2024-04-18,AMZN,270.84,270.84,266.23,266.91,2876955
2024-04-19,AMZN,265.87,269.77,265.87,268.03,13415692
2024-04-22,AMZN,268.73,272.55,268.73,271.95,13179409
2024-04-23,AMZN,273.36,277.39,272.98,275.67,10919004
2024-04-24,AMZN,274.18,283.41,274.18,281.11,2254898
2024-04-25,AMZN,280.46,291.09,280.46,290.99,7126493
2024-04-26,AMZN,291.55,291.55,280.99,281.14,14559735
2024-04-29,AMZN,282.59,287.22,282.59,285.48,11594016
2024-04-30,AMZN,287.67,289.16,286.36,288.41,3835998
2024-05-01,AMZN,287.29,291.54,287.29,291.51,8119107
2024-05-02,AMZN,289.59,296.26,289.59,293.07,9301787
2024-05-03,AMZN,294.29,299.09,294.29,298.74,11023288
2024-05-06,AMZN,298.38,304.54,298.38,304.4,14569445
2024-05-07,AMZN,305.23,308.55,304.78,305.64,9051280
2024-05-08,AMZN,305.5,305.5,296.31,296.92,8758023
2024-05-09,AMZN,295.81,295.81,290.39,290.82,9972290
2024-05-10,AMZN,289.75,290.97,289.23,289.91,13031010
2024-05-13,AMZN,289.99,292.03,288.67,290.58,10318318
2024-05-14,AMZN,290.31,290.31,282.92,285.51,5119012
2024-05-15,AMZN,282.69,285.9,282.69,284.26,11913648
2024-05-16,AMZN,283.93,287.43,283.93,286.24,4658348
2024-05-17,AMZN,287.73,290.37,287.73,290.27,11411310
2024-05-20,AMZN,290.89,297.12,290.89,294.82,7995136
2024-05-21,AMZN,296.71,296.71,290.64,294.58,1716890
2024-05-22,AMZN,294.18,301.07,294.18,299.51,10003571
2024-05-23,AMZN,301.9,304.1,301.54,301.68,592638
2024-05-24,AMZN,304.27,304.27,293.66,295.02,14919193
2024-05-27,AMZN,293.87,303.33,293.87,300.66,7808737
2024-05-28,AMZN,301.5,309.65,301.5,307.07,5118301
2024-05-29,AMZN,306.81,307.63,306.07,306.87,2486066
2024-05-30,AMZN,308.55,313.24,308.55,312.97,7319295
2024-05-31,AMZN,311.88,311.88,302.97,304.23,1533575
2024-06-03,AMZN,302.84,305.17,302.6,304.24,14644776
2024-06-04,AMZN,304.3,311.48,304.3,308.06,10533918
2024-06-05,AMZN,308.79,310.01,308.04,309.87,3311931
2024-06-06,AMZN,309.47,312.47,309.47,311.96,12484094
2024-06-07,AMZN,312.45,313.26,311.16,311.32,6202854
2024-06-10,AMZN,309.96,309.96,304.34,305.33,650957
2024-06-11,AMZN,305.21,310.13,305.21,308.44,10741797
2024-06-12,AMZN,308.35,308.7,305.4,307.35,11604695
2024-06-13,AMZN,305.18,309.02,303.67,306.63,14533465
2024-06-14,AMZN,306.59,306.59,303.81,304.97,12282183
2024-06-17,AMZN,306.8,306.8,304.3,305.29,1364142
2024-06-18,AMZN,306.29,306.29,298.56,298.86,4790168
2024-06-19,AMZN,298.87,299.47,296.69,299.02,9636609
2024-06-20,AMZN,298.84,307.85,298.84,307.39,2246932
2024-06-21,AMZN,307.81,307.81,304.96,304.98,10012609
2024-06-24,AMZN,306.99,307.28,306.43,306.59,11989066
2024-06-25,AMZN,305.66,317.99,305.66,317.9,8150753
2024-06-26,AMZN,317.55,325.54,317.55,324.26,8527191
2024-06-27,AMZN,326.36,326.36,322.83,323.33,13588206
2024-06-28,AMZN,322.12,327.92,322.12,325.57,9452867
2024-07-01,AMZN,324.44,329.36,324.44,328.22,11089017
2024-07-02,AMZN,327.19,333.5,327.19,331.16,12604041
2024-07-03,AMZN,329.2,335.43,329.2,332.8,2678773
2024-07-04,AMZN,333.73,339.93,333.73,338.96,12578225
2024-07-05,AMZN,340.65,340.65,335.25,335.3,911970
2024-07-08,AMZN,335.02,335.02,328.71,331.08,1024733
2024-07-09,AMZN,333.65,333.65,325.24,327.58,7620173
2024-07-10,AMZN,329.4,329.4,319.02,320.16,1484025
2024-07-11,AMZN,320.72,322.66,320.62,320.83,14361078
2024-07-12,AMZN,321.47,328.83,321.47,328.38,2553378
2024-07-15,AMZN,328.55,330.87,328.55,329.02,8655732
2024-07-16,AMZN,329.53,331.41,327.89,330.87,7640135
2024-07-17,AMZN,331.87,335.34,331.87,333.45,3146040
2024-07-18,AMZN,334.07,334.07,324.26,326.59,5182068
2024-07-19,AMZN,327.91,333.46,327.29,329.9,13200416
2024-07-22,AMZN,330.78,330.78,321.58,325.93,5005322
2024-07-23,AMZN,325.16,332.75,325.16,331.5,8737372
2024-07-24,AMZN,333.94,333.94,326.0,327.8,7763038
2024-07-25,AMZN,327.79,330.57,326.48,327.02,8883027
2024-07-26,AMZN,326.28,327.22,325.52,325.52,8501783
2024-07-29,AMZN,324.89,334.9,324.89,334.57,2574994
2024-07-30,AMZN,334.17,334.17,326.39,331.03,10408080
2024-07-31,AMZN,334.34,334.34,325.88,327.33,10002726
2024-08-01,AMZN,324.09,333.22,324.09,330.18,9750085
2024-08-02,AMZN,329.45,332.59,329.45,332.15,13944021
2024-08-05,AMZN,332.42,337.6,332.42,336.65,7311972
2024-08-06,AMZN,338.23,338.23,329.15,332.64,4295788
2024-08-07,AMZN,334.17,339.01,334.17,337.52,9459515
2024-08-08,AMZN,338.75,339.01,335.53,338.3,5448668
2024-08-09,AMZN,340.07,345.37,340.07,344.06,9636288
2024-08-12,AMZN,344.12,352.98,344.12,352.76,5535991
2024-08-13,AMZN,354.38,354.38,349.26,351.0,10185531
2024-08-14,AMZN,353.16,353.16,348.06,348.89,6348207
2024-08-15,AMZN,351.15,354.11,351.15,353.93,14463106
2024-08-16,AMZN,353.46,356.49,352.42,353.43,2620661
2024-08-19,AMZN,352.29,355.02,351.8,352.43,9570300
2024-08-20,AMZN,352.79,352.79,347.45,349.09,5550926
2024-08-21,AMZN,348.86,348.86,343.88,348.47,7346542
2024-08-22,AMZN,348.5,352.24,348.5,352.12,2125600
2024-08-23,AMZN,352.14,354.42,352.14,353.26,8229650
2024-08-26,AMZN,354.24,365.16,354.24,360.8,9440919
2024-08-27,AMZN,360.15,369.12,360.15,366.4,11559629
2024-08-28,AMZN,369.78,369.78,365.22,365.58,9037592
2024-08-29,AMZN,366.2,366.2,361.83,363.11,562757
2024-08-30,AMZN,362.36,365.07,357.69,359.86,5361310
2024-09-02,AMZN,361.07,366.62,361.07,365.9,1590477
2024-09-03,AMZN,366.8,369.9,366.78,369.19,2100639
2024-09-04,AMZN,368.52,373.02,368.52,372.46,9998980
2024-09-05,AMZN,372.64,372.64,366.55,369.53,3937768
2024-09-06,AMZN,368.06,372.5,368.06,372.44,6374766
2024-09-09,AMZN,373.53,373.53,365.16,368.3,1010751
2024-09-10,AMZN,368.81,368.81,363.71,365.52,1344045
2024-09-11,AMZN,366.31,366.31,352.9,355.09,3462478
2024-09-12,AMZN,354.72,367.9,354.72,364.43,1519003
2024-09-13,AMZN,363.02,363.02,360.94,362.14,14392863
2024-09-16,AMZN,361.65,367.79,361.65,364.32,5789167
2024-09-17,AMZN,364.02,366.32,364.02,366.24,14411508
2024-09-18,AMZN,365.04,370.01,365.04,369.72,13934985
2024-09-19,AMZN,371.67,372.74,369.73,372.09,12073856
2024-09-20,AMZN,371.76,381.85,371.76,377.65,1133758
2024-09-23,AMZN,378.03,387.37,378.03,383.82,4379275
2024-09-24,AMZN,385.98,385.98,374.73,376.58,14515216
2024-09-25,AMZN,378.28,378.28,374.08,375.31,7208470
2024-09-26,AMZN,373.05,377.09,371.0,376.61,7515489
2024-09-27,AMZN,377.94,377.94,370.92,371.22,12818930
2024-09-30,AMZN,369.54,370.78,369.44,370.02,1595970
2024-10-01,AMZN,369.72,372.53,369.72,371.62,7012656
2024-10-02,AMZN,372.2,380.05,372.2,377.89,12427398
2024-10-03,AMZN,379.22,379.22,373.32,375.84,10966242
2024-10-04,AMZN,374.76,376.65,374.03,374.46,2508074
2024-10-07,AMZN,373.23,380.22,373.23,378.59,3725703
2024-10-08,AMZN,377.06,377.06,373.44,375.78,12570712
2024-10-09,AMZN,377.87,377.87,367.46,370.97,7601686
2024-10-10,AMZN,371.18,371.18,369.33,370.17,8442023
2024-10-11,AMZN,373.06,373.06,353.82,357.46,10555582
2024-10-14,AMZN,358.12,358.2,355.73,356.29,5539311
2024-10-15,AMZN,355.99,355.99,341.65,343.83,14029193
2024-10-16,AMZN,343.96,343.96,339.56,340.51,12362278
2024-10-17,AMZN,341.0,341.0,338.72,340.1,7082631
2024-10-18,AMZN,338.97,344.29,338.57,341.63,2692646
2024-10-21,AMZN,341.41,341.41,335.83,338.27,4166438
2024-10-22,AMZN,338.33,338.33,329.64,329.74,6294753
2024-10-23,AMZN,329.13,332.32,329.13,332.07,14029342
2024-10-24,AMZN,332.63,332.63,328.03,329.3,10758943
2024-10-25,AMZN,329.46,330.43,326.43,327.66,6644090
2024-10-28,AMZN,326.83,331.81,326.66,330.56,7815503
2024-10-29,AMZN,327.85,331.32,327.85,331.07,3574444
2024-10-30,AMZN,330.13,338.2,330.13,337.8,3346760
2024-10-31,AMZN,337.6,343.96,337.6,342.11,2239554
2024-11-01,AMZN,340.21,340.21,337.83,339.32,13930855
2024-11-04,AMZN,340.1,340.1,337.86,338.41,1090861
2024-11-05,AMZN,336.59,336.59,327.8,328.85,10516936
2024-11-06,AMZN,329.92,329.92,319.67,322.58,11846365
2024-11-07,AMZN,326.37,326.37,311.14,314.35,13277451
2024-11-08,AMZN,314.1,314.1,305.71,308.47,6969276
2024-11-11,AMZN,305.24,314.57,305.24,313.1,1817293
2024-11-12,AMZN,312.44,313.83,310.92,313.2,6878598
2024-11-13,AMZN,314.16,314.92,314.16,314.77,8698922
2024-11-14,AMZN,316.24,322.66,316.24,320.88,789957
2024-11-15,AMZN,321.69,321.69,319.04,319.41,8525630
2024-11-18,AMZN,319.17,319.17,309.83,313.54,1621506
2024-11-19,AMZN,313.84,322.59,313.84,320.05,2867892
2024-11-20,AMZN,320.18,325.07,318.61,321.64,11045730
2024-11-21,AMZN,320.98,320.98,316.11,316.46,14434075
2024-11-22,AMZN,316.26,321.37,316.26,319.2,9181522
2024-11-25,AMZN,318.33,318.99,317.24,318.46,3123401
2024-11-26,AMZN,317.86,317.86,314.86,315.26,1972028
2024-11-27,AMZN,314.38,325.77,314.38,324.97,5006328
2024-11-28,AMZN,325.81,326.68,323.87,324.64,540467
2024-11-29,AMZN,324.15,329.49,324.15,329.44,12181775
2024-12-02,AMZN,330.69,330.69,324.05,325.33,14464364
2024-12-03,AMZN,327.03,327.03,322.87,323.53,14138646
2024-12-04,AMZN,323.44,327.21,323.44,325.52,7730978
2024-12-05,AMZN,326.6,326.6,325.85,325.96,5831287
2024-12-06,AMZN,326.83,334.13,326.83,334.05,11430609
2024-12-09,AMZN,331.08,336.07,331.08,336.01,559511
2024-12-10,AMZN,333.75,345.03,333.75,343.9,5569556
2024-12-11,AMZN,344.67,344.67,338.8,339.0,1469539
2024-12-12,AMZN,337.3,340.23,337.3,339.84,9677296
2024-12-13,AMZN,338.26,349.69,338.26,346.64,6097467
2024-12-16,AMZN,346.57,348.79,346.57,348.44,9880827
2024-12-17,AMZN,350.84,352.72,346.99,348.02,2487053
2024-12-18,AMZN,347.26,354.39,347.26,350.61,5449358
2024-12-19,AMZN,352.06,352.94,349.36,350.85,1935710
2024-12-20,AMZN,353.44,353.44,348.43,349.11,3826080
2024-12-23,AMZN,348.37,350.48,348.37,349.59,14021629
2024-12-24,AMZN,350.1,350.1,348.22,349.21,6750267
2024-12-25,AMZN,349.15,353.76,349.15,352.08,7145682
2024-12-26,AMZN,353.84,353.84,347.87,349.65,13222468
2024-12-27,AMZN,349.22,359.32,349.22,356.7,6301216
2024-12-30,AMZN,357.42,357.42,355.04,355.65,11524950
2024-12-31,AMZN,357.22,357.22,349.13,349.17,9858282
2022-01-03,META,337.68,341.49,337.68,341.28,10259481
2022-01-04,META,341.47,353.26,341.47,349.92,5666671
2022-01-05,META,350.21,365.29,350.21,361.02,12087748
2022-01-06,META,363.29,366.31,361.74,365.28,3779150
2022-01-07,META,364.31,381.04,364.31,378.77,11566377
2022-01-10,META,378.33,388.46,378.33,386.49,12785240
2022-01-11,META,385.74,388.74,382.62,385.49,8359112
2022-01-12,META,386.66,398.92,386.66,398.14,10948930
2022-01-13,META,402.89,402.89,399.16,401.97,8594365
2022-01-14,META,402.95,402.95,400.43,400.44,9983652
2022-01-17,META,398.97,398.97,384.34,386.82,9610145
2022-01-18,META,388.5,393.17,388.5,392.71,7512506
2022-01-19,META,389.61,398.12,389.61,395.55,1913501
2022-01-20,META,397.25,397.9,391.7,393.35,12614952
2022-01-21,META,393.15,399.08,392.63,396.63,6854159
2022-01-24,META,398.71,398.71,383.83,387.85,4211114
2022-01-25,META,389.91,389.91,386.45,386.91,3074054
2022-01-26,META,383.36,393.6,383.36,389.64,2688069
2022-01-27,META,390.69,390.69,383.5,385.52,12231069
2022-01-28,META,384.33,392.58,384.33,387.14,1648381
2022-01-31,META,387.85,388.69,384.87,385.57,14407031
2022-02-01,META,383.67,383.67,376.73,376.86,13641454
2022-02-02,META,376.37,379.69,376.25,379.68,6268978
2022-02-03,META,378.93,378.93,376.82,377.02,8259678
2022-02-04,META,379.6,379.95,376.94,377.62,2780181
2022-02-07,META,380.45,388.34,380.45,384.65,5705953
2022-02-08,META,383.23,391.86,383.23,388.83,14171515
2022-02-09,META,386.24,393.3,386.24,393.11,10863640
2022-02-10,META,393.03,393.03,376.39,381.92,10534493
2022-02-11,META,382.59,384.08,382.45,382.73,1686680
2022-02-14,META,384.44,384.44,375.95,377.74,8288290
2022-02-15,META,379.1,386.61,379.1,385.78,10006711
2022-02-16,META,386.53,386.53,378.93,382.05,7476075
2022-02-17,META,380.9,390.42,380.9,388.65,14382196
2022-02-18,META,389.05,404.21,389.05,401.63,12791944
2022-02-21,META,400.13,405.28,398.39,403.56,1585586
2022-02-22,META,402.41,416.64,402.41,414.15,11262000
2022-02-23,META,412.98,423.98,412.98,421.81,11883609
2022-02-24,META,420.54,436.18,420.54,433.15,721449
2022-02-25,META,434.11,434.11,427.88,430.52,2692850
2022-02-28,META,432.73,434.37,427.99,432.64,5998787
2022-03-01,META,432.49,432.49,426.21,427.14,693497
2022-03-02,META,428.59,429.11,424.13,428.32,12571876
2022-03-03,META,432.79,432.79,428.66,430.61,7891459
2022-03-04,META,429.67,432.39,429.67,431.6,3753910
2022-03-07,META,433.64,433.64,423.2,426.49,8845168
2022-03-08,META,424.23,425.55,423.67,424.1,4944424
2022-03-09,META,424.59,424.59,415.3,416.91,1142373
2022-03-10,META,417.04,417.04,411.2,415.85,2802608
2022-03-11,META,413.85,419.72,413.85,419.54,12688713
2022-03-14,META,420.75,421.3,415.52,420.64,11809000
2022-03-15,META,419.01,428.25,419.01,422.52,11786948
2022-03-16,META,423.06,423.06,409.02,413.69,1652039
2022-03-17,META,411.5,411.5,399.1,399.6,13244175
2022-03-18,META,395.74,407.16,395.74,405.43,908402
2022-03-21,META,404.1,404.1,399.98,401.31,10772421
2022-03-22,META,400.05,405.0,400.05,404.48,13925674
2022-03-23,META,400.5,400.5,396.1,397.6,4197375
2022-03-24,META,397.85,406.9,397.85,404.83,8177906
2022-03-25,META,407.01,417.23,407.01,414.42,11707309
2022-03-28,META,412.75,412.75,409.02,410.17,5967010
2022-03-29,META,413.16,413.16,404.17,404.7,6550088
2022-03-30,META,404.98,406.62,400.37,402.91,4714542
2022-03-31,META,402.98,402.98,390.4,393.05,12215454
2022-04-01,META,393.51,407.38,393.51,403.33,11771405
2022-04-04,META,402.82,413.63,402.37,406.89,2052869
2022-04-05,META,405.26,420.5,405.26,419.39,5427960
2022-04-06,META,419.33,427.99,419.33,423.85,4136272
2022-04-07,META,420.15,427.86,420.15,424.11,3481280
2022-04-08,META,424.59,424.59,416.96,421.88,3138549
2022-04-11,META,423.84,438.35,423.84,434.65,5186748
2022-04-12,META,434.85,441.3,434.85,438.48,1186449
2022-04-13,META,434.49,438.37,433.66,434.77,13326487
2022-04-14,META,435.47,435.47,432.48,433.43,1562809
2022-04-15,META,429.34,429.34,421.71,425.92,5323358
2022-04-18,META,427.27,429.11,422.46,425.76,14574732
2022-04-19,META,423.43,423.43,415.67,418.89,12221305
2022-04-20,META,419.75,423.03,419.75,421.69,5031233
2022-04-21,META,420.01,426.51,420.01,424.83,11160779
2022-04-22,META,421.2,431.43,421.2,431.25,12276174
2022-04-25,META,432.77,432.77,418.01,421.11,2192013
2022-04-26,META,424.43,424.43,416.87,416.99,5842225
2022-04-27,META,419.13,423.25,418.07,419.77,8069077
2022-04-28,META,418.89,428.46,418.89,426.03,7585744
2022-04-29,META,425.57,425.57,419.76,420.74,10304749
2022-05-02,META,418.54,425.18,418.54,423.86,7794104
2022-05-03,META,420.74,421.17,414.27,418.81,4438824
2022-05-04,META,420.56,433.38,420.56,432.58,14391533
2022-05-05,META,430.81,447.38,430.81,444.3,12628834
2022-05-06,META,443.93,443.93,427.28,432.46,12633019
2022-05-09,META,437.36,455.68,437.36,447.11,3519482
2022-05-10,META,447.11,450.32,447.11,449.66,4383118
2022-05-11,META,450.45,456.66,450.45,455.3,4362916
2022-05-12,META,454.49,454.49,450.07,450.48,3697810
2022-05-13,META,450.29,452.84,448.91,449.5,1915726
2022-05-16,META,451.33,454.59,449.89,450.87,13060401
2022-05-17,META,453.86,453.86,439.82,441.34,12950137
2022-05-18,META,439.89,445.31,439.0,443.12,12097418
2022-05-19,META,444.72,452.89,444.72,449.97,8649104
2022-05-20,META,450.71,458.32,450.71,454.88,6359837
2022-05-23,META,458.33,458.33,440.86,442.66,9705861
2022-05-24,META,443.28,443.28,437.56,438.15,8869451
2022-05-25,META,436.58,445.79,436.58,442.6,6093720
2022-05-26,META,442.01,446.64,437.85,441.81,11361360
2022-05-27,META,441.56,446.08,441.56,443.11,6907876
2022-05-30,META,444.63,453.71,444.63,452.75,3698155
2022-05-31,META,455.95,455.95,450.02,452.42,2156089
2022-06-01,META,450.07,455.38,445.88,449.93,12667306
2022-06-02,META,449.63,449.63,447.38,447.7,8662024
2022-06-03,META,451.17,451.17,443.91,445.75,9112591
2022-06-06,META,447.22,447.22,438.99,443.16,9798436
2022-06-07,META,443.65,443.65,427.63,429.92,14710663
2022-06-08,META,431.51,434.16,429.79,433.67,11402856
2022-06-09,META,433.5,437.61,429.84,434.43,12417770
2022-06-10,META,435.26,443.65,435.26,438.83,11518311
2022-06-13,META,438.7,445.76,438.7,442.4,3599386
2022-06-14,META,442.3,442.3,438.95,441.2,8412703
2022-06-15,META,443.81,446.7,441.95,443.97,8409931
2022-06-16,META,444.97,450.51,444.97,449.19,13091126
2022-06-17,META,452.45,458.16,448.93,453.82,11002235
2022-06-20,META,453.83,459.91,453.83,458.17,11271489
2022-06-21,META,459.55,465.4,459.55,463.52,2958935
2022-06-22,META,467.65,472.66,467.08,469.58,5370731
2022-06-23,META,469.52,474.13,466.86,469.62,8102900
2022-06-24,META,472.26,485.26,472.26,480.22,6457381
2022-06-27,META,481.91,493.24,481.91,493.14,10083370
2022-06-28,META,495.16,501.03,492.67,494.25,7568269
2022-06-29,META,498.41,499.17,497.94,498.64,9242059
2022-06-30,META,496.14,509.73,496.14,504.56,13698785
2022-07-01,META,502.71,519.54,502.71,519.08,9399969
2022-07-04,META,516.9,516.9,508.12,510.23,1106160
2022-07-05,META,512.15,515.47,504.24,508.01,800192
2022-07-06,META,509.77,509.77,496.73,499.54,3141122
2022-07-07,META,505.67,505.67,498.57,498.86,7828689
2022-07-08,META,495.04,503.43,495.04,500.92,1185183
2022-07-11,META,500.36,500.36,495.27,496.35,2985013
2022-07-12,META,497.12,497.12,485.45,490.2,8515727
2022-07-13,META,489.75,494.75,488.63,492.24,10992870
2022-07-14,META,489.02,495.2,489.02,490.55,9016043
2022-07-15,META,492.13,492.13,481.43,485.46,1164979
2022-07-18,META,485.99,488.21,485.99,488.13,10814727
2022-07-19,META,487.22,487.22,478.9,481.05,10943014
2022-07-20,META,481.64,488.29,478.43,486.6,1548870
2022-07-21,META,485.77,485.77,472.93,473.26,641292
2022-07-22,META,473.18,481.32,473.18,478.95,10183692
2022-07-25,META,475.48,475.48,463.32,467.36,3917276
2022-07-26,META,466.28,469.1,461.57,463.16,8110527
2022-07-27,META,461.19,461.19,454.97,455.75,4571575
2022-07-28,META,456.29,460.45,456.29,457.96,9188495
2022-07-29,META,457.98,460.89,456.29,456.63,13212719
2022-08-01,META,455.13,455.13,450.71,453.08,2774106
2022-08-02,META,449.37,454.76,449.37,454.23,13674752
2022-08-03,META,453.15,453.15,441.97,444.53,1701997
2022-08-04,META,446.15,446.15,433.12,436.26,9074120
2022-08-05,META,435.3,438.37,431.82,437.52,12195753
2022-08-08,META,438.21,438.21,430.7,432.41,7446234
2022-08-09,META,432.76,432.76,425.85,428.7,2004305
2022-08-10,META,428.3,432.27,425.64,427.22,12568155
2022-08-11,META,428.6,437.08,428.6,436.5,8284901
2022-08-12,META,437.44,444.42,437.44,442.86,6201915
2022-08-15,META,443.52,443.52,434.44,437.9,12459108
2022-08-16,META,438.18,438.18,427.18,428.75,12991346
2022-08-17,META,426.05,426.05,418.64,422.41,13875017
2022-08-18,META,422.71,422.71,416.64,416.85,11912220
2022-08-19,META,416.15,416.15,410.06,411.76,6967309
2022-08-22,META,409.06,425.37,409.06,420.79,2836887
2022-08-23,META,420.26,420.26,412.55,416.86,12774992
2022-08-24,META,413.73,423.53,413.73,422.85,2217827
2022-08-25,META,424.65,426.75,422.28,424.06,8119037
2022-08-26,META,426.39,426.39,420.39,420.68,755870
2022-08-29,META,418.72,418.72,410.08,413.53,13119296
2022-08-30,META,412.82,412.82,409.58,409.93,4787989
2022-08-31,META,411.25,420.68,411.25,415.63,706646
2022-09-01,META,418.28,422.36,418.01,419.52,9509613
2022-09-02,META,417.73,417.73,408.41,412.96,583362
2022-09-05,META,409.5,416.31,409.5,413.43,12924455
2022-09-06,META,415.79,415.79,402.66,407.16,3113585
2022-09-07,META,407.47,407.47,400.44,401.92,688923
2022-09-08,META,400.29,404.93,400.29,404.58,8365541
2022-09-09,META,406.72,406.72,402.99,404.1,9994144
2022-09-12,META,401.49,404.63,397.09,399.06,8786971
2022-09-13,META,402.62,402.62,394.38,394.59,1668671
2022-09-14,META,393.91,408.71,393.91,406.84,8096070
2022-09-15,META,405.62,405.62,400.02,400.05,8663488
2022-09-16,META,397.9,405.51,397.9,402.92,12169192
2022-09-19,META,404.08,404.16,401.03,401.61,13715827
2022-09-20,META,402.88,402.88,396.1,397.57,6578374
2022-09-21,META,400.87,404.33,400.32,403.42,2261760
2022-09-22,META,404.79,413.91,404.79,413.22,4795056
2022-09-23,META,409.68,409.68,397.22,400.35,8169035
2022-09-26,META,403.21,414.49,403.21,413.81,12154516
2022-09-27,META,414.87,415.46,414.74,415.39,1016965
2022-09-28,META,412.22,419.81,412.22,418.67,2055415
2022-09-29,META,420.19,428.39,420.19,424.89,3645891
2022-09-30,META,422.4,426.69,420.76,420.97,1525093
2022-10-03,META,422.02,428.69,421.33,426.58,4149175
2022-10-04,META,426.95,431.21,426.95,428.98,10450898
2022-10-05,META,431.9,431.9,410.66,411.43,9279935
2022-10-06,META,411.38,418.5,411.38,416.61,13536222
2022-10-07,META,414.16,417.96,414.01,414.41,11004270
2022-10-10,META,416.52,421.47,416.52,421.02,1233653
2022-10-11,META,421.51,421.51,412.8,415.07,4937013
2022-10-12,META,415.84,415.84,404.49,404.91,2459163
2022-10-13,META,406.68,411.22,406.68,407.83,10655968
2022-10-14,META,407.8,414.1,407.8,412.74,3242054
2022-10-17,META,410.86,410.86,403.69,406.63,11634736
2022-10-18,META,402.32,410.81,402.32,408.45,11408655
2022-10-19,META,409.61,415.53,408.49,408.91,5250423
2022-10-20,META,406.6,406.6,403.35,405.04,5083254
2022-10-21,META,405.31,411.89,405.31,411.17,2972393
2022-10-24,META,409.95,417.47,409.95,416.51,6226692
2022-10-25,META,418.11,418.11,408.11,410.47,7945423
2022-10-26,META,407.31,407.31,403.65,405.65,2701287
2022-10-27,META,405.94,405.94,400.63,401.98,2908046
2022-10-28,META,398.25,398.25,391.7,395.87,2926247
2022-10-31,META,395.04,395.9,392.71,393.2,11810371
2022-11-01,META,392.09,392.09,384.58,387.82,2269187
2022-11-02,META,389.13,389.85,381.97,388.01,12317597
2022-11-03,META,388.89,388.89,386.34,387.63,5480113
2022-11-04,META,387.42,387.42,372.59,373.73,757652
2022-11-07,META,374.04,374.04,364.51,366.38,7382769
2022-11-08,META,365.45,365.45,356.61,357.1,9496205
2022-11-09,META,356.07,357.8,354.72,355.09,11672035
2022-11-10,META,354.73,360.27,354.73,359.08,10048378
2022-11-11,META,357.89,357.89,349.33,350.82,3244236
2022-11-14,META,349.55,363.62,349.55,360.5,9120556
2022-11-15,META,358.12,358.12,352.89,354.5,7965888
2022-11-16,META,354.37,359.01,354.37,356.34,14980304
2022-11-17,META,356.39,363.98,356.39,361.26,10867793
2022-11-18,META,359.1,369.32,359.1,367.94,2337126
2022-11-21,META,368.89,368.89,363.84,365.63,6995601
2022-11-22,META,365.34,365.34,357.3,359.36,12322059
2022-11-23,META,361.76,361.76,357.12,357.48,9351814
2022-11-24,META,355.78,367.82,355.78,365.12,773974
2022-11-25,META,366.4,376.13,366.4,373.35,12273128
2022-11-28,META,373.53,378.35,373.53,377.99,14626324
2022-11-29,META,378.25,378.25,370.2,374.03,7669948
2022-11-30,META,376.41,376.41,370.96,373.97,13795246
2022-12-01,META,376.45,376.45,367.43,369.63,5917223
2022-12-02,META,370.28,380.19,370.28,379.02,4529442
2022-12-05,META,377.95,390.34,377.95,386.8,4798477
2022-12-06,META,389.54,389.54,378.69,380.62,1296565
2022-12-07,META,378.93,385.05,378.93,384.27,7554060
2022-12-08,META,386.32,386.32,370.56,371.78,6870417
2022-12-09,META,367.79,377.76,367.79,374.66,10091848
2022-12-12,META,373.37,387.76,373.37,387.41,6336481
2022-12-13,META,385.89,385.89,381.91,383.54,1533735
2022-12-14,META,383.07,383.07,373.72,376.62,11695811
2022-12-15,META,376.22,376.22,369.48,370.02,2345160
2022-12-16,META,372.14,373.29,370.04,372.55,6294707
2022-12-19,META,374.65,383.75,374.65,382.73,8200969
2022-12-20,META,383.7,386.09,382.58,384.31,4918052
2022-12-21,META,385.86,385.86,380.78,380.88,4320436
2022-12-22,META,383.07,383.07,373.92,375.12,2528460
2022-12-23,META,374.6,375.2,370.52,374.8,12318249
2022-12-26,META,372.59,380.4,372.59,379.48,4757312
2022-12-27,META,380.19,384.93,380.19,383.92,8212730
2022-12-28,META,382.86,382.86,378.94,379.35,3545966
2022-12-29,META,381.93,381.93,379.59,380.03,10950805
2022-12-30,META,377.41,389.08,377.41,388.61,9967804
2023-01-02,META,388.69,397.15,388.69,395.25,9113947
2023-01-03,META,394.81,396.37,393.5,394.64,9014615
2023-01-04,META,397.18,397.18,389.47,389.96,8666429
2023-01-05,META,392.75,397.92,392.75,395.2,2991680
2023-01-06,META,396.77,413.8,396.77,408.18,11242792
2023-01-09,META,408.08,408.68,406.54,408.14,5174348
2023-01-10,META,405.22,416.31,405.22,411.08,12363582
2023-01-11,META,411.62,425.4,411.62,422.1,11592798
2023-01-12,META,423.36,423.36,408.64,412.55,10604796
2023-01-13,META,414.39,423.86,414.39,420.57,2474510
2023-01-16,META,423.68,423.68,405.89,407.44,1201593
2023-01-17,META,404.9,409.49,404.9,406.87,3309956
2023-01-18,META,410.29,410.29,399.75,400.71,1002823
2023-01-19,META,401.7,417.76,401.7,415.0,3750449
2023-01-20,META,411.17,411.17,399.59,400.84,9186532
2023-01-23,META,402.78,402.78,392.32,392.46,10045735
2023-01-24,META,392.12,398.68,392.12,398.61,6162289
2023-01-25,META,396.83,405.91,396.83,403.24,13086797
2023-01-26,META,401.95,409.74,401.95,406.53,9913801
2023-01-27,META,408.98,412.73,408.98,411.65,9838031
2023-01-30,META,411.44,427.07,411.44,425.4,1611677
2023-01-31,META,424.69,428.18,424.69,427.46,9849029
2023-02-01,META,424.4,440.16,424.4,440.08,7139712
2023-02-02,META,440.92,455.03,440.92,453.43,5115914
2023-02-03,META,453.9,461.34,448.51,454.89,2480436
2023-02-06,META,454.31,454.31,452.76,453.19,3158327
2023-02-07,META,454.75,457.05,452.14,453.24,6291932
2023-02-08,META,455.08,455.08,445.7,449.54,8819567
2023-02-09,META,451.28,453.27,445.46,449.98,2894709
2023-02-10,META,451.79,451.79,444.46,446.1,11560984
2023-02-13,META,444.08,446.76,439.24,442.28,7831087
2023-02-14,META,445.0,445.0,429.65,433.11,6614939
2023-02-15,META,437.72,437.72,433.43,436.76,585515
2023-02-16,META,436.29,447.6,436.29,446.59,4144919
2023-02-17,META,443.47,448.4,443.47,447.51,11871041
2023-02-20,META,446.6,463.7,446.6,463.0,6415641
2023-02-21,META,465.01,465.01,460.51,462.61,13051977
2023-02-22,META,463.48,471.47,463.1,468.51,13484730
2023-02-23,META,466.56,478.19,466.56,472.44,10848765
2023-02-24,META,474.67,476.83,472.59,474.43,11121962
2023-02-27,META,481.1,492.18,481.1,486.96,14457893
2023-02-28,META,486.82,495.78,486.82,495.07,4719434
2023-03-01,META,493.68,493.68,486.96,489.2,9257939
2023-03-02,META,489.77,510.29,489.77,509.47,4311367
2023-03-03,META,506.32,509.87,504.4,505.83,11815272
2023-03-06,META,507.07,507.07,504.51,505.22,10423502
2023-03-07,META,500.0,510.75,500.0,509.64,4901592
2023-03-08,META,510.33,517.86,510.33,516.24,831261
2023-03-09,META,518.59,527.89,518.59,526.18,1790553
2023-03-10,META,528.98,528.98,521.78,523.86,11440252
2023-03-13,META,521.89,531.03,521.89,530.97,12442668
2023-03-14,META,528.3,532.2,528.3,532.0,14125358
2023-03-15,META,534.11,534.11,511.38,516.55,4813876
2023-03-16,META,515.77,521.63,515.21,520.11,12101029
2023-03-17,META,525.31,525.31,516.57,520.92,2084416
2023-03-20,META,521.54,529.21,521.54,528.13,13660692
2023-03-21,META,526.37,537.64,520.42,525.58,13682344
2023-03-22,META,525.47,526.62,523.19,523.99,923000
2023-03-23,META,526.33,526.33,518.14,518.25,2678705
2023-03-24,META,516.0,516.0,509.73,511.83,14888995
2023-03-27,META,511.31,511.31,506.93,507.25,13076607
2023-03-28,META,503.47,518.14,503.47,513.78,10771397
2023-03-29,META,515.79,527.53,515.16,522.28,7743684
2023-03-30,META,523.07,523.07,514.75,515.33,14515572
2023-03-31,META,519.6,519.6,506.94,509.66,9811784
2023-04-03,META,510.98,519.98,505.43,509.84,10594524
2023-04-04,META,507.56,507.56,497.32,501.96,11857417
2023-04-05,META,501.34,508.11,501.34,506.13,13123362
2023-04-06,META,506.85,515.74,506.85,512.86,12496875
2023-04-07,META,514.96,527.14,514.96,526.14,14487993
2023-04-10,META,528.2,528.24,522.87,526.87,10478995
2023-04-11,META,533.67,533.67,513.89,516.48,14732099
2023-04-12,META,514.04,527.94,514.04,526.99,14227518
2023-04-13,META,527.32,527.32,515.73,515.76,6589828
2023-04-14,META,513.63,520.62,513.63,519.16,8375382
2023-04-17,META,518.02,523.2,517.25,521.19,14502386
2023-04-18,META,520.75,521.52,509.27,515.94,6723965
2023-04-19,META,518.11,518.11,502.29,507.23,4358519
2023-04-20,META,505.71,505.71,495.96,497.25,5821879
2023-04-21,META,495.49,498.26,491.06,494.81,8832344
2023-04-24,META,494.1,498.72,494.1,498.7,10827204
2023-04-25,META,497.15,513.28,497.15,508.23,8730080
2023-04-26,META,507.87,521.08,507.87,517.06,14073613
2023-04-27,META,515.72,515.72,508.65,510.94,13431663
2023-04-28,META,513.19,515.23,503.65,510.37,1783297
2023-05-01,META,515.2,515.52,506.08,513.09,14975936
2023-05-02,META,511.5,516.81,506.14,509.19,2026289
2023-05-03,META,508.63,515.16,508.63,515.05,2116927
2023-05-04,META,514.18,514.18,503.6,505.88,7727972
2023-05-05,META,508.11,508.11,490.32,493.84,4792436
2023-05-08,META,493.11,493.11,481.52,488.28,8230399
2023-05-09,META,490.61,498.74,489.16,493.1,4666500
2023-05-10,META,490.09,508.24,490.09,497.49,5358041
2023-05-11,META,501.06,507.37,501.06,506.12,14941278
2023-05-12,META,507.35,510.07,503.39,504.24,7730703
2023-05-15,META,504.67,517.86,504.67,515.85,12386873
2023-05-16,META,518.37,518.37,510.96,515.72,14194456
2023-05-17,META,515.8,515.8,496.04,500.65,9714091
2023-05-18,META,505.83,505.83,498.78,499.97,7606700
2023-05-19,META,498.43,513.98,498.43,506.35,11827315
2023-05-22,META,509.3,510.09,503.86,508.52,3454886
2023-05-23,META,499.49,502.04,498.55,501.81,5882147
2023-05-24,META,499.41,499.41,494.57,496.24,14422263
2023-05-25,META,496.37,500.71,494.83,499.21,551430
2023-05-26,META,501.88,501.88,491.83,492.5,5880213
2023-05-29,META,493.42,497.74,491.09,497.44,2140610
2023-05-30,META,496.49,496.49,489.71,492.13,10221169
2023-05-31,META,492.73,496.8,491.78,496.6,11105105
2023-06-01,META,499.66,499.66,490.68,491.78,6971267
2023-06-02,META,492.02,500.34,492.02,499.48,9009009
2023-06-05,META,502.84,502.84,488.99,490.9,2046862
2023-06-06,META,490.53,490.53,481.42,482.66,7392953
2023-06-07,META,483.16,483.16,478.71,478.76,6277390
2023-06-08,META,482.15,482.15,467.93,471.13,4559061
2023-06-09,META,473.64,473.64,462.53,462.71,12290280
2023-06-12,META,457.84,472.06,457.84,467.98,6191201
2023-06-13,META,471.47,473.62,463.16,467.15,9734444
2023-06-14,META,468.22,468.22,450.65,456.08,4246188
2023-06-15,META,455.92,466.4,455.92,464.95,6538051
2023-06-16,META,463.92,482.46,463.92,482.03,3940480
2023-06-19,META,482.83,482.83,466.98,470.37,7321385
2023-06-20,META,468.22,473.52,468.22,471.16,14378147
2023-06-21,META,469.87,479.24,469.87,477.49,10155820
2023-06-22,META,476.9,476.9,467.54,467.79,2253903
2023-06-23,META,468.91,478.2,468.91,476.23,14782061
2023-06-26,META,476.69,493.3,476.69,492.5,11211696
2023-06-27,META,493.92,493.92,468.81,472.11,8482361
2023-06-28,META,473.13,480.62,472.9,477.25,11671922
2023-06-29,META,478.43,482.11,472.1,475.08,3737592
2023-06-30,META,475.0,475.0,469.31,470.08,667422
2023-07-03,META,471.35,471.35,466.44,469.9,6787246
2023-07-04,META,471.89,471.89,462.02,464.98,1908424
2023-07-05,META,465.67,470.88,461.9,465.96,12494200
2023-07-06,META,467.34,478.25,467.34,473.71,13610634
2023-07-07,META,474.2,477.8,471.93,476.76,3214697
2023-07-10,META,476.05,484.73,476.05,481.44,10668573
2023-07-11,META,485.56,485.56,462.75,465.57,13583113
2023-07-12,META,467.81,467.81,456.91,464.11,10699117
2023-07-13,META,465.4,474.73,465.4,466.11,1735542
2023-07-14,META,466.84,466.84,453.74,453.85,10662853
2023-07-17,META,455.18,455.18,441.41,443.77,7193787
2023-07-18,META,445.63,445.63,436.82,441.18,12513728
2023-07-19,META,439.87,446.63,439.87,442.47,6985156
2023-07-20,META,442.52,444.12,438.0,441.93,12174074
2023-07-21,META,439.16,451.35,439.16,450.73,965943
2023-07-24,META,450.52,450.52,440.57,441.81,8179873
2023-07-25,META,446.05,457.99,446.05,454.2,2986876
2023-07-26,META,457.11,474.58,457.11,472.21,6184192
2023-07-27,META,469.97,473.93,469.97,472.46,4375920
2023-07-28,META,477.82,477.82,470.87,472.66,7858340
2023-07-31,META,476.05,476.05,455.53,456.57,4463124
2023-08-01,META,453.51,453.51,442.65,446.07,6145771
2023-08-02,META,445.87,461.6,445.87,460.56,8372576
2023-08-03,META,463.7,463.7,453.61,454.6,9829087
2023-08-04,META,455.63,465.32,455.63,461.71,11394300
2023-08-07,META,462.78,464.99,462.78,463.29,4691682
2023-08-08,META,464.58,464.58,451.48,457.13,14257150
2023-08-09,META,456.89,464.15,456.89,462.06,8145435
2023-08-10,META,458.52,458.52,453.16,453.52,7686359
2023-08-11,META,452.75,466.75,452.75,461.36,9472521
2023-08-14,META,465.27,465.27,453.99,455.17,579204
2023-08-15,META,457.98,457.98,452.78,453.87,12387883
2023-08-16,META,455.47,455.47,438.7,442.92,3011497
2023-08-17,META,442.77,459.21,442.77,455.24,1021798
2023-08-18,META,456.85,466.91,456.85,459.88,2420321
2023-08-21,META,461.7,473.02,461.7,469.35,2442551
2023-08-22,META,467.47,467.47,460.19,462.13,14729973
2023-08-23,META,460.27,460.33,456.55,458.62,2209058
2023-08-24,META,455.42,455.42,452.03,452.35,4723709
2023-08-25,META,454.31,454.31,442.41,449.63,8826082
2023-08-28,META,451.37,451.37,441.85,443.67,10070621
2023-08-29,META,446.2,456.29,446.2,450.37,10566355
2023-08-30,META,451.32,454.14,451.32,452.86,12625521
2023-08-31,META,453.04,453.04,446.83,447.51,3709432
2023-09-01,META,446.03,446.03,440.1,443.06,14519234
2023-09-04,META,441.4,452.16,441.4,449.86,10795477
2023-09-05,META,450.55,450.55,447.06,448.67,11478430
2023-09-06,META,450.15,450.15,439.59,441.15,9924513
2023-09-07,META,440.24,440.24,432.61,436.29,2358466
2023-09-08,META,432.47,432.47,427.09,427.7,8155342
2023-09-11,META,428.13,429.97,419.66,425.21,7454965
2023-09-12,META,422.02,428.65,422.02,427.0,9744564
2023-09-13,META,426.76,439.65,426.76,436.17,557963
2023-09-14,META,437.69,437.69,424.42,427.7,3750521
2023-09-15,META,426.9,432.67,424.65,427.4,4351304
2023-09-18,META,425.84,425.84,418.99,420.12,12889826
2023-09-19,META,420.1,420.1,417.78,417.87,6549480
2023-09-20,META,416.18,416.18,401.63,402.62,4409179
2023-09-21,META,400.07,404.94,400.07,401.33,9468961
2023-09-22,META,398.32,416.56,398.32,412.52,14395350
2023-09-25,META,411.39,415.77,411.39,414.75,13487480
2023-09-26,META,416.5,416.5,407.12,410.71,9845280
2023-09-27,META,415.33,415.33,408.02,409.04,8056656
2023-09-28,META,411.76,414.81,411.76,414.71,12418881
2023-09-29,META,416.38,421.47,416.38,419.25,11798665
2023-10-02,META,415.69,415.69,408.18,413.27,3779417
2023-10-03,META,416.41,416.41,410.27,411.69,13362706
2023-10-04,META,413.08,413.08,408.43,409.44,9709938
2023-10-05,META,411.95,415.28,411.95,414.57,3853506
2023-10-06,META,413.62,425.82,413.62,423.85,11448586
2023-10-09,META,420.07,432.23,420.07,429.44,955301
2023-10-10,META,431.17,440.77,431.17,438.22,5635499
2023-10-11,META,436.84,445.09,436.84,443.34,9668140
2023-10-12,META,440.72,445.02,439.61,444.06,10450992
2023-10-13,META,449.96,449.96,445.89,445.92,13037629
2023-10-16,META,447.32,453.03,446.25,449.32,6541304
2023-10-17,META,452.09,457.4,452.09,457.24,2594022
2023-10-18,META,457.73,464.37,455.34,459.82,8725719
2023-10-19,META,465.64,470.3,464.39,469.97,3792945
2023-10-20,META,469.51,469.51,456.66,462.68,587806
2023-10-23,META,461.15,462.89,458.9,462.18,12763364
2023-10-24,META,464.56,464.56,460.1,461.43,11178879
2023-10-25,META,465.93,465.93,440.03,447.08,11996983
2023-10-26,META,449.06,460.54,449.06,456.72,11045283
2023-10-27,META,457.51,473.82,457.51,470.02,743844
2023-10-30,META,472.54,472.54,469.41,470.36,11473267
2023-10-31,META,469.29,474.72,469.29,474.18,1705601
2023-11-01,META,476.79,476.79,467.77,469.06,10067998
2023-11-02,META,469.36,469.36,461.13,464.5,12080429
2023-11-03,META,465.98,465.98,461.55,463.62,11371746
2023-11-06,META,467.4,467.4,453.34,454.54,1789804
2023-11-07,META,455.97,457.62,451.3,457.07,5428689
2023-11-08,META,455.91,455.91,440.1,443.23,14955017
2023-11-09,META,445.94,449.85,445.94,449.13,10990105
2023-11-10,META,446.47,446.47,438.52,440.97,9789377
2023-11-13,META,440.64,442.12,437.2,439.66,4040634
2023-11-14,META,437.57,437.57,434.52,436.51,11052717
2023-11-15,META,436.08,449.19,436.08,447.09,10964350
2023-11-16,META,446.33,450.27,445.94,446.19,6340526
2023-11-17,META,449.75,449.75,441.4,442.81,11798408
2023-11-20,META,439.44,449.07,439.44,448.08,12991555
2023-11-21,META,449.02,464.13,449.02,457.59,9418023
2023-11-22,META,457.44,469.14,457.44,467.27,3310499
2023-11-23,META,468.88,468.88,460.4,461.1,11038394
2023-11-24,META,463.76,463.76,452.15,456.15,4410908
2023-11-27,META,458.2,460.77,455.67,455.71,2945692
2023-11-28,META,453.0,472.73,453.0,470.22,4641228
2023-11-29,META,471.2,477.15,469.07,475.79,4399881
2023-11-30,META,475.78,476.97,469.96,473.54,8400233
2023-12-01,META,473.55,476.96,472.65,473.94,10809644
2023-12-04,META,472.31,472.31,465.09,467.32,764019
2023-12-05,META,467.77,467.77,462.2,463.94,1389455
2023-12-06,META,464.94,478.75,464.94,473.04,8989096
2023-12-07,META,470.72,476.96,470.72,476.81,6280620
2023-12-08,META,478.9,483.54,478.9,483.45,6202629
2023-12-11,META,477.5,487.67,477.5,485.72,14999101
2023-12-12,META,486.72,505.26,486.72,500.97,14855589
2023-12-13,META,500.44,505.43,497.54,498.58,4044437
2023-12-14,META,500.14,500.14,479.16,482.49,14148637
2023-12-15,META,481.99,498.68,481.99,497.87,13391263
2023-12-18,META,499.3,499.3,482.84,485.18,5397098
2023-12-19,META,487.15,487.15,472.84,474.12,12378091
2023-12-20,META,474.1,477.37,470.66,472.28,5643734
2023-12-21,META,470.92,472.87,470.92,472.73,2079603
2023-12-22,META,472.21,472.21,465.33,468.09,10949684
2023-12-25,META,466.23,477.07,466.23,476.13,4055902
2023-12-26,META,480.7,496.8,480.7,495.34,5062607
2023-12-27,META,496.59,508.14,496.59,507.21,5523581
2023-12-28,META,507.64,507.64,496.28,499.29,11766709
2023-12-29,META,495.92,503.78,495.92,502.62,5166318
2024-01-01,META,503.6,503.6,493.63,496.13,10287477
2024-01-02,META,494.47,498.66,491.44,496.16,10039133
2024-01-03,META,494.72,500.09,494.72,499.74,12545781
2024-01-04,META,498.69,514.25,498.69,511.01,7158562
2024-01-05,META,511.82,537.73,511.82,534.34,12992923
2024-01-08,META,535.15,537.94,534.72,536.19,6074974
2024-01-09,META,537.67,563.26,537.67,559.42,8614542
2024-01-10,META,558.93,569.65,558.93,563.02,2272045
2024-01-11,META,560.33,560.33,543.16,546.12,4041668
2024-01-12,META,550.3,550.3,539.7,540.11,10769040
2024-01-15,META,541.59,541.59,530.32,532.97,1355800
2024-01-16,META,532.68,541.64,532.68,539.73,13648386
2024-01-17,META,540.56,542.53,535.72,537.89,13853070
2024-01-18,META,539.23,568.11,539.23,559.84,12090808
2024-01-19,META,559.73,561.42,559.73,560.17,13562277
2024-01-22,META,559.96,562.96,559.96,562.8,13007590
2024-01-23,META,566.58,566.58,557.93,559.84,7619696
2024-01-24,META,565.49,565.49,551.27,558.35,6475465
2024-01-25,META,555.36,568.92,555.36,561.08,5999119
2024-01-26,META,559.39,565.84,559.39,564.62,2794965
2024-01-29,META,560.88,560.88,546.95,551.48,9185751
2024-01-30,META,555.27,562.62,552.07,555.56,6531343
2024-01-31,META,552.03,562.96,552.03,561.64,11912753
2024-02-01,META,563.7,563.7,555.41,558.91,4982671
2024-02-02,META,563.04,567.31,561.5,564.38,13261468
2024-02-05,META,569.16,572.13,565.93,569.44,5981124
2024-02-06,META,572.66,572.66,560.42,562.33,5850042
2024-02-07,META,561.65,570.84,561.65,570.63,5760061
2024-02-08,META,567.51,583.1,567.51,580.38,1609751
2024-02-09,META,587.85,592.47,587.22,587.66,1599521
2024-02-12,META,584.2,595.09,584.2,592.28,8170539
2024-02-13,META,602.39,602.39,589.36,589.9,3295094
2024-02-14,META,593.1,593.1,582.76,585.74,11458182
2024-02-15,META,589.54,589.54,572.51,577.96,10432845
2024-02-16,META,577.77,577.77,559.13,566.09,7848935
2024-02-19,META,565.48,581.13,565.48,576.58,6147799
2024-02-20,META,576.47,593.13,576.47,588.91,10455255
2024-02-21,META,593.99,593.99,584.89,588.71,7235337
2024-02-22,META,592.86,592.86,584.15,589.41,6721540
2024-02-23,META,584.9,585.13,574.5,580.23,9266515
2024-02-26,META,580.85,580.85,575.03,578.96,6959745
2024-02-27,META,582.09,582.28,573.21,574.79,9756187
2024-02-28,META,579.91,579.91,560.04,561.69,8163978
2024-02-29,META,562.21,567.71,560.67,563.26,12536314
2024-03-01,META,558.16,563.77,554.35,559.1,11707183
2024-03-04,META,561.8,566.87,561.44,564.73,11923018
2024-03-05,META,562.97,571.42,562.97,571.4,2006288
2024-03-06,META,572.87,590.74,572.87,586.47,2551945
2024-03-07,META,588.41,588.41,573.36,576.42,5818584
2024-03-08,META,574.35,582.14,569.66,571.46,5793884
2024-03-11,META,569.9,573.01,562.69,564.47,3063060
2024-03-12,META,569.27,569.27,567.38,568.64,9739505
2024-03-13,META,567.28,567.28,558.4,558.66,12671885
2024-03-14,META,558.29,558.29,545.09,545.88,14204322
2024-03-15,META,547.09,547.09,527.73,534.34,13508807
2024-03-18,META,531.31,556.99,531.31,553.37,13202908
2024-03-19,META,556.69,556.69,541.43,542.87,14661531
2024-03-20,META,541.81,552.73,541.81,549.25,14619737
2024-03-21,META,546.5,556.83,546.5,554.08,2528462
2024-03-22,META,550.63,553.96,549.54,552.22,3038305
2024-03-25,META,547.56,571.65,547.56,569.83,4612596
2024-03-26,META,572.21,573.26,570.05,571.64,12236259
2024-03-27,META,571.28,571.28,544.5,544.91,2607162
2024-03-28,META,546.67,546.67,535.96,542.24,7582183
2024-03-29,META,546.52,546.52,534.11,536.67,2850102
2024-04-01,META,533.83,556.61,533.83,547.53,13864686
2024-04-02,META,551.48,553.06,547.38,548.25,12996316
2024-04-03,META,548.81,552.69,548.81,551.46,657224
2024-04-04,META,550.38,550.38,533.3,537.54,10643312
2024-04-05,META,534.27,550.09,534.27,546.51,1509389
2024-04-08,META,548.21,550.63,545.41,545.92,9753199
2024-04-09,META,545.31,554.76,545.31,550.33,13004470
2024-04-10,META,551.33,561.53,551.33,558.3,13019167
2024-04-11,META,559.18,559.18,536.15,540.63,8431616
2024-04-12,META,543.75,543.75,526.16,527.62,7899573
2024-04-15,META,529.62,529.62,518.09,518.81,6658697
2024-04-16,META,518.22,518.22,502.6,510.67,8822729
2024-04-17,META,509.86,509.86,495.89,497.35,4339719
2024-04-18,META,499.78,503.86,498.25,502.49,2498164
2024-04-19,META,500.07,500.07,491.61,496.59,7424163
2024-04-22,META,499.42,499.42,495.92,498.02,5653627
2024-04-23,META,499.22,510.64,499.22,506.33,11719810
2024-04-24,META,505.65,509.4,503.11,507.86,9333164
2024-04-25,META,504.31,517.07,504.31,516.7,3258468
2024-04-26,META,518.23,522.04,512.17,515.46,10406723
2024-04-29,META,509.4,518.46,509.4,512.7,13541886
2024-04-30,META,518.05,518.05,508.83,510.29,3967076
2024-05-01,META,511.8,522.05,511.8,518.98,14767061
2024-05-02,META,517.48,517.48,508.28,511.41,13958148
2024-05-03,META,508.9,517.88,508.9,514.26,11630954
2024-05-06,META,510.83,524.7,510.83,521.66,10183997
2024-05-07,META,522.58,522.58,511.47,512.06,7311803
2024-05-08,META,513.37,513.37,495.4,497.8,3838652
2024-05-09,META,494.73,499.77,491.91,497.4,13402176
2024-05-10,META,495.58,495.58,493.67,494.47,9217892
2024-05-13,META,499.84,499.84,483.99,489.24,14958618
2024-05-14,META,486.94,493.49,486.78,489.09,4873204
2024-05-15,META,486.01,486.01,483.32,484.42,10320079
2024-05-16,META,484.71,484.71,479.11,479.22,9094417
2024-05-17,META,479.57,488.86,479.57,486.72,2300300
2024-05-20,META,488.6,488.6,475.87,482.59,4571717
2024-05-21,META,481.48,497.59,481.48,496.87,5861254
2024-05-22,META,497.11,505.02,497.11,502.99,10512880
2024-05-23,META,501.88,506.9,499.45,505.89,14337153
2024-05-24,META,509.4,509.4,502.43,503.35,1585594
2024-05-27,META,504.53,504.53,498.03,499.14,2788572
2024-05-28,META,500.24,501.88,499.84,499.87,5677612
2024-05-29,META,501.13,507.73,499.1,502.65,3416249
2024-05-30,META,504.91,519.69,504.91,516.01,10211125
2024-05-31,META,514.15,516.72,508.74,513.16,702436
2024-06-03,META,513.52,513.52,498.27,503.1,10820547
2024-06-04,META,502.02,507.67,502.02,506.23,13504199
2024-06-05,META,511.33,511.33,502.97,507.19,7155461
2024-06-06,META,511.96,511.96,487.6,490.96,5183427
2024-06-07,META,494.42,501.45,491.73,497.01,5611137
2024-06-10,META,496.77,496.77,486.12,487.06,7583239
2024-06-11,META,488.93,491.89,484.65,487.01,6392673
2024-06-12,META,488.14,488.14,475.33,480.57,1290617
2024-06-13,META,481.56,482.86,474.55,480.32,12348148
2024-06-14,META,481.4,481.4,474.35,475.08,6198992
2024-06-17,META,477.46,477.46,472.63,472.81,7853776
2024-06-18,META,470.71,474.55,470.71,473.56,5988141
2024-06-19,META,473.75,473.75,459.84,461.2,6437328
2024-06-20,META,460.15,466.12,460.15,463.94,12266265
2024-06-21,META,466.98,485.97,466.98,482.81,12176696
2024-06-24,META,484.23,484.23,472.34,472.39,9004121
2024-06-25,META,474.77,474.77,469.54,470.93,13234240
2024-06-26,META,471.65,473.47,464.87,467.95,14763682
2024-06-27,META,470.99,471.64,467.31,470.7,8185595
2024-06-28,META,468.0,474.19,468.0,472.82,13257831
2024-07-01,META,471.03,490.2,471.03,486.64,8879663
2024-07-02,META,490.21,490.21,483.14,484.25,4766540
2024-07-03,META,481.12,492.07,481.12,484.56,2825479
2024-07-04,META,481.8,494.52,481.8,493.32,9318538
2024-07-05,META,494.26,494.26,475.1,479.33,742664
2024-07-08,META,482.83,489.76,482.83,489.7,11366566
2024-07-09,META,484.03,489.98,484.03,489.31,2784502
2024-07-10,META,489.21,495.66,489.21,495.2,10121059
2024-07-11,META,493.73,493.73,478.5,479.62,9779918
2024-07-12,META,476.97,488.23,476.97,487.37,11231565
2024-07-15,META,485.04,491.02,484.88,486.99,13132812
2024-07-16,META,481.03,490.05,481.03,488.03,4289934
2024-07-17,META,482.91,498.9,482.91,495.46,5063741
2024-07-18,META,490.56,499.48,490.56,498.49,10665379
2024-07-19,META,497.84,497.84,488.53,490.88,13536014
2024-07-22,META,492.56,503.76,492.56,499.03,9920696
2024-07-23,META,499.06,499.06,490.43,491.9,7514698
2024-07-24,META,492.49,493.88,489.19,492.89,2949096
2024-07-25,META,495.89,497.07,492.09,493.93,5369872
2024-07-26,META,498.68,498.68,483.18,488.42,12193748
2024-07-29,META,487.51,487.83,481.66,485.16,13948485
2024-07-30,META,486.45,500.53,486.45,496.57,7015512
2024-07-31,META,496.89,496.89,494.19,495.96,6192245
2024-08-01,META,493.38,493.38,482.88,485.06,13413711
2024-08-02,META,484.65,493.0,484.65,487.39,8266753
2024-08-05,META,490.3,491.77,488.65,490.74,7809005
2024-08-06,META,490.7,492.91,487.46,488.48,13914199
2024-08-07,META,492.06,492.06,490.23,490.53,6816262
2024-08-08,META,487.75,502.38,487.75,499.0,4217457
2024-08-09,META,502.34,507.09,502.34,505.41,13463915
2024-08-12,META,504.15,514.67,504.15,511.21,6218008
2024-08-13,META,509.95,511.3,506.34,509.31,7023888
2024-08-14,META,507.58,521.69,507.58,516.7,11648016
2024-08-15,META,515.6,516.48,514.8,515.75,11660713
2024-08-16,META,515.44,515.61,511.21,511.29,9549055
2024-08-19,META,509.44,510.29,505.72,508.21,6719147
2024-08-20,META,506.78,506.78,489.32,490.2,2641577
2024-08-21,META,488.72,488.72,465.84,469.0,13863873
2024-08-22,META,467.58,467.58,464.27,465.86,11822170
2024-08-23,META,466.25,484.79,466.25,481.84,1699646
2024-08-26,META,481.03,489.18,480.37,486.87,9254331
2024-08-27,META,483.72,488.26,480.29,485.86,2985427
2024-08-28,META,489.66,489.66,478.24,480.8,14230950
2024-08-29,META,480.75,489.65,480.75,487.43,2641775
2024-08-30,META,488.24,488.24,481.05,484.56,10694753
2024-09-02,META,482.44,483.63,480.96,481.58,13367123
2024-09-03,META,482.06,482.29,476.63,479.77,6309631
2024-09-04,META,480.02,480.02,469.4,474.17,11726041
2024-09-05,META,472.87,472.87,463.78,464.05,12648168
2024-09-06,META,466.97,466.97,451.28,456.62,10493407
2024-09-09,META,456.78,475.57,456.78,470.53,14009702
2024-09-10,META,468.36,470.89,468.36,470.53,2098817
2024-09-11,META,466.61,475.59,466.61,472.22,10523531
2024-09-12,META,472.5,472.5,467.95,468.13,1450222
2024-09-13,META,467.41,474.57,462.21,468.19,7792693
2024-09-16,META,467.46,469.25,465.95,466.67,11549453
2024-09-17,META,466.56,474.91,466.56,472.72,4519941
2024-09-18,META,475.37,481.2,475.37,476.17,4369851
2024-09-19,META,476.51,476.51,461.17,467.57,11795898
2024-09-20,META,468.79,468.79,446.95,448.68,5865011
2024-09-23,META,449.96,449.96,440.3,440.32,13148028
2024-09-24,META,440.92,446.37,440.92,443.23,11517236
2024-09-25,META,444.66,452.7,444.66,452.31,4703473
2024-09-26,META,450.93,463.98,450.93,461.86,8576177
2024-09-27,META,459.47,459.47,452.83,457.78,14016647
2024-09-30,META,459.81,459.81,452.74,455.2,7654991
2024-10-01,META,452.95,462.43,452.95,460.16,5552146
2024-10-02,META,458.89,462.11,456.6,459.7,5096035
2024-10-03,META,458.23,460.89,455.26,458.3,4449444
2024-10-04,META,457.26,467.7,457.26,466.37,14450704
2024-10-07,META,466.47,471.26,466.47,470.67,3241092
2024-10-08,META,472.82,472.82,469.92,470.34,7346663
2024-10-09,META,469.42,469.42,464.39,467.73,10617299
2024-10-10,META,464.15,471.79,464.15,470.03,1573167
2024-10-11,META,467.87,467.87,462.75,464.02,5635451
2024-10-14,META,463.33,469.32,463.33,469.07,5217027
2024-10-15,META,465.13,489.66,465.13,485.86,11804721
2024-10-16,META,486.63,486.63,477.83,481.1,9778768
2024-10-17,META,482.76,482.76,472.74,474.62,13080756
2024-10-18,META,476.25,476.25,475.02,475.84,11857112
2024-10-21,META,475.64,480.95,475.64,480.88,8221792
2024-10-22,META,482.76,482.76,472.85,475.02,7720212
2024-10-23,META,476.94,477.36,472.93,474.86,14535592
2024-10-24,META,478.74,480.47,473.46,478.21,9322266
2024-10-25,META,479.56,498.79,479.56,495.79,10107727
2024-10-28,META,493.26,498.22,492.08,495.16,897524
2024-10-29,META,494.62,494.62,489.53,492.26,3434975
2024-10-30,META,492.88,492.88,481.35,484.54,9791466
2024-10-31,META,483.08,490.09,483.08,488.55,8619967
2024-11-01,META,489.44,492.39,488.87,491.72,3081935
2024-11-04,META,496.53,503.57,496.53,502.07,10408092
2024-11-05,META,504.79,509.35,503.43,506.33,4228071
2024-11-06,META,507.28,507.28,501.68,502.58,6918456
2024-11-07,META,505.26,507.45,504.3,507.0,2871452
2024-11-08,META,508.42,508.42,497.07,502.76,14023283
2024-11-11,META,501.83,501.83,500.24,500.94,8663556
2024-11-12,META,498.77,505.58,498.77,503.05,14689653
2024-11-13,META,502.52,506.63,502.52,505.23,14739915
2024-11-14,META,503.52,516.18,503.52,514.73,5743000
2024-11-15,META,515.45,527.16,515.45,523.53,14322419
2024-11-18,META,522.01,539.71,522.01,534.16,5860011
2024-11-19,META,531.35,548.75,531.35,543.5,14406760
2024-11-20,META,539.09,539.09,524.98,528.65,2943035
2024-11-21,META,528.46,535.39,526.65,529.06,2485967
2024-11-22,META,534.51,534.51,522.33,526.31,9542178
2024-11-25,META,526.17,526.17,514.8,515.44,2786834
2024-11-26,META,514.18,528.1,514.18,520.73,9437411
2024-11-27,META,523.82,523.82,514.56,516.64,12590691
2024-11-28,META,514.91,533.85,514.91,532.72,6038537
2024-11-29,META,529.26,529.26,512.55,520.93,2214587
2024-12-02,META,518.89,528.71,518.89,528.58,8863727
2024-12-03,META,528.66,535.68,528.66,534.71,3965717
2024-12-04,META,534.81,540.65,534.81,539.95,3819214
2024-12-05,META,542.0,543.24,537.11,540.69,9144132
2024-12-06,META,538.85,538.85,533.53,535.12,8125878
2024-12-09,META,539.33,545.98,534.93,541.21,13738059
2024-12-10,META,542.22,552.26,542.22,551.56,3176241
2024-12-11,META,557.73,557.73,544.13,550.27,10521110
2024-12-12,META,548.08,551.82,548.08,551.1,2340026
2024-12-13,META,552.37,552.87,549.52,552.18,8175780
2024-12-16,META,551.73,555.51,551.62,554.12,845737
2024-12-17,META,555.6,570.97,555.6,567.54,13426648
2024-12-18,META,567.14,567.14,558.92,562.11,2100491
2024-12-19,META,557.01,585.77,557.01,579.79,8990594
2024-12-20,META,579.74,584.98,579.54,582.59,4701783
2024-12-23,META,581.88,584.82,578.0,578.88,1321853
2024-12-24,META,583.2,583.2,559.66,562.32,9346028
2024-12-25,META,560.79,561.15,552.17,559.47,8741232
2024-12-26,META,559.37,563.93,559.37,563.34,4328364
2024-12-27,META,564.72,566.64,562.39,563.53,2702983
2024-12-30,META,561.72,582.33,561.72,579.27,1572533
2024-12-31,META,576.13,579.09,572.86,578.26,9201028
2022-01-03,NVDA,296.72,297.68,296.6,296.82,14077554
2022-01-04,NVDA,295.51,306.17,295.51,302.82,4559767
2022-01-05,NVDA,305.02,313.84,305.02,311.43,4260548
2022-01-06,NVDA,311.94,320.32,311.94,315.52,1745922
2022-01-07,NVDA,315.23,315.23,310.56,311.93,7048323
2022-01-10,NVDA,313.13,318.33,313.13,317.15,7395853
2022-01-11,NVDA,319.42,321.0,317.6,317.95,4381154
2022-01-12,NVDA,319.94,321.75,318.85,320.83,5692361
2022-01-13,NVDA,321.86,330.94,321.86,326.22,4919752
2022-01-14,NVDA,325.91,325.91,320.8,321.58,8329990
2022-01-17,NVDA,321.99,327.08,321.99,326.45,3618194
2022-01-18,NVDA,327.24,327.24,319.77,321.22,2617781
2022-01-19,NVDA,318.83,326.4,318.83,324.69,9964819
2022-01-20,NVDA,322.84,325.77,321.34,325.15,2165664
2022-01-21,NVDA,325.4,325.5,321.38,323.27,5797262
2022-01-24,NVDA,322.13,322.7,318.96,322.08,8200636
2022-01-25,NVDA,323.99,334.23,323.99,330.65,12350016
2022-01-26,NVDA,330.09,330.09,319.61,325.27,7418036
2022-01-27,NVDA,325.23,330.79,325.23,329.89,9294512
2022-01-28,NVDA,326.57,326.57,312.72,314.12,12493215
2022-01-31,NVDA,316.01,317.8,315.09,316.84,10936752
2022-02-01,NVDA,313.25,313.25,310.26,312.11,3468246
2022-02-02,NVDA,313.3,315.18,311.07,313.08,12090013
2022-02-03,NVDA,315.33,315.33,297.14,297.85,1973984
2022-02-04,NVDA,296.36,296.36,288.03,291.79,14134928
2022-02-07,NVDA,292.14,296.43,292.14,294.79,11622969
2022-02-08,NVDA,291.9,291.9,287.93,289.43,6833351
2022-02-09,NVDA,290.53,290.53,275.44,276.71,11118382
2022-02-10,NVDA,276.58,279.54,276.58,279.47,12762555
2022-02-11,NVDA,278.84,293.49,278.84,290.69,3244988
2022-02-14,NVDA,292.05,292.05,286.46,288.39,9713265
2022-02-15,NVDA,289.14,292.29,289.14,290.96,5601709
2022-02-16,NVDA,291.72,296.27,291.72,296.16,11204173
2022-02-17,NVDA,294.46,304.85,294.46,301.14,4629756
2022-02-18,NVDA,299.95,306.01,299.95,304.42,1670985
2022-02-21,NVDA,306.07,307.06,300.06,303.93,12564022
2022-02-22,NVDA,303.15,309.47,303.15,305.45,2122862
2022-02-23,NVDA,303.12,303.12,300.82,301.83,6684509
2022-02-24,NVDA,301.79,301.79,298.24,299.63,4805771
2022-02-25,NVDA,300.46,300.46,293.06,293.19,8047807
2022-02-28,NVDA,295.58,296.45,294.14,294.65,5923893
2022-03-01,NVDA,294.66,296.19,292.51,294.02,7345408
2022-03-02,NVDA,293.43,296.92,293.43,295.71,11217830
2022-03-03,NVDA,293.1,308.08,293.1,306.85,5153194
2022-03-04,NVDA,309.29,309.29,303.88,305.14,12218756
2022-03-07,NVDA,305.29,313.18,305.29,311.48,508088
2022-03-08,NVDA,312.47,314.84,312.47,314.43,13474597
2022-03-09,NVDA,315.13,315.13,311.7,312.76,12651841
2022-03-10,NVDA,310.96,314.64,309.64,310.16,3868703
2022-03-11,NVDA,310.76,319.84,310.76,314.91,6676016
2022-03-14,NVDA,314.64,314.64,304.86,307.18,6021050
2022-03-15,NVDA,310.16,310.16,290.4,294.65,2758104
2022-03-16,NVDA,294.45,296.16,292.08,293.85,8312083
2022-03-17,NVDA,295.54,295.88,293.5,295.69,11772945
2022-03-18,NVDA,295.13,295.13,287.87,293.14,6395170
2022-03-21,NVDA,294.43,296.3,294.43,295.59,8521360
2022-03-22,NVDA,296.76,298.19,294.32,297.94,4751565
2022-03-23,NVDA,296.13,297.87,295.75,296.18,1161086
2022-03-24,NVDA,298.65,303.92,298.63,301.19,13371783
2022-03-25,NVDA,298.22,311.57,298.22,310.81,14691529
2022-03-28,NVDA,307.64,312.28,307.64,311.12,5696600
2022-03-29,NVDA,311.85,317.31,311.85,314.98,4436670
2022-03-30,NVDA,315.3,325.54,315.3,321.57,1407036
2022-03-31,NVDA,317.53,326.85,317.53,325.59,6540276
2022-04-01,NVDA,321.61,329.45,321.61,328.3,7744425
2022-04-04,NVDA,326.89,328.28,323.49,324.36,11445138
2022-04-05,NVDA,323.99,323.99,311.07,312.64,10482951
2022-04-06,NVDA,309.87,313.32,308.71,310.93,10450625
2022-04-07,NVDA,308.81,308.81,301.33,303.37,13811799
2022-04-08,NVDA,303.29,307.25,303.29,304.75,3515386
2022-04-11,NVDA,303.96,306.96,300.47,304.49,10128698
2022-04-12,NVDA,305.89,310.47,305.89,306.87,14602883
2022-04-13,NVDA,306.89,306.89,299.96,302.49,1002174
2022-04-14,NVDA,299.22,309.96,299.22,306.04,13750183
2022-04-15,NVDA,305.78,305.83,304.73,305.17,7610120
2022-04-18,NVDA,302.3,306.4,302.3,306.17,7097623
2022-04-19,NVDA,306.09,308.77,305.88,308.23,1026892
2022-04-20,NVDA,307.85,307.85,304.12,305.01,4417346
2022-04-21,NVDA,306.53,306.53,301.73,302.01,9071459
2022-04-22,NVDA,302.81,302.81,298.0,300.96,6190326
2022-04-25,NVDA,301.26,304.0,301.26,302.61,9038103
2022-04-26,NVDA,302.14,302.14,293.67,294.41,8553079
2022-04-27,NVDA,293.3,301.69,293.3,300.13,2732388
2022-04-28,NVDA,301.69,303.83,300.06,302.2,5928155
2022-04-29,NVDA,303.8,303.8,296.26,297.41,8183554
2022-05-02,NVDA,299.16,303.89,297.97,299.15,9158676
2022-05-03,NVDA,298.32,316.14,298.32,315.6,14836942
2022-05-04,NVDA,316.27,316.27,311.09,312.05,9614320
2022-05-05,NVDA,311.35,313.32,309.84,311.34,4015857
2022-05-06,NVDA,308.4,309.05,307.12,307.63,11075634
2022-05-09,NVDA,307.02,314.49,307.02,313.55,6079686
2022-05-10,NVDA,313.23,318.47,313.23,317.62,1633706
2022-05-11,NVDA,316.34,316.34,307.94,309.41,6187117
2022-05-12,NVDA,314.29,315.21,311.56,315.09,780692
2022-05-13,NVDA,311.32,315.94,311.32,314.62,1608586
2022-05-16,NVDA,312.79,314.85,310.45,312.87,5169107
2022-05-17,NVDA,311.76,311.76,307.73,307.88,1344677
2022-05-18,NVDA,308.18,310.68,305.83,307.34,7425403
2022-05-19,NVDA,311.95,319.56,311.95,316.38,14271230
2022-05-20,NVDA,315.95,323.8,315.95,322.88,886018
2022-05-23,NVDA,323.72,331.43,323.59,325.82,9694442
2022-05-24,NVDA,327.34,329.56,325.1,327.19,8287800
2022-05-25,NVDA,327.45,330.3,322.81,326.39,7277894
2022-05-26,NVDA,325.55,325.55,320.69,323.2,7137455
2022-05-27,NVDA,324.98,326.71,321.51,322.85,9119040
2022-05-30,NVDA,321.78,321.78,304.35,307.43,4131623
2022-05-31,NVDA,308.81,321.25,308.81,315.71,4494710
2022-06-01,NVDA,317.3,317.3,310.69,311.54,14303339
2022-06-02,NVDA,314.75,314.93,311.7,314.56,2054543
2022-06-03,NVDA,316.23,316.23,313.64,314.62,7388135
2022-06-06,NVDA,316.93,320.71,313.82,316.32,14802695
2022-06-07,NVDA,314.67,314.67,309.01,311.99,10959580
2022-06-08,NVDA,311.75,311.75,300.88,306.97,3284815
2022-06-09,NVDA,305.35,305.35,297.07,300.91,6574257
2022-06-10,NVDA,303.39,303.39,295.49,297.19,10162547
2022-06-13,NVDA,296.24,296.24,292.91,293.74,6332193
2022-06-14,NVDA,292.61,303.99,292.61,298.71,2637609
2022-06-15,NVDA,299.16,310.66,299.16,309.48,13967878
2022-06-16,NVDA,312.03,312.42,311.18,311.86,6043727
2022-06-17,NVDA,313.51,313.51,308.0,309.3,11101090
2022-06-20,NVDA,310.56,317.38,310.56,316.11,2416458
2022-06-21,NVDA,317.28,321.88,314.34,317.35,8862386
2022-06-22,NVDA,320.44,320.44,310.4,311.78,14881450
2022-06-23,NVDA,310.92,310.92,309.2,309.76,12018369
2022-06-24,NVDA,309.83,320.44,309.83,317.52,831761
2022-06-27,NVDA,319.05,319.05,310.01,313.31,11471315
2022-06-28,NVDA,312.01,322.82,312.01,321.16,12953780
2022-06-29,NVDA,322.35,325.55,320.26,323.32,721130
2022-06-30,NVDA,325.94,325.94,317.38,318.57,4364040
2022-07-01,NVDA,318.87,318.87,308.98,310.07,521362
2022-07-04,NVDA,310.91,310.91,302.29,303.8,3296365
2022-07-05,NVDA,305.26,305.26,300.09,303.73,4976097
2022-07-06,NVDA,302.92,303.64,300.5,301.1,12127499
2022-07-07,NVDA,300.67,300.67,294.85,295.19,981006
2022-07-08,NVDA,292.74,310.01,292.74,308.69,919966
2022-07-11,NVDA,305.39,309.68,305.39,306.74,3222146
2022-07-12,NVDA,304.99,304.99,300.39,301.35,3900690
2022-07-13,NVDA,303.73,303.73,293.56,294.35,624573
2022-07-14,NVDA,294.05,297.62,292.7,295.88,10600248
2022-07-15,NVDA,296.4,296.4,291.17,292.85,13947004
2022-07-18,NVDA,293.42,298.39,293.42,297.33,13315397
2022-07-19,NVDA,297.12,297.12,289.22,289.44,3827551
2022-07-20,NVDA,287.69,293.78,287.69,292.39,8668393
2022-07-21,NVDA,291.15,295.99,291.15,295.7,5495650
2022-07-22,NVDA,297.1,299.7,297.1,299.22,6942497
2022-07-25,NVDA,295.69,304.88,295.69,304.58,844562
2022-07-26,NVDA,304.77,304.77,298.81,299.5,8215717
2022-07-27,NVDA,302.43,302.77,299.78,301.28,2525573
2022-07-28,NVDA,301.42,301.42,298.13,299.6,5412135
2022-07-29,NVDA,301.68,301.68,288.38,290.51,1885562
2022-08-01,NVDA,289.83,299.6,289.83,299.11,14213111
2022-08-02,NVDA,302.27,302.27,289.98,291.11,13031738
2022-08-03,NVDA,290.67,293.75,290.66,290.91,4388338
2022-08-04,NVDA,291.93,295.51,291.93,292.94,10124913
2022-08-05,NVDA,292.24,301.34,292.24,300.66,13095515
2022-08-08,NVDA,302.5,311.24,302.5,308.2,13787703
2022-08-09,NVDA,308.39,308.39,306.69,307.27,11905938
2022-08-10,NVDA,307.84,312.66,307.84,312.63,5731875
2022-08-11,NVDA,313.0,320.07,313.0,317.72,1391317
2022-08-12,NVDA,316.68,327.47,316.68,327.46,7609864
2022-08-15,NVDA,326.48,332.43,326.48,330.31,9488704
2022-08-16,NVDA,331.02,331.02,326.88,327.52,11957093
2022-08-17,NVDA,330.71,331.6,328.94,331.38,7057563
2022-08-18,NVDA,327.18,343.8,327.18,341.26,3806037
2022-08-19,NVDA,340.49,340.49,333.74,333.99,5704575
2022-08-22,NVDA,332.03,348.68,332.03,342.52,9561757
2022-08-23,NVDA,340.8,340.8,335.82,338.33,10475786
2022-08-24,NVDA,336.0,344.91,336.0,343.92,8325358
2022-08-25,NVDA,344.54,344.54,331.2,335.19,12549585
2022-08-26,NVDA,337.09,337.09,325.01,326.95,1510415
2022-08-29,NVDA,327.83,334.56,327.83,332.36,8977402
2022-08-30,NVDA,333.03,336.62,332.11,333.61,5427506
2022-08-31,NVDA,333.76,345.78,333.76,342.93,937540
2022-09-01,NVDA,344.0,344.0,332.34,334.27,13236887
2022-09-02,NVDA,334.4,342.03,334.4,340.22,5731336
2022-09-05,NVDA,339.56,341.97,338.58,340.19,2208367
2022-09-06,NVDA,341.96,341.96,338.05,339.86,10346224
2022-09-07,NVDA,337.34,342.23,337.34,342.01,9421494
2022-09-08,NVDA,341.84,341.84,331.92,332.86,14119373
2022-09-09,NVDA,330.75,339.32,330.75,338.59,1742947
2022-09-12,NVDA,336.1,344.36,336.1,341.92,11131326
2022-09-13,NVDA,342.12,349.31,342.12,348.74,4430840
2022-09-14,NVDA,346.79,349.84,346.79,349.67,806273
2022-09-15,NVDA,351.9,351.9,336.21,338.91,4446243
2022-09-16,NVDA,336.71,336.71,320.43,324.26,14332198
2022-09-19,NVDA,322.87,328.8,322.87,328.13,2914115
2022-09-20,NVDA,324.7,326.74,324.7,326.03,12442694
2022-09-21,NVDA,324.91,328.15,322.6,325.62,11399954
2022-09-22,NVDA,326.42,333.64,326.42,332.93,4910406
2022-09-23,NVDA,334.08,344.34,334.08,344.11,4584271
2022-09-26,NVDA,342.59,342.59,339.97,340.88,10873210
2022-09-27,NVDA,339.06,345.43,339.06,344.07,6944041
2022-09-28,NVDA,344.02,344.02,334.49,338.22,2726107
2022-09-29,NVDA,338.2,341.59,336.72,338.31,7446787
2022-09-30,NVDA,338.74,342.94,337.01,337.79,10576770
2022-10-03,NVDA,339.91,353.77,339.91,353.05,8023482
2022-10-04,NVDA,352.38,356.99,352.38,356.77,10385103
2022-10-05,NVDA,357.05,357.56,353.38,355.96,6353260
2022-10-06,NVDA,356.28,366.78,356.28,366.19,7232906
2022-10-07,NVDA,367.93,368.08,362.02,367.25,6242563
2022-10-10,NVDA,366.89,383.36,366.89,382.04,871066
2022-10-11,NVDA,380.95,382.81,377.77,382.08,10560131
2022-10-12,NVDA,378.82,387.42,378.82,384.91,10849941
2022-10-13,NVDA,381.52,391.36,381.52,389.26,5392205
2022-10-14,NVDA,387.1,388.98,387.1,388.89,13164365
2022-10-17,NVDA,388.13,391.88,387.56,390.4,11224327
2022-10-18,NVDA,390.28,397.54,390.28,396.16,5146885
2022-10-19,NVDA,392.88,396.25,392.88,395.99,7302086
2022-10-20,NVDA,395.34,396.55,393.79,394.09,10754615
2022-10-21,NVDA,393.61,393.61,383.97,386.81,10976992
2022-10-24,NVDA,385.57,386.99,385.57,386.89,5460719
2022-10-25,NVDA,382.21,385.62,382.21,384.73,6867358
2022-10-26,NVDA,384.0,387.18,380.53,385.71,9198046
2022-10-27,NVDA,388.59,396.41,388.59,394.87,4768177
2022-10-28,NVDA,395.36,395.36,385.86,390.73,10558404
2022-10-31,NVDA,386.86,390.09,386.86,388.17,11664744
2022-11-01,NVDA,386.25,389.29,385.69,386.0,3136029
2022-11-02,NVDA,387.3,390.1,385.25,386.62,6722796
2022-11-03,NVDA,390.7,397.49,390.7,394.92,13902969
2022-11-04,NVDA,398.58,398.58,395.27,395.89,5944649
2022-11-07,NVDA,393.69,401.07,393.69,398.02,4801871
2022-11-08,NVDA,398.36,398.36,386.89,390.33,1363265
2022-11-09,NVDA,387.72,390.68,387.48,388.48,3366993
2022-11-10,NVDA,388.12,395.87,388.12,395.08,7325083
2022-11-11,NVDA,393.57,401.04,393.57,400.56,6261888
2022-11-14,NVDA,400.66,403.16,400.66,403.06,9880824
2022-11-15,NVDA,402.01,405.38,399.91,403.12,11028484
2022-11-16,NVDA,400.99,400.99,385.42,388.49,7888731
2022-11-17,NVDA,390.28,406.47,390.28,405.74,9614636
2022-11-18,NVDA,405.83,409.29,402.14,404.61,6979747
2022-11-21,NVDA,404.51,407.25,404.51,406.85,7027118
2022-11-22,NVDA,406.04,423.56,406.04,419.92,6551854
2022-11-23,NVDA,419.56,430.88,419.56,429.85,14517199
2022-11-24,NVDA,427.41,446.66,427.41,443.65,3889438
2022-11-25,NVDA,440.85,440.85,431.48,433.33,11054470
2022-11-28,NVDA,427.52,427.52,421.73,422.12,7794768
2022-11-29,NVDA,423.28,423.28,415.28,418.48,8331974
2022-11-30,NVDA,416.5,416.5,408.71,411.15,5356644
2022-12-01,NVDA,408.75,422.58,408.75,419.99,8041431
2022-12-02,NVDA,418.78,420.46,411.85,419.11,3599534
2022-12-05,NVDA,420.53,422.73,417.8,421.15,12221844
2022-12-06,NVDA,420.13,420.69,417.89,419.04,11954688
2022-12-07,NVDA,421.42,421.42,410.95,414.89,5635739
2022-12-08,NVDA,415.43,421.47,413.42,413.88,8524581
2022-12-09,NVDA,415.93,415.93,404.12,405.79,13217322
2022-12-12,NVDA,405.04,416.39,405.04,414.59,3366067
2022-12-13,NVDA,413.27,416.44,413.27,414.05,11260772
2022-12-14,NVDA,418.2,418.2,412.0,412.16,1276514
2022-12-15,NVDA,412.56,415.39,407.92,414.1,13858296
2022-12-16,NVDA,414.37,431.6,414.37,430.3,10038758
2022-12-19,NVDA,430.89,430.89,417.95,421.19,10174917
2022-12-20,NVDA,422.44,422.44,406.78,410.02,1828888
2022-12-21,NVDA,407.88,407.88,391.82,396.34,7694145
2022-12-22,NVDA,392.99,411.63,392.99,411.62,4171613
2022-12-23,NVDA,411.88,417.31,409.34,412.9,3118331
2022-12-26,NVDA,412.1,413.71,412.1,413.29,14286179
2022-12-27,NVDA,413.85,413.85,408.67,409.56,7530923
2022-12-28,NVDA,411.81,422.4,411.81,418.78,7347122
2022-12-29,NVDA,415.48,418.08,414.35,416.25,12631578
2022-12-30,NVDA,417.38,417.38,412.3,412.32,10594400
2023-01-02,NVDA,413.02,420.88,412.98,419.35,6470094
2023-01-03,NVDA,417.42,427.19,417.42,425.47,13359017
2023-01-04,NVDA,425.23,439.29,425.23,439.18,4749997
2023-01-05,NVDA,439.84,453.71,439.84,452.4,9748851
2023-01-06,NVDA,451.24,451.24,441.43,448.01,10270413
2023-01-09,NVDA,448.14,448.14,438.5,444.72,3023145
2023-01-10,NVDA,448.62,448.62,437.47,437.76,10979549
2023-01-11,NVDA,440.36,448.66,440.36,445.67,7236745
2023-01-12,NVDA,447.1,454.72,447.1,453.8,11143388
2023-01-13,NVDA,449.74,466.94,449.74,465.58,7693886
2023-01-16,NVDA,465.91,465.96,462.49,464.72,14011310
2023-01-17,NVDA,463.04,463.04,459.75,460.67,3350195
2023-01-18,NVDA,464.92,464.92,453.18,455.69,7999020
2023-01-19,NVDA,454.98,465.89,454.98,464.78,11926012
2023-01-20,NVDA,461.92,461.92,443.71,446.07,5606037
2023-01-23,NVDA,446.28,451.04,445.11,449.82,7703892
2023-01-24,NVDA,450.0,455.74,450.0,453.55,14442322
2023-01-25,NVDA,451.6,460.14,451.6,456.27,8402147
2023-01-26,NVDA,455.46,464.51,455.46,462.25,10459910
2023-01-27,NVDA,458.45,459.22,452.77,458.05,2401595
2023-01-30,NVDA,457.03,457.03,446.59,446.91,6883407
2023-01-31,NVDA,449.26,454.59,449.26,454.4,3357385
2023-02-01,NVDA,452.58,452.58,440.94,443.22,14265756
2023-02-02,NVDA,443.42,458.9,443.42,458.49,3683613
2023-02-03,NVDA,454.73,454.8,450.92,453.07,14252313
2023-02-06,NVDA,449.15,466.84,449.15,461.51,6800597
2023-02-07,NVDA,457.9,476.21,457.9,472.66,6715984
2023-02-08,NVDA,470.62,470.62,461.7,464.09,10961203
2023-02-09,NVDA,464.17,464.17,453.46,455.01,12289507
2023-02-10,NVDA,457.88,459.69,452.93,456.06,6856986
2023-02-13,NVDA,460.07,471.75,460.07,466.0,2086064
2023-02-14,NVDA,464.15,473.65,464.15,472.22,13344117
2023-02-15,NVDA,471.5,479.67,471.5,476.61,8952893
2023-02-16,NVDA,472.97,484.47,472.97,483.57,6425934
2023-02-17,NVDA,484.21,489.92,483.64,487.79,1460912
2023-02-20,NVDA,488.56,493.61,488.13,490.49,9406198
2023-02-21,NVDA,490.27,511.08,490.27,508.39,8014234
2023-02-22,NVDA,510.05,517.52,510.05,512.96,8305922
2023-02-23,NVDA,511.76,512.05,504.85,507.45,8174855
2023-02-24,NVDA,506.28,521.04,506.28,517.94,10554871
2023-02-27,NVDA,516.89,516.89,511.68,513.88,3449988
2023-02-28,NVDA,516.26,534.07,516.26,531.22,1223080
2023-03-01,NVDA,528.5,546.31,528.5,545.91,12441129
2023-03-02,NVDA,547.39,547.39,525.22,530.29,1798416
2023-03-03,NVDA,533.57,533.57,523.81,526.17,8080055
2023-03-06,NVDA,526.64,526.64,518.21,520.59,10995767
2023-03-07,NVDA,520.6,520.6,515.94,517.03,6954020
2023-03-08,NVDA,517.57,522.56,517.57,522.16,10087304
2023-03-09,NVDA,522.78,529.01,522.78,527.93,1905155
2023-03-10,NVDA,525.95,545.06,525.95,543.57,1109682
2023-03-13,NVDA,544.13,547.3,540.6,541.36,3247314
2023-03-14,NVDA,541.19,541.19,533.54,533.82,10805695
2023-03-15,NVDA,535.49,535.49,521.52,521.64,12782431
2023-03-16,NVDA,520.16,529.76,519.28,523.26,9268580
2023-03-17,NVDA,524.59,524.59,510.03,510.64,12180755
2023-03-20,NVDA,512.12,518.77,509.19,515.12,14721371
2023-03-21,NVDA,516.21,516.55,510.74,512.33,7599864
2023-03-22,NVDA,512.84,515.76,507.19,510.59,12027110
2023-03-23,NVDA,511.11,511.11,501.92,504.63,7036004
2023-03-24,NVDA,504.68,513.07,504.02,506.96,13777704
2023-03-27,NVDA,506.57,517.0,506.57,514.16,2857169
2023-03-28,NVDA,511.65,531.97,511.65,528.57,10821411
2023-03-29,NVDA,530.61,530.61,518.58,519.94,4081869
2023-03-30,NVDA,526.98,526.98,509.5,519.97,7304397
2023-03-31,NVDA,517.96,517.96,490.39,492.84,11677516
2023-04-03,NVDA,493.1,493.1,482.73,486.95,1847085
2023-04-04,NVDA,486.35,498.07,486.35,497.25,8936453
2023-04-05,NVDA,499.57,502.58,499.57,502.36,6881205
2023-04-06,NVDA,498.32,502.15,492.22,500.28,5647264
2023-04-07,NVDA,502.98,511.73,500.79,505.06,7824081
2023-04-10,NVDA,504.9,504.9,491.08,492.04,5895332
2023-04-11,NVDA,490.81,494.18,489.16,489.56,8385660
2023-04-12,NVDA,489.87,490.73,485.29,486.94,11150679
2023-04-13,NVDA,485.7,495.13,485.7,490.88,14225778
2023-04-14,NVDA,491.57,494.29,491.57,493.87,5774515
2023-04-17,NVDA,491.74,499.85,491.74,498.89,12170037
2023-04-18,NVDA,502.01,508.45,501.99,506.9,1675241
2023-04-19,NVDA,506.91,506.91,496.94,498.71,11811665
2023-04-20,NVDA,500.83,510.63,500.83,509.2,2301273
2023-04-21,NVDA,506.23,506.23,485.46,490.14,9396614
2023-04-24,NVDA,493.66,494.81,492.5,494.52,5161196
2023-04-25,NVDA,495.11,500.15,490.18,494.57,5042473
2023-04-26,NVDA,494.61,508.67,494.61,500.06,5588358
2023-04-27,NVDA,492.1,508.05,492.1,506.94,7218201
2023-04-28,NVDA,509.42,509.42,503.21,506.41,6057042
2023-05-01,NVDA,507.78,507.78,502.08,502.21,4865044
2023-05-02,NVDA,500.84,507.44,500.84,504.38,12992185
2023-05-03,NVDA,504.67,504.67,501.44,503.5,3583660
2023-05-04,NVDA,503.5,507.4,501.22,501.89,4855286
2023-05-05,NVDA,502.44,523.66,502.44,518.63,9658380
2023-05-08,NVDA,523.87,523.87,515.57,516.89,7907109
2023-05-09,NVDA,519.19,519.19,504.08,513.43,2646982
2023-05-10,NVDA,513.49,513.49,502.48,504.12,5292729
2023-05-11,NVDA,502.3,509.81,501.93,508.76,12600538
2023-05-12,NVDA,511.26,523.66,511.26,520.54,7487261
2023-05-15,NVDA,521.54,534.65,521.29,526.61,1518050
2023-05-16,NVDA,525.32,526.19,518.82,522.14,2663789
2023-05-17,NVDA,520.73,520.73,510.08,516.47,845730
2023-05-18,NVDA,514.45,516.65,511.24,513.98,9369549
2023-05-19,NVDA,513.62,520.02,513.62,519.32,9113984
2023-05-22,NVDA,520.27,529.85,520.27,528.1,2279701
2023-05-23,NVDA,529.14,529.14,513.0,514.98,11053704
2023-05-24,NVDA,514.6,528.36,514.6,524.59,3041990
2023-05-25,NVDA,525.43,529.03,523.13,527.8,12113528
2023-05-26,NVDA,522.64,533.49,522.64,530.69,13500926
2023-05-29,NVDA,529.53,541.99,529.53,541.52,1504439
2023-05-30,NVDA,545.32,545.32,517.81,519.74,13062100
2023-05-31,NVDA,523.56,526.95,520.03,522.99,3656801
2023-06-01,NVDA,524.06,550.53,524.06,543.19,5773480
2023-06-02,NVDA,541.28,541.67,536.75,540.28,12817237
2023-06-05,NVDA,538.49,540.95,533.15,537.96,1416522
2023-06-06,NVDA,538.56,543.13,534.34,539.31,12745095
2023-06-07,NVDA,533.86,533.86,525.05,529.87,8111272
2023-06-08,NVDA,530.09,549.87,530.09,547.11,7097229
2023-06-09,NVDA,546.26,549.41,543.46,545.51,11412811
2023-06-12,NVDA,543.97,543.97,528.13,533.09,14964568
2023-06-13,NVDA,532.26,532.26,526.24,526.69,11999560
2023-06-14,NVDA,531.41,532.57,522.07,527.27,8294715
2023-06-15,NVDA,528.09,531.98,526.27,527.49,14412069
2023-06-16,NVDA,527.34,527.34,520.11,522.77,14499774
2023-06-19,NVDA,520.0,536.21,520.0,533.05,2196802
2023-06-20,NVDA,533.02,533.02,509.77,512.85,2502126
2023-06-21,NVDA,508.38,513.85,508.38,513.77,4959678
2023-06-22,NVDA,509.94,513.69,508.19,513.23,3655384
2023-06-23,NVDA,511.58,513.77,511.58,513.72,2735546
2023-06-26,NVDA,507.56,511.58,505.91,510.48,2142801
2023-06-27,NVDA,508.4,511.8,505.52,509.87,1333815
2023-06-28,NVDA,509.2,523.63,509.2,518.94,6966826
2023-06-29,NVDA,516.22,516.22,504.29,510.12,2416839
2023-06-30,NVDA,513.87,515.43,511.17,512.27,6238719
2023-07-03,NVDA,512.28,515.26,511.14,511.61,1045450
2023-07-04,NVDA,512.88,520.24,512.88,517.87,10697682
2023-07-05,NVDA,519.32,531.12,519.32,524.15,11141520
2023-07-06,NVDA,521.08,536.67,521.08,530.98,6994209
2023-07-07,NVDA,526.56,534.68,526.56,533.94,6854089
2023-07-10,NVDA,536.0,536.46,529.55,530.86,9139070
2023-07-11,NVDA,532.32,536.18,530.94,532.08,4984532
2023-07-12,NVDA,533.55,533.55,514.15,518.88,10323131
2023-07-13,NVDA,519.84,519.84,517.63,518.83,2593387
2023-07-14,NVDA,518.3,518.3,514.4,514.62,10073054
2023-07-17,NVDA,518.51,518.51,509.76,511.48,5555530
2023-07-18,NVDA,518.38,518.38,503.88,504.42,5390087
2023-07-19,NVDA,504.64,504.64,488.91,493.66,13602644
2023-07-20,NVDA,493.1,496.08,492.3,493.53,12207734
2023-07-21,NVDA,494.81,513.76,494.81,509.28,3622410
2023-07-24,NVDA,510.72,514.16,505.9,509.56,1299540
2023-07-25,NVDA,511.3,511.3,487.88,490.96,6941586
2023-07-26,NVDA,487.95,490.46,487.95,489.58,4374219
2023-07-27,NVDA,488.76,491.7,485.17,487.68,5628414
2023-07-28,NVDA,486.5,486.5,475.0,475.34,7154265
2023-07-31,NVDA,471.14,488.95,471.14,480.64,4906134
2023-08-01,NVDA,478.21,478.82,475.92,477.9,3368837
2023-08-02,NVDA,477.1,477.1,465.68,467.58,5077142
2023-08-03,NVDA,463.92,463.92,456.41,457.97,7208827
2023-08-04,NVDA,457.83,457.83,440.26,445.43,5961702
2023-08-07,NVDA,445.18,445.18,437.52,438.95,12594689
2023-08-08,NVDA,436.22,449.98,436.22,446.85,3458935
2023-08-09,NVDA,447.59,447.59,437.2,441.02,11964169
2023-08-10,NVDA,444.19,447.32,439.71,445.7,7115390
2023-08-11,NVDA,446.56,446.56,431.55,433.48,7448131
2023-08-14,NVDA,430.89,430.89,423.69,425.26,14736888
2023-08-15,NVDA,423.23,433.28,423.23,428.6,849641
2023-08-16,NVDA,427.22,431.85,427.22,428.27,584265
2023-08-17,NVDA,428.14,438.04,428.14,431.39,3489491
2023-08-18,NVDA,431.39,431.39,424.22,426.95,10802873
2023-08-21,NVDA,431.97,438.81,431.97,438.33,4278197
2023-08-22,NVDA,440.05,446.71,440.05,442.64,9140262
2023-08-23,NVDA,439.28,443.91,431.42,439.62,4326567
2023-08-24,NVDA,439.43,443.88,439.43,442.23,10485025
2023-08-25,NVDA,442.07,445.22,442.07,443.69,8983271
2023-08-28,NVDA,442.19,461.9,442.19,460.13,11075044
2023-08-29,NVDA,461.67,461.67,451.66,452.18,4753510
2023-08-30,NVDA,453.32,468.15,453.32,465.13,9265013
2023-08-31,NVDA,466.35,476.25,466.01,471.71,9654238
2023-09-01,NVDA,472.94,472.94,462.07,462.78,4920733
2023-09-04,NVDA,462.28,466.71,461.67,463.37,5937018
2023-09-05,NVDA,470.18,486.59,470.18,483.56,543636
2023-09-06,NVDA,482.38,487.72,482.38,487.3,11211758
2023-09-07,NVDA,487.19,499.13,487.19,494.62,12620676
2023-09-08,NVDA,497.85,497.85,491.21,496.16,2431478
2023-09-11,NVDA,491.99,491.99,485.1,488.53,528733
2023-09-12,NVDA,489.59,497.63,489.59,493.3,13872484
2023-09-13,NVDA,490.56,504.05,490.56,500.1,8258580
2023-09-14,NVDA,501.11,501.11,483.4,487.39,5619081
2023-09-15,NVDA,485.26,485.26,479.9,483.38,8640056
2023-09-18,NVDA,487.59,487.59,471.47,475.85,2986690
2023-09-19,NVDA,476.49,476.49,464.48,470.13,13328885
2023-09-20,NVDA,467.74,474.52,465.42,470.14,1639460
2023-09-21,NVDA,469.29,469.29,463.61,465.69,2782452
2023-09-22,NVDA,466.41,470.91,462.58,467.68,2885232
2023-09-25,NVDA,468.03,468.03,457.1,458.74,6397883
2023-09-26,NVDA,460.95,461.0,457.25,459.81,808898
2023-09-27,NVDA,459.66,468.02,458.66,462.18,12895964
2023-09-28,NVDA,460.25,460.25,443.65,448.68,2647059
2023-09-29,NVDA,446.57,453.43,446.57,450.37,4321540
2023-10-02,NVDA,454.85,457.79,449.34,455.35,5980523
2023-10-03,NVDA,456.26,474.12,456.26,471.16,14642783
2023-10-04,NVDA,468.44,471.69,468.08,469.95,9343728
2023-10-05,NVDA,471.46,485.53,471.46,481.26,4855321
2023-10-06,NVDA,482.46,482.46,474.64,478.05,4976824
2023-10-09,NVDA,477.99,492.08,477.99,489.47,3281120
2023-10-10,NVDA,491.45,494.26,487.36,493.15,8238864
2023-10-11,NVDA,490.15,490.15,467.14,473.12,13925938
2023-10-12,NVDA,475.99,475.99,467.22,472.88,5584055
2023-10-13,NVDA,472.85,484.06,472.85,476.17,11203113
2023-10-16,NVDA,474.95,483.06,474.84,480.95,10827586
2023-10-17,NVDA,481.73,481.73,474.05,476.79,3532417
2023-10-18,NVDA,477.69,486.19,477.69,482.0,4005019
2023-10-19,NVDA,483.89,483.89,476.73,477.71,1499950
2023-10-20,NVDA,476.65,483.86,476.65,482.56,10244783
2023-10-23,NVDA,482.19,495.35,482.19,487.04,14392802
2023-10-24,NVDA,488.79,488.79,480.17,481.75,1505677
2023-10-25,NVDA,479.37,485.73,479.37,484.7,7219234
2023-10-26,NVDA,489.51,489.51,475.54,480.23,5486010
2023-10-27,NVDA,478.69,484.06,478.69,483.12,7392798
2023-10-30,NVDA,481.19,493.85,481.19,492.39,2207940
2023-10-31,NVDA,486.74,500.09,486.74,496.64,3256307
2023-11-01,NVDA,497.34,497.34,491.67,492.85,6649689
2023-11-02,NVDA,498.46,501.63,498.31,498.92,8516931
2023-11-03,NVDA,498.02,512.93,498.02,511.78,7702947
2023-11-06,NVDA,510.68,510.68,495.38,503.23,13849183
2023-11-07,NVDA,503.99,513.84,503.99,513.28,8596409
2023-11-08,NVDA,515.99,517.22,512.79,513.93,3348178
2023-11-09,NVDA,512.97,528.54,512.97,526.03,4502550
2023-11-10,NVDA,525.77,530.12,525.77,529.43,14505440
2023-11-13,NVDA,528.6,536.73,528.6,536.68,12311132
2023-11-14,NVDA,533.25,545.65,533.25,543.56,8436232
2023-11-15,NVDA,546.43,550.86,545.63,546.66,5988343
2023-11-16,NVDA,542.33,555.44,542.33,555.24,5354241
2023-11-17,NVDA,558.52,558.87,554.83,556.01,6231037
2023-11-20,NVDA,557.56,557.56,549.9,550.98,7970117
2023-11-21,NVDA,548.08,564.6,548.08,558.97,1922380
2023-11-22,NVDA,561.01,561.01,553.32,553.69,1154025
2023-11-23,NVDA,555.07,574.15,555.07,572.51,13751236
2023-11-24,NVDA,573.71,583.68,573.08,579.73,4004717
2023-11-27,NVDA,580.07,580.23,577.31,577.4,4549874
2023-11-28,NVDA,578.11,580.54,576.89,579.82,7497519
2023-11-29,NVDA,579.8,588.33,579.8,584.21,12327261
2023-11-30,NVDA,585.38,593.95,585.38,590.08,7647702
2023-12-01,NVDA,585.88,612.73,585.88,604.71,7703822
2023-12-04,NVDA,606.66,613.09,606.66,607.83,904004
2023-12-05,NVDA,607.13,607.13,592.1,594.86,13415006
2023-12-06,NVDA,591.78,592.07,582.27,591.84,8965240
2023-12-07,NVDA,593.16,593.16,581.19,585.35,11306545
2023-12-08,NVDA,583.55,597.55,583.55,589.17,9495707
2023-12-11,NVDA,593.46,608.51,593.46,604.31,1983561
2023-12-12,NVDA,597.88,601.61,595.24,601.27,10865052
2023-12-13,NVDA,603.37,611.34,603.37,606.57,4877655
2023-12-14,NVDA,604.49,604.49,595.43,598.49,13554518
2023-12-15,NVDA,594.62,594.62,580.4,582.55,11503786
2023-12-18,NVDA,584.06,591.15,584.06,591.06,11501600
2023-12-19,NVDA,587.85,612.15,587.85,602.55,10244709
2023-12-20,NVDA,608.79,610.84,604.57,605.81,14896615
2023-12-21,NVDA,607.42,623.85,607.42,619.34,14276018
2023-12-22,NVDA,613.19,613.19,600.2,600.93,5765596
2023-12-25,NVDA,601.12,610.35,601.12,605.61,14476702
2023-12-26,NVDA,604.31,618.22,604.31,610.88,10281125
2023-12-27,NVDA,607.22,608.26,599.15,601.9,11771884
2023-12-28,NVDA,606.4,617.49,606.4,614.63,836471
2023-12-29,NVDA,612.9,629.39,612.9,628.58,5368558
2024-01-01,NVDA,630.27,637.02,630.16,631.8,2180893
2024-01-02,NVDA,631.11,642.76,631.11,638.49,10752254
2024-01-03,NVDA,634.24,634.24,612.12,617.95,3360769
2024-01-04,NVDA,617.46,637.53,617.46,632.39,6558189
2024-01-05,NVDA,635.58,635.58,619.3,625.61,3926803
2024-01-08,NVDA,625.51,625.51,610.55,610.86,4421656
2024-01-09,NVDA,615.31,615.31,597.37,602.54,2595690
2024-01-10,NVDA,600.81,600.81,587.47,591.88,3680017
2024-01-11,NVDA,590.46,624.18,590.46,624.12,3773933
2024-01-12,NVDA,625.25,625.25,599.61,607.71,7808288
2024-01-15,NVDA,605.33,605.33,597.37,598.25,4966807
2024-01-16,NVDA,597.76,605.7,597.76,603.03,7112643
2024-01-17,NVDA,599.43,602.23,594.48,600.72,12602579
2024-01-18,NVDA,604.88,604.88,581.16,582.78,14150637
2024-01-19,NVDA,580.11,602.41,580.11,602.29,12221392
2024-01-22,NVDA,610.28,624.6,610.28,623.93,13410515
2024-01-23,NVDA,627.21,641.07,627.21,633.4,6419159
2024-01-24,NVDA,633.33,637.87,633.33,634.52,7890988
2024-01-25,NVDA,637.33,637.33,628.22,630.5,7883561
2024-01-26,NVDA,629.79,647.45,629.79,638.26,6483808
2024-01-29,NVDA,635.59,659.48,635.59,655.0,3214920
2024-01-30,NVDA,650.39,666.17,650.39,666.14,1715172
2024-01-31,NVDA,672.58,672.58,645.79,651.22,7146100
2024-02-01,NVDA,650.9,650.9,640.23,643.92,1945088
2024-02-02,NVDA,639.71,644.94,636.74,642.54,11015058
2024-02-05,NVDA,649.16,659.18,649.16,656.58,9533613
2024-02-06,NVDA,653.63,669.23,653.63,662.29,9194410
2024-02-07,NVDA,654.2,668.37,654.2,663.89,14575076
2024-02-08,NVDA,661.3,661.3,633.77,636.95,8042890
2024-02-09,NVDA,637.59,637.59,621.29,625.02,7873380
2024-02-12,NVDA,630.54,630.54,624.3,624.35,3253628
2024-02-13,NVDA,625.1,629.37,624.27,627.09,12160438
2024-02-14,NVDA,625.74,630.86,625.67,627.93,6291306
2024-02-15,NVDA,626.69,626.69,622.16,622.93,4175664
2024-02-16,NVDA,626.43,656.15,626.43,653.47,3571904
2024-02-19,NVDA,655.89,655.89,642.72,650.87,12732753
2024-02-20,NVDA,647.44,672.09,647.44,668.38,11905598
2024-02-21,NVDA,667.71,668.73,659.73,662.98,2942313
2024-02-22,NVDA,669.9,669.9,660.59,661.64,12522254
2024-02-23,NVDA,661.58,671.36,661.58,671.14,8532835
2024-02-26,NVDA,669.19,669.19,652.65,655.16,1100658
2024-02-27,NVDA,661.31,661.31,654.6,654.64,10486286
2024-02-28,NVDA,653.28,682.15,653.28,680.0,12562156
2024-02-29,NVDA,671.8,684.08,669.95,673.68,2170199
2024-03-01,NVDA,673.8,673.8,645.84,649.86,1300081
2024-03-04,NVDA,649.41,649.41,617.95,626.41,13274980
2024-03-05,NVDA,625.18,637.82,625.18,636.21,4450146
2024-03-06,NVDA,639.05,639.05,626.72,631.4,13738353
2024-03-07,NVDA,638.34,638.34,632.68,634.55,8193941
2024-03-08,NVDA,635.88,635.88,630.28,632.29,5485086
2024-03-11,NVDA,632.92,635.26,628.86,631.25,14944390
2024-03-12,NVDA,626.45,657.29,626.45,655.73,8730617
2024-03-13,NVDA,659.86,659.86,645.39,646.76,9927685
2024-03-14,NVDA,647.96,647.96,633.58,634.58,7643427
2024-03-15,NVDA,637.54,637.54,606.88,607.54,13365502
2024-03-18,NVDA,611.98,617.0,611.98,615.93,8227387
2024-03-19,NVDA,611.99,629.05,611.99,619.48,7370840
2024-03-20,NVDA,617.3,621.52,608.85,619.85,6302573
2024-03-21,NVDA,620.27,623.17,619.51,619.7,1080080
2024-03-22,NVDA,616.05,631.08,616.05,628.17,5238274
2024-03-25,NVDA,623.92,652.66,623.92,647.89,10264127
2024-03-26,NVDA,647.82,647.82,635.51,638.76,4810726
2024-03-27,NVDA,641.3,641.3,618.02,624.98,9926298
2024-03-28,NVDA,627.94,634.73,627.94,634.55,14356672
2024-03-29,NVDA,632.95,655.77,632.95,650.97,4448336
2024-04-01,NVDA,652.95,665.88,652.21,659.08,8237501
2024-04-02,NVDA,662.75,662.75,656.01,659.12,11164598
2024-04-03,NVDA,660.06,660.54,642.61,651.18,5522638
2024-04-04,NVDA,657.93,657.93,634.85,636.45,11251637
2024-04-05,NVDA,639.44,664.86,639.44,662.83,6277409
2024-04-08,NVDA,666.91,676.63,666.91,671.7,8551826
2024-04-09,NVDA,665.33,678.56,665.33,673.22,11914596
2024-04-10,NVDA,674.64,693.79,674.64,687.84,14814039
2024-04-11,NVDA,691.39,703.85,691.39,699.44,7071975
2024-04-12,NVDA,696.64,704.08,696.64,703.07,9873932
2024-04-15,NVDA,705.27,736.6,705.27,731.9,2326773
2024-04-16,NVDA,734.03,743.09,734.03,741.34,9824460
2024-04-17,NVDA,738.53,743.87,732.39,734.66,4557816
2024-04-18,NVDA,731.38,731.38,721.84,723.02,4614908
2024-04-19,NVDA,721.33,725.17,712.2,712.67,6335671
2024-04-22,NVDA,712.55,722.59,712.55,719.29,13848094
2024-04-23,NVDA,717.77,721.5,714.73,719.34,14371267
2024-04-24,NVDA,724.52,724.52,700.63,712.04,5060416
2024-04-25,NVDA,712.92,740.52,712.92,737.5,6319456
2024-04-26,NVDA,739.43,746.01,739.43,744.17,3256141
2024-04-29,NVDA,745.28,745.28,716.55,721.08,7833417
2024-04-30,NVDA,720.29,720.29,711.41,711.9,13828554
2024-05-01,NVDA,712.84,712.84,702.02,703.77,1729936
2024-05-02,NVDA,702.42,716.47,702.42,710.33,9271680
2024-05-03,NVDA,711.38,711.38,683.98,697.36,2547205
2024-05-06,NVDA,702.58,702.58,688.92,695.18,12681595
2024-05-07,NVDA,695.6,696.36,688.81,691.52,734701
2024-05-08,NVDA,693.27,693.27,679.65,686.3,1984467
2024-05-09,NVDA,687.79,690.64,686.29,686.42,10978813
2024-05-10,NVDA,689.78,696.48,688.56,694.26,7974870
2024-05-13,NVDA,692.58,719.23,692.58,713.62,5445149
2024-05-14,NVDA,719.54,734.55,715.8,717.36,2179026
2024-05-15,NVDA,717.73,741.88,717.73,739.04,9843620
2024-05-16,NVDA,737.91,759.45,737.91,754.71,11385500
2024-05-17,NVDA,752.12,752.12,726.26,731.86,4903622
2024-05-20,NVDA,732.21,732.21,710.94,711.58,1771895
2024-05-21,NVDA,711.17,713.61,711.17,713.21,1598086
2024-05-22,NVDA,714.14,717.82,703.12,706.35,14396001
2024-05-23,NVDA,708.43,715.68,707.07,714.18,13597575
2024-05-24,NVDA,716.35,737.73,716.35,732.38,9915999
2024-05-27,NVDA,731.38,745.26,731.38,743.53,11176284
2024-05-28,NVDA,749.61,752.04,742.34,747.34,1493650
2024-05-29,NVDA,749.53,749.53,731.09,738.27,3228939
2024-05-30,NVDA,736.07,736.07,719.93,725.37,8236463
2024-05-31,NVDA,719.62,731.96,719.62,730.81,5343821
2024-06-03,NVDA,726.78,743.94,726.78,740.31,4743172
2024-06-04,NVDA,740.94,750.78,736.87,743.75,3421014
2024-06-05,NVDA,745.74,745.74,722.01,730.23,1175359
2024-06-06,NVDA,734.04,734.04,717.47,720.26,3184267
2024-06-07,NVDA,721.5,742.76,721.5,735.42,2643030
2024-06-10,NVDA,737.83,737.83,721.9,728.63,8151373
2024-06-11,NVDA,725.48,729.9,720.28,721.47,4939407
2024-06-12,NVDA,718.54,722.68,708.88,714.59,8422308
2024-06-13,NVDA,708.14,731.11,708.14,727.27,14530858
2024-06-14,NVDA,719.83,732.94,719.83,729.12,7713299
2024-06-17,NVDA,730.59,742.75,723.49,728.14,3308864
2024-06-18,NVDA,727.75,727.75,712.47,712.67,14086930
2024-06-19,NVDA,718.01,718.01,703.37,708.36,11768997
2024-06-20,NVDA,711.06,711.06,697.42,697.62,7608544
2024-06-21,NVDA,703.81,713.42,703.81,710.46,5153223
2024-06-24,NVDA,711.65,711.65,693.58,698.63,6848282
2024-06-25,NVDA,697.36,725.99,697.36,725.92,11463354
2024-06-26,NVDA,717.66,733.53,717.66,728.48,13528929
2024-06-27,NVDA,732.19,732.19,714.91,714.92,14036729
2024-06-28,NVDA,709.2,709.2,701.57,703.29,2163767
2024-07-01,NVDA,702.53,702.53,681.19,683.27,6895177
2024-07-02,NVDA,684.37,689.64,684.37,688.07,10813210
2024-07-03,NVDA,680.9,680.9,664.12,676.92,1563800
2024-07-04,NVDA,676.72,686.39,676.72,684.34,8311410
2024-07-05,NVDA,687.07,687.07,663.17,672.71,8310674
2024-07-08,NVDA,673.99,673.99,666.05,668.13,5979326
2024-07-09,NVDA,663.69,669.65,663.69,669.2,11550709
2024-07-10,NVDA,667.2,686.75,667.2,678.96,7177891
2024-07-11,NVDA,675.3,675.3,672.48,672.73,4820320
2024-07-12,NVDA,672.36,672.36,638.69,655.35,8153721
2024-07-15,NVDA,654.12,670.09,654.12,665.08,5147946
2024-07-16,NVDA,659.17,659.17,650.67,652.02,14497335
2024-07-17,NVDA,648.76,651.0,640.34,648.66,7665992
2024-07-18,NVDA,650.66,650.66,626.21,626.93,13859376
2024-07-19,NVDA,626.62,634.25,626.62,632.72,4206258
2024-07-22,NVDA,638.46,639.83,624.93,637.84,6950002
2024-07-23,NVDA,636.76,638.57,630.84,636.71,9290093
2024-07-24,NVDA,643.9,653.35,635.54,642.54,2552979
2024-07-25,NVDA,641.56,641.56,626.72,631.51,2372608
2024-07-26,NVDA,635.33,635.33,613.66,615.5,13644224
2024-07-29,NVDA,612.6,623.18,612.6,623.07,6295108
2024-07-30,NVDA,623.02,623.02,614.11,615.35,12602504
2024-07-31,NVDA,609.5,635.64,609.5,629.72,9815474
2024-08-01,NVDA,632.85,632.85,618.44,622.16,6040321
2024-08-02,NVDA,622.01,622.01,613.62,614.21,2000112
2024-08-05,NVDA,609.1,625.66,609.1,623.43,6156928
2024-08-06,NVDA,626.15,637.03,626.15,634.57,10591202
2024-08-07,NVDA,633.62,633.62,628.4,628.49,14850298
2024-08-08,NVDA,629.04,629.04,611.43,614.25,11342957
2024-08-09,NVDA,613.03,618.54,613.03,616.64,14700894
2024-08-12,NVDA,620.07,641.13,620.07,638.91,14103630
2024-08-13,NVDA,640.89,644.23,640.89,643.6,12326081
2024-08-14,NVDA,634.44,634.44,619.16,625.96,13325387
2024-08-15,NVDA,622.11,629.73,622.11,628.67,1465595
2024-08-16,NVDA,633.25,644.06,630.91,631.5,14435191
2024-08-19,NVDA,632.42,632.42,613.97,614.97,11650266
2024-08-20,NVDA,612.93,635.52,612.93,634.35,4415552
2024-08-21,NVDA,636.12,646.27,636.12,644.19,3515032
2024-08-22,NVDA,642.3,653.56,642.3,649.79,9080282
2024-08-23,NVDA,659.95,670.01,659.95,668.07,6514892
2024-08-26,NVDA,665.16,690.13,665.16,686.67,6087031
2024-08-27,NVDA,681.95,689.65,681.95,686.99,14067614
2024-08-28,NVDA,686.73,696.94,686.73,695.1,8725641
2024-08-29,NVDA,696.85,696.85,691.53,694.17,9609522
2024-08-30,NVDA,692.69,694.2,686.9,689.59,12354713
2024-09-02,NVDA,682.24,682.24,669.8,671.47,2291936
2024-09-03,NVDA,671.19,671.19,645.81,654.83,11119610
2024-09-04,NVDA,656.05,664.71,656.05,663.81,12727311
2024-09-05,NVDA,665.25,673.74,657.58,663.06,14241019
2024-09-06,NVDA,659.92,672.65,659.92,663.19,6889880
2024-09-09,NVDA,665.84,665.84,659.85,662.09,14152357
2024-09-10,NVDA,660.47,668.04,660.47,665.67,2772082
2024-09-11,NVDA,667.77,678.25,666.13,673.2,4638577
2024-09-12,NVDA,674.61,674.61,635.76,640.56,1273122
2024-09-13,NVDA,635.67,641.19,635.67,640.37,5658238
2024-09-16,NVDA,645.65,645.65,633.76,633.91,5276372
2024-09-17,NVDA,637.67,637.67,627.6,628.8,9318846
2024-09-18,NVDA,630.46,653.85,630.46,643.33,996541
2024-09-19,NVDA,645.56,645.56,609.7,614.81,9046360
2024-09-20,NVDA,616.05,616.05,593.34,594.48,12132024
2024-09-23,NVDA,599.65,621.89,599.65,614.94,651556
2024-09-24,NVDA,614.77,635.5,614.77,634.94,14552615
2024-09-25,NVDA,633.04,635.18,627.23,629.21,13925962
2024-09-26,NVDA,632.31,632.31,618.49,619.22,3051757
2024-09-27,NVDA,622.65,630.66,622.65,629.77,3592257
2024-09-30,NVDA,628.99,646.3,628.99,639.83,3007070
2024-10-01,NVDA,637.39,656.37,637.39,656.06,8226428
2024-10-02,NVDA,660.17,660.17,646.41,650.24,10077179
2024-10-03,NVDA,654.0,654.0,643.41,644.86,7672160
2024-10-04,NVDA,653.29,671.28,653.29,670.89,8294966
2024-10-07,NVDA,670.75,675.2,665.13,670.85,9893730
2024-10-08,NVDA,675.17,675.17,664.24,665.54,12306428
2024-10-09,NVDA,668.61,692.16,668.61,687.96,4439476
2024-10-10,NVDA,681.33,681.33,666.99,674.51,5063546
2024-10-11,NVDA,673.56,689.89,673.56,689.76,13672912
2024-10-14,NVDA,687.85,687.85,678.55,679.9,3894460
2024-10-15,NVDA,685.7,701.43,685.7,699.77,12140618
2024-10-16,NVDA,694.17,694.32,690.82,692.94,9051602
2024-10-17,NVDA,693.58,693.58,672.75,680.38,888504
2024-10-18,NVDA,678.58,678.58,659.81,661.68,11554565
2024-10-21,NVDA,663.5,663.5,657.44,658.38,12448026
2024-10-22,NVDA,662.68,675.31,662.68,671.27,3163851
2024-10-23,NVDA,667.03,667.03,657.84,662.84,5048080
2024-10-24,NVDA,666.76,674.27,666.76,674.0,14463650
2024-10-25,NVDA,679.62,703.16,679.62,702.27,1722426
2024-10-28,NVDA,700.59,711.09,695.14,705.06,6075375
2024-10-29,NVDA,709.1,723.33,709.1,719.35,894562
2024-10-30,NVDA,716.09,737.28,716.09,726.07,2557445
2024-10-31,NVDA,718.47,729.27,718.47,729.02,8146263
2024-11-01,NVDA,725.55,725.55,708.99,716.45,4359832
2024-11-04,NVDA,717.54,717.54,703.36,703.77,4469374
2024-11-05,NVDA,698.93,698.93,689.08,691.07,12618321
2024-11-06,NVDA,690.41,690.41,679.15,682.71,888138
2024-11-07,NVDA,684.19,698.43,684.19,694.48,5157188
2024-11-08,NVDA,693.69,708.25,693.69,699.85,12451119
2024-11-11,NVDA,707.44,707.44,695.25,699.31,13070194
2024-11-12,NVDA,698.83,703.15,694.72,699.77,2499109
2024-11-13,NVDA,699.29,701.12,692.33,700.68,11858112
2024-11-14,NVDA,695.84,712.4,695.84,711.52,9828908
2024-11-15,NVDA,708.41,708.41,694.65,695.81,11831950
2024-11-18,NVDA,696.62,702.56,696.37,698.99,641342
2024-11-19,NVDA,698.9,698.9,684.06,686.7,12679910
2024-11-20,NVDA,694.21,694.21,675.44,676.08,2757167
2024-11-21,NVDA,673.31,690.07,673.31,683.51,1363022
2024-11-22,NVDA,684.67,686.67,671.29,676.81,9571275
2024-11-25,NVDA,681.4,681.4,667.59,669.01,13401819
2024-11-26,NVDA,667.02,675.07,658.54,661.19,10696892
2024-11-27,NVDA,662.96,667.18,661.33,664.16,4408687
2024-11-28,NVDA,671.23,679.19,664.83,675.07,7400756
2024-11-29,NVDA,673.89,685.54,673.89,685.35,5492313
2024-12-02,NVDA,679.14,679.14,653.33,658.92,9957543
2024-12-03,NVDA,660.67,670.04,660.67,670.0,5555353
2024-12-04,NVDA,665.05,670.79,665.05,670.4,14570028
2024-12-05,NVDA,669.57,681.49,669.57,676.33,9854901
2024-12-06,NVDA,683.68,683.68,664.45,665.62,12923302
2024-12-09,NVDA,661.81,673.69,661.81,670.78,14623442
2024-12-10,NVDA,670.03,672.6,666.87,667.99,2997894
2024-12-11,NVDA,658.99,694.8,658.99,685.02,5607139
2024-12-12,NVDA,688.81,689.14,683.84,684.38,13152661
2024-12-13,NVDA,685.63,685.63,682.07,683.37,8917169
2024-12-16,NVDA,683.54,683.54,662.98,663.93,14589693
2024-12-17,NVDA,663.68,663.68,652.44,659.71,11206385
2024-12-18,NVDA,660.1,667.9,660.1,666.51,9428155
2024-12-19,NVDA,667.81,688.89,667.81,683.14,7361818
2024-12-20,NVDA,677.68,690.53,677.68,687.2,10633366
2024-12-23,NVDA,682.34,697.79,682.34,691.23,2904964
2024-12-24,NVDA,692.58,707.75,688.87,698.71,3925620
2024-12-25,NVDA,697.83,697.83,684.64,687.55,13316504
2024-12-26,NVDA,692.84,703.04,692.84,702.2,13618468
2024-12-27,NVDA,705.94,716.14,705.94,713.24,9704071
2024-12-30,NVDA,710.47,712.74,706.79,712.25,13031097
2024-12-31,NVDA,713.69,713.69,697.33,699.05,6500642
2022-01-03,BRK-B,291.71,293.62,291.71,292.62,9311842
2022-01-04,BRK-B,291.31,293.37,291.31,293.07,4376395
2022-01-05,BRK-B,292.09,292.57,290.38,292.35,4683690
2022-01-06,BRK-B,292.45,292.82,290.82,291.38,5048201
2022-01-07,BRK-B,291.54,291.54,287.81,288.53,13044870
2022-01-10,BRK-B,287.22,293.75,287.22,293.03,8031849
2022-01-11,BRK-B,294.17,298.08,294.17,296.97,6483440
2022-01-12,BRK-B,297.15,297.15,293.5,295.18,1538374
2022-01-13,BRK-B,294.12,294.12,289.99,290.53,7666911
2022-01-14,BRK-B,291.4,291.4,287.75,288.06,702280
2022-01-17,BRK-B,288.69,288.69,287.96,288.27,2995561
2022-01-18,BRK-B,288.78,290.15,288.42,289.71,13015922
2022-01-19,BRK-B,289.9,290.53,288.1,290.01,3327721
2022-01-20,BRK-B,289.54,294.58,289.54,294.35,5170452
2022-01-21,BRK-B,293.99,295.27,292.98,293.89,13793099
2022-01-24,BRK-B,293.45,294.29,292.16,292.36,1816567
2022-01-25,BRK-B,291.84,291.84,289.47,290.02,9380249
2022-01-26,BRK-B,290.92,290.92,285.72,288.52,9762920
2022-01-27,BRK-B,287.84,295.52,287.84,293.18,5655935
2022-01-28,BRK-B,292.38,299.11,292.38,298.08,9649828
2022-01-31,BRK-B,297.11,297.11,292.16,292.81,11842500
2022-02-01,BRK-B,293.18,295.68,293.18,295.67,859425
2022-02-02,BRK-B,294.33,298.84,294.33,298.36,2680192
2022-02-03,BRK-B,298.42,301.18,298.42,299.82,9885001
2022-02-04,BRK-B,299.94,300.78,299.94,300.57,6857349
2022-02-07,BRK-B,299.7,299.7,298.13,298.87,1668115
2022-02-08,BRK-B,297.3,302.11,297.3,301.45,10146614
2022-02-09,BRK-B,303.17,307.68,303.17,305.53,10665756
2022-02-10,BRK-B,307.47,307.47,306.17,306.39,4847187
2022-02-11,BRK-B,307.83,307.83,303.77,304.13,1835237
2022-02-14,BRK-B,304.96,306.54,304.51,305.36,8150469
2022-02-15,BRK-B,305.49,309.67,305.49,309.32,8005207
2022-02-16,BRK-B,308.07,317.01,308.07,316.4,12129671
2022-02-17,BRK-B,317.0,317.17,316.08,316.85,3465478
2022-02-18,BRK-B,316.14,320.8,316.14,320.72,2115309
2022-02-21,BRK-B,320.26,321.84,320.26,321.66,8868027
2022-02-22,BRK-B,321.48,321.48,316.23,317.46,10683260
2022-02-23,BRK-B,318.03,321.42,318.03,321.09,1769242
2022-02-24,BRK-B,320.69,322.55,320.69,322.26,2631898
2022-02-25,BRK-B,324.08,324.84,321.86,323.35,10578782
2022-02-28,BRK-B,322.99,322.99,322.08,322.21,9972689
2022-03-01,BRK-B,323.16,323.89,322.02,323.39,9622531
2022-03-02,BRK-B,323.08,324.14,322.1,322.8,12934721
2022-03-03,BRK-B,323.2,329.11,323.2,328.59,11669220
2022-03-04,BRK-B,329.1,329.1,325.65,326.2,3515088
2022-03-07,BRK-B,327.36,327.36,320.9,322.86,8075157
2022-03-08,BRK-B,322.03,328.37,322.03,327.38,11817946
2022-03-09,BRK-B,328.07,328.07,320.72,322.15,10214870
2022-03-10,BRK-B,322.24,325.53,322.24,324.57,7050099
2022-03-11,BRK-B,325.81,325.81,322.5,322.56,11895561
2022-03-14,BRK-B,322.0,322.0,318.8,321.0,11967051
2022-03-15,BRK-B,321.22,326.01,321.22,324.81,2562346
2022-03-16,BRK-B,326.23,328.15,326.23,328.05,3576245
2022-03-17,BRK-B,326.62,328.9,324.05,326.24,3011348
2022-03-18,BRK-B,326.32,335.25,326.32,332.8,10380062
2022-03-21,BRK-B,332.58,338.46,332.58,337.5,6941454
2022-03-22,BRK-B,337.12,338.44,337.12,338.01,9496340
2022-03-23,BRK-B,337.87,342.39,337.87,340.96,3627493
2022-03-24,BRK-B,341.94,341.94,337.76,339.25,12210650
2022-03-25,BRK-B,337.97,341.33,337.97,341.31,12616275
2022-03-28,BRK-B,340.97,341.63,340.31,341.0,11086937
2022-03-29,BRK-B,341.29,345.11,341.29,343.36,11372425
2022-03-30,BRK-B,344.21,344.21,340.93,343.04,2634804
2022-03-31,BRK-B,343.4,346.22,343.4,345.65,4796468
2022-04-01,BRK-B,346.04,354.18,346.04,351.08,10721447
2022-04-04,BRK-B,351.86,356.24,351.86,354.02,6853258
2022-04-05,BRK-B,355.4,355.4,344.83,344.89,9011210
2022-04-06,BRK-B,345.86,345.86,343.6,344.47,14982233
2022-04-07,BRK-B,345.09,348.12,345.09,347.46,1107756
2022-04-08,BRK-B,345.71,350.58,345.71,350.17,12269941
2022-04-11,BRK-B,350.17,353.88,350.17,353.31,4396957
2022-04-12,BRK-B,354.11,355.63,353.36,354.36,1683582
2022-04-13,BRK-B,354.23,358.02,354.23,355.82,11974800
2022-04-14,BRK-B,355.45,360.19,355.45,359.93,11254948
2022-04-15,BRK-B,360.09,360.09,359.07,359.27,2031285
2022-04-18,BRK-B,357.33,358.12,356.25,357.7,6605659
2022-04-19,BRK-B,357.98,357.98,352.58,355.38,714164
2022-04-20,BRK-B,355.79,362.47,355.79,362.23,530479
2022-04-21,BRK-B,360.37,362.28,360.12,360.97,1914021
2022-04-22,BRK-B,360.46,364.26,360.46,363.75,12133405
2022-04-25,BRK-B,363.6,365.06,363.6,364.64,2152536
2022-04-26,BRK-B,365.2,374.34,365.2,372.58,2133756
2022-04-27,BRK-B,372.81,374.76,372.81,374.76,3323353
2022-04-28,BRK-B,374.33,379.32,374.33,377.38,5207850
2022-04-29,BRK-B,376.4,380.19,376.4,378.99,8563452
2022-05-02,BRK-B,377.85,381.83,377.85,380.8,4541721
2022-05-03,BRK-B,381.18,381.18,379.01,379.23,1221567
2022-05-04,BRK-B,378.07,381.86,378.07,380.84,10711848
2022-05-05,BRK-B,380.35,382.98,379.52,381.64,11973265
2022-05-06,BRK-B,382.12,382.12,380.65,380.7,5803980
2022-05-09,BRK-B,380.75,387.82,380.75,385.48,688312
2022-05-10,BRK-B,385.74,389.14,385.74,388.32,9539501
2022-05-11,BRK-B,387.15,390.38,387.15,388.33,1589970
2022-05-12,BRK-B,387.67,389.43,387.67,388.98,13214705
2022-05-13,BRK-B,388.4,393.8,388.4,393.19,4333323
2022-05-16,BRK-B,393.2,397.0,393.2,396.88,8590141
2022-05-17,BRK-B,397.42,402.0,397.42,401.94,10029027
2022-05-18,BRK-B,401.65,410.24,401.65,408.48,8977507
2022-05-19,BRK-B,407.47,409.05,407.47,408.49,555432
2022-05-20,BRK-B,407.25,413.74,407.25,412.07,12290674
2022-05-23,BRK-B,410.68,413.86,410.68,412.55,10092568
2022-05-24,BRK-B,410.68,411.25,410.68,410.98,4508901
2022-05-25,BRK-B,408.56,408.71,406.04,407.76,6442810
2022-05-26,BRK-B,407.27,409.49,407.27,409.02,2432601
2022-05-27,BRK-B,408.26,417.93,408.26,416.33,14081285
2022-05-30,BRK-B,414.25,414.25,409.31,410.5,6136249
2022-05-31,BRK-B,409.64,409.64,407.23,407.56,3854990
2022-06-01,BRK-B,406.17,409.99,406.17,408.31,9269301
2022-06-02,BRK-B,408.06,408.06,405.41,405.45,6164960
2022-06-03,BRK-B,404.81,412.55,404.81,411.98,8167495
2022-06-06,BRK-B,410.46,412.27,408.98,411.82,9292724
2022-06-07,BRK-B,412.02,412.02,409.92,409.99,9189887
2022-06-08,BRK-B,408.88,412.97,408.88,412.1,11599604
2022-06-09,BRK-B,411.93,413.35,411.45,413.24,5220228
2022-06-10,BRK-B,414.09,414.84,413.29,414.36,11614546
2022-06-13,BRK-B,413.64,417.48,413.64,416.4,1301467
2022-06-14,BRK-B,415.17,419.04,415.13,417.26,12746312
2022-06-15,BRK-B,416.89,420.43,416.67,420.3,5695577
2022-06-16,BRK-B,420.18,426.3,420.18,424.96,10311577
2022-06-17,BRK-B,424.76,424.76,417.21,419.52,4936412
2022-06-20,BRK-B,418.21,423.5,418.21,422.82,14143662
2022-06-21,BRK-B,423.77,428.66,423.77,428.42,7715154
2022-06-22,BRK-B,429.37,429.37,421.47,425.32,14427936
2022-06-23,BRK-B,426.96,426.96,422.16,423.56,7520961
2022-06-24,BRK-B,424.74,424.74,421.8,422.81,904024
2022-06-27,BRK-B,422.99,422.99,413.71,415.52,9094624
2022-06-28,BRK-B,415.45,415.45,410.42,410.67,3883961
2022-06-29,BRK-B,410.23,413.79,410.23,412.35,10315828
2022-06-30,BRK-B,412.78,416.54,412.78,416.44,11626736
2022-07-01,BRK-B,418.63,423.5,418.63,423.39,7321780
2022-07-04,BRK-B,421.29,428.76,421.29,427.99,1695311
2022-07-05,BRK-B,429.38,431.91,428.99,431.79,1449829
2022-07-06,BRK-B,430.03,430.07,429.22,429.55,2264173
2022-07-07,BRK-B,429.07,432.32,429.07,431.54,7693353
2022-07-08,BRK-B,430.36,430.36,425.86,426.95,3978667
2022-07-11,BRK-B,427.51,427.51,421.93,422.86,2859386
2022-07-12,BRK-B,423.82,423.82,420.19,420.31,9745660
2022-07-13,BRK-B,418.4,423.41,418.4,422.0,7348718
2022-07-14,BRK-B,420.33,420.33,414.85,417.75,4420932
2022-07-15,BRK-B,417.92,417.92,414.05,414.75,6869749
2022-07-18,BRK-B,415.35,417.98,415.35,417.28,13148145
2022-07-19,BRK-B,417.69,419.78,417.69,419.75,11725103
2022-07-20,BRK-B,417.39,418.66,417.11,417.54,11481979
2022-07-21,BRK-B,418.9,418.9,414.22,414.52,7501199
2022-07-22,BRK-B,414.86,416.34,407.95,411.59,14766959
2022-07-25,BRK-B,411.76,412.2,411.13,411.93,6752466
2022-07-26,BRK-B,412.14,412.95,411.44,412.12,12787964
2022-07-27,BRK-B,412.97,414.2,409.51,410.04,6807061
2022-07-28,BRK-B,409.25,411.09,408.0,410.82,3260920
2022-07-29,BRK-B,410.87,410.87,406.62,408.19,5414662
2022-08-01,BRK-B,407.77,410.49,407.23,408.75,3585791
2022-08-02,BRK-B,408.11,408.11,401.66,403.62,6831714
2022-08-03,BRK-B,402.9,403.06,401.87,402.15,4206045
2022-08-04,BRK-B,403.3,403.3,399.21,399.3,3665678
2022-08-05,BRK-B,398.11,405.72,398.11,404.74,12294383
2022-08-08,BRK-B,406.56,409.82,406.56,407.41,5219893
2022-08-09,BRK-B,407.7,408.34,406.94,407.0,4682910
2022-08-10,BRK-B,407.37,407.87,406.45,407.17,7681542
2022-08-11,BRK-B,405.65,405.79,402.17,403.03,2451734
2022-08-12,BRK-B,402.31,402.31,399.87,400.08,8724298
2022-08-15,BRK-B,399.37,399.37,395.39,395.62,9122282
2022-08-16,BRK-B,397.53,398.44,396.64,397.79,9996927
2022-08-17,BRK-B,397.36,397.36,394.98,397.0,9367373
2022-08-18,BRK-B,395.44,407.69,395.44,406.58,5135151
2022-08-19,BRK-B,405.27,405.27,401.82,402.48,7932588
2022-08-22,BRK-B,403.61,403.61,396.16,399.06,1513782
2022-08-23,BRK-B,398.54,399.97,397.16,397.95,5207427
2022-08-24,BRK-B,396.37,396.37,391.36,392.61,6192685
2022-08-25,BRK-B,392.22,394.55,391.91,392.45,8930875
2022-08-26,BRK-B,392.73,393.99,392.73,393.71,10678781
2022-08-29,BRK-B,394.56,394.56,391.8,392.31,4304002
2022-08-30,BRK-B,391.56,398.26,391.56,397.29,2056740
2022-08-31,BRK-B,398.17,399.94,398.17,399.3,6467780
2022-09-01,BRK-B,398.38,403.26,398.38,400.29,7788357
2022-09-02,BRK-B,399.37,402.77,399.37,402.07,7058728
2022-09-05,BRK-B,404.03,408.99,404.03,406.16,7656970
2022-09-06,BRK-B,407.08,415.05,407.08,414.35,4896510
2022-09-07,BRK-B,415.27,415.27,410.84,412.82,11336093
2022-09-08,BRK-B,413.65,414.77,412.56,413.64,13238007
2022-09-09,BRK-B,414.16,416.22,414.0,414.99,8172942
2022-09-12,BRK-B,413.67,418.71,413.67,417.69,4769577
2022-09-13,BRK-B,417.81,417.81,410.53,412.55,5138796
2022-09-14,BRK-B,412.16,412.16,410.55,412.02,14366117
2022-09-15,BRK-B,412.11,412.11,405.97,407.69,1923347
2022-09-16,BRK-B,407.78,407.78,403.67,405.94,14497539
2022-09-19,BRK-B,405.88,410.49,405.88,409.12,9334995
2022-09-20,BRK-B,409.0,411.33,408.49,408.9,13662347
2022-09-21,BRK-B,408.62,411.13,408.62,411.05,2204789
2022-09-22,BRK-B,410.52,417.73,410.52,414.82,10551455
2022-09-23,BRK-B,414.93,414.93,407.74,407.79,6945090
2022-09-26,BRK-B,408.59,413.12,408.59,410.84,3328119
2022-09-27,BRK-B,409.74,412.47,408.86,411.73,10374920
2022-09-28,BRK-B,413.47,414.06,408.88,410.77,7373287
2022-09-29,BRK-B,410.9,410.9,408.16,408.6,2690271
2022-09-30,BRK-B,408.79,408.79,406.03,406.42,6872403
2022-10-03,BRK-B,407.19,407.19,395.02,396.83,11617477
2022-10-04,BRK-B,396.12,399.5,396.12,397.1,10838277
2022-10-05,BRK-B,396.67,401.56,396.67,400.23,8093462
2022-10-06,BRK-B,399.56,406.03,399.56,405.33,4415864
2022-10-07,BRK-B,407.4,407.4,399.89,402.95,9492732
2022-10-10,BRK-B,402.85,402.91,398.87,400.12,4887345
2022-10-11,BRK-B,399.6,399.6,398.09,398.93,5495657
2022-10-12,BRK-B,399.93,399.93,393.98,394.38,7403371
2022-10-13,BRK-B,393.72,402.01,393.72,399.66,11933179
2022-10-14,BRK-B,400.07,407.19,400.07,404.71,4062517
2022-10-17,BRK-B,405.39,405.39,402.17,403.33,593678
2022-10-18,BRK-B,403.59,403.59,399.97,402.11,5159963
2022-10-19,BRK-B,402.56,408.52,402.56,406.64,10934608
2022-10-20,BRK-B,408.52,413.06,408.52,411.42,2375109
2022-10-21,BRK-B,411.51,411.51,406.59,407.52,3947298
2022-10-24,BRK-B,406.5,413.91,406.5,413.2,9195544
2022-10-25,BRK-B,411.77,416.27,409.81,412.69,7382533
2022-10-26,BRK-B,414.74,414.74,411.39,413.28,13213708
2022-10-27,BRK-B,413.26,415.17,412.54,413.5,10994466
2022-10-28,BRK-B,412.41,418.29,412.41,417.38,2300064
2022-10-31,BRK-B,415.91,425.05,415.91,424.82,9162504
2022-11-01,BRK-B,425.59,428.32,425.59,427.61,6407802
2022-11-02,BRK-B,428.58,429.31,426.75,428.23,9668744
2022-11-03,BRK-B,429.31,429.31,424.99,425.11,12224537
2022-11-04,BRK-B,424.18,430.07,424.18,429.17,1024659
2022-11-07,BRK-B,428.71,430.94,428.49,429.23,565938
2022-11-08,BRK-B,430.93,439.69,430.93,437.25,10093329
2022-11-09,BRK-B,437.98,437.98,435.51,435.63,3829042
2022-11-10,BRK-B,436.07,437.1,435.51,436.14,8003687
2022-11-11,BRK-B,435.3,435.3,430.62,430.77,6040638
2022-11-14,BRK-B,432.82,432.82,428.83,429.21,4655807
2022-11-15,BRK-B,428.96,428.96,417.33,418.77,11182941
2022-11-16,BRK-B,418.92,424.87,418.92,422.35,5739799
2022-11-17,BRK-B,423.55,423.55,417.06,417.73,9549129
2022-11-18,BRK-B,415.79,422.54,415.79,422.29,6408277
2022-11-21,BRK-B,422.52,422.52,419.56,421.03,2202383
2022-11-22,BRK-B,421.39,425.84,421.39,424.92,14111584
2022-11-23,BRK-B,424.1,426.09,423.06,424.44,14512953
2022-11-24,BRK-B,425.06,425.06,419.04,421.16,10801783
2022-11-25,BRK-B,420.99,424.38,420.99,423.7,3916977
2022-11-28,BRK-B,424.06,424.06,419.84,420.51,2783772
2022-11-29,BRK-B,421.17,421.17,414.67,416.34,9167487
2022-11-30,BRK-B,417.34,417.34,412.97,413.99,5400213
2022-12-01,BRK-B,415.18,418.32,415.18,417.36,3299532
2022-12-02,BRK-B,417.49,421.7,417.49,419.49,12328379
2022-12-05,BRK-B,420.76,424.94,420.76,424.71,8447124
2022-12-06,BRK-B,423.77,424.13,421.53,423.25,2958069
2022-12-07,BRK-B,423.6,427.26,422.85,425.7,13969271
2022-12-08,BRK-B,425.78,425.78,421.4,423.36,8470453
2022-12-09,BRK-B,423.48,424.72,422.35,423.18,5899293
2022-12-12,BRK-B,421.66,421.66,419.37,419.71,5152923
2022-12-13,BRK-B,420.51,420.51,416.67,418.65,7995614
2022-12-14,BRK-B,418.7,427.41,418.7,425.13,10389214
2022-12-15,BRK-B,426.07,427.45,424.41,427.08,12628562
2022-12-16,BRK-B,426.84,428.52,425.49,426.27,10819694
2022-12-19,BRK-B,426.09,428.55,424.47,426.44,5955207
2022-12-20,BRK-B,426.05,426.05,422.3,423.16,12711975
2022-12-21,BRK-B,423.71,430.56,423.71,428.29,7059676
2022-12-22,BRK-B,429.77,429.77,429.31,429.41,11919936
2022-12-23,BRK-B,428.95,433.29,428.95,432.97,10874752
2022-12-26,BRK-B,434.49,434.49,426.67,426.76,626486
2022-12-27,BRK-B,426.83,431.01,426.83,428.73,2889976
2022-12-28,BRK-B,427.52,431.01,426.08,427.73,647346
2022-12-29,BRK-B,425.6,441.47,425.6,438.35,609726
2022-12-30,BRK-B,437.49,444.71,437.49,443.69,5410829
2023-01-02,BRK-B,442.11,442.11,440.24,441.22,6724624
2023-01-03,BRK-B,441.97,452.4,441.97,450.73,628181
2023-01-04,BRK-B,449.48,451.25,448.02,449.51,13139124
2023-01-05,BRK-B,449.95,450.96,449.95,450.85,7917146
2023-01-06,BRK-B,450.78,450.78,449.02,449.27,12153338
2023-01-09,BRK-B,447.85,451.54,447.85,450.39,843913
2023-01-10,BRK-B,448.67,456.91,448.67,455.05,1243509
2023-01-11,BRK-B,455.95,455.95,448.46,448.65,9221588
2023-01-12,BRK-B,447.63,455.05,447.63,453.64,10870143
2023-01-13,BRK-B,455.22,459.28,455.22,456.95,2903853
2023-01-16,BRK-B,456.99,458.81,456.99,458.64,7695243
2023-01-17,BRK-B,459.8,459.8,455.11,455.21,4678733
2023-01-18,BRK-B,457.3,457.3,453.95,455.82,7022694
2023-01-19,BRK-B,456.82,463.83,456.82,462.35,14719381
2023-01-20,BRK-B,462.19,462.19,458.04,459.87,10999241
2023-01-23,BRK-B,456.53,468.17,456.53,466.36,3577064
2023-01-24,BRK-B,466.66,467.24,466.66,466.88,8552368
2023-01-25,BRK-B,466.0,466.0,464.48,464.73,4071094
2023-01-26,BRK-B,463.67,466.59,459.86,462.83,12872099
2023-01-27,BRK-B,462.77,467.82,462.77,466.67,5542839
2023-01-30,BRK-B,466.19,466.97,465.44,465.87,14086661
2023-01-31,BRK-B,463.58,463.58,453.15,457.87,4010436
2023-02-01,BRK-B,458.0,459.99,455.14,456.96,8005515
2023-02-02,BRK-B,456.94,460.17,456.94,459.88,6573655
2023-02-03,BRK-B,460.56,460.56,458.01,458.68,13859668
2023-02-06,BRK-B,458.32,461.72,457.97,460.13,12250556
2023-02-07,BRK-B,459.72,459.72,451.87,454.86,12239966
2023-02-08,BRK-B,453.98,457.99,453.89,455.98,13725754
2023-02-09,BRK-B,457.42,457.42,452.74,453.95,13714344
2023-02-10,BRK-B,453.65,458.39,453.65,457.59,13088599
2023-02-13,BRK-B,458.21,458.54,456.01,457.48,8139838
2023-02-14,BRK-B,457.37,468.16,457.37,467.85,14806532
2023-02-15,BRK-B,467.04,467.04,459.54,461.17,10166717
2023-02-16,BRK-B,461.24,462.32,460.89,461.39,14024866
2023-02-17,BRK-B,460.73,460.73,455.33,457.21,13667241
2023-02-20,BRK-B,458.26,458.26,442.55,446.43,2898141
2023-02-21,BRK-B,445.39,447.4,443.49,446.31,4512444
2023-02-22,BRK-B,448.2,450.57,447.29,448.0,7456143
2023-02-23,BRK-B,448.89,448.89,433.6,434.44,14866488
2023-02-24,BRK-B,434.18,437.56,434.18,437.25,10525566
2023-02-27,BRK-B,437.06,438.61,433.86,435.77,10550696
2023-02-28,BRK-B,435.61,435.61,426.55,427.06,7099427
2023-03-01,BRK-B,426.12,426.12,415.84,418.0,2962878
2023-03-02,BRK-B,417.47,417.47,412.71,413.34,12733007
2023-03-03,BRK-B,412.73,415.95,412.73,414.09,1066583
2023-03-06,BRK-B,411.79,416.84,411.79,416.11,9243342
2023-03-07,BRK-B,415.45,415.45,410.38,410.76,6283337
2023-03-08,BRK-B,413.37,413.37,405.39,406.06,3455259
2023-03-09,BRK-B,407.25,407.48,406.92,407.42,7772427
2023-03-10,BRK-B,407.97,414.17,407.97,411.55,14202703
2023-03-13,BRK-B,410.95,420.62,410.95,417.98,9619922
2023-03-14,BRK-B,415.69,415.69,411.55,413.58,5894363
2023-03-15,BRK-B,414.59,415.4,412.01,412.71,14586093
2023-03-16,BRK-B,411.97,413.05,408.95,411.49,2256711
2023-03-17,BRK-B,412.46,412.46,405.4,405.97,3724722
2023-03-20,BRK-B,404.47,412.71,404.47,411.5,8280367
2023-03-21,BRK-B,413.57,413.57,406.97,409.44,11167832
2023-03-22,BRK-B,410.29,410.29,406.83,408.22,13671978
2023-03-23,BRK-B,407.84,408.74,407.84,408.58,2531714
2023-03-24,BRK-B,409.53,409.53,406.55,408.22,1941617
2023-03-27,BRK-B,407.53,415.75,407.53,415.2,10253450
2023-03-28,BRK-B,413.55,416.28,413.55,415.46,3987328
2023-03-29,BRK-B,415.75,416.71,413.38,415.61,10434915
2023-03-30,BRK-B,414.78,417.19,414.78,416.52,848108
2023-03-31,BRK-B,416.31,422.64,416.31,420.82,9801921
2023-04-03,BRK-B,422.61,422.61,411.71,412.6,10127310
2023-04-04,BRK-B,412.79,412.79,406.26,408.64,2291920
2023-04-05,BRK-B,407.31,412.91,407.31,411.02,10498209
2023-04-06,BRK-B,411.45,412.81,410.03,411.86,3715826
2023-04-07,BRK-B,411.03,418.14,411.03,416.98,14314043
2023-04-10,BRK-B,416.9,416.9,409.34,409.9,6811826
2023-04-11,BRK-B,411.07,411.07,407.65,408.72,8014167
2023-04-12,BRK-B,408.78,408.78,404.67,405.19,14902103
2023-04-13,BRK-B,405.69,411.83,405.69,410.83,13253626
2023-04-14,BRK-B,410.16,412.64,410.16,412.27,4433443
2023-04-17,BRK-B,412.92,412.92,406.5,408.48,2859840
2023-04-18,BRK-B,407.76,407.9,406.46,407.55,9061292
2023-04-19,BRK-B,407.81,407.81,402.27,403.1,6515473
2023-04-20,BRK-B,402.38,409.69,402.38,409.54,12595409
2023-04-21,BRK-B,408.27,414.55,408.27,413.7,7844994
2023-04-24,BRK-B,413.62,418.13,413.62,416.6,4850634
2023-04-25,BRK-B,415.27,419.42,415.19,416.0,4909289
2023-04-26,BRK-B,415.37,415.97,412.07,414.09,8339623
2023-04-27,BRK-B,415.9,416.78,413.82,414.88,11672670
2023-04-28,BRK-B,412.97,415.48,412.17,414.21,7167811
2023-05-01,BRK-B,413.25,418.25,413.25,417.93,5579534
2023-05-02,BRK-B,418.32,420.58,418.32,420.53,3796306
2023-05-03,BRK-B,420.05,420.05,416.88,417.38,5157387
2023-05-04,BRK-B,417.98,419.83,416.96,418.57,5922848
2023-05-05,BRK-B,416.17,423.23,416.17,421.73,14872731
2023-05-08,BRK-B,424.56,424.56,416.76,418.43,10776331
2023-05-09,BRK-B,418.43,421.74,418.43,420.17,7107351
2023-05-10,BRK-B,419.48,422.72,419.48,421.31,8404722
2023-05-11,BRK-B,422.09,425.45,422.09,425.36,10443390
2023-05-12,BRK-B,426.74,426.74,422.67,423.63,9060848
2023-05-15,BRK-B,423.84,426.75,423.83,426.42,13127091
2023-05-16,BRK-B,425.37,431.33,425.37,426.7,13849077
2023-05-17,BRK-B,427.21,432.05,427.21,429.42,7196680
2023-05-18,BRK-B,428.37,431.7,428.37,431.54,7787365
2023-05-19,BRK-B,432.01,438.5,432.01,437.8,6224623
2023-05-22,BRK-B,439.33,439.33,433.57,434.36,2235149
2023-05-23,BRK-B,432.96,445.55,432.96,444.9,8286237
2023-05-24,BRK-B,445.76,446.5,440.81,441.89,1802068
2023-05-25,BRK-B,443.14,443.14,439.69,442.28,14218585
2023-05-26,BRK-B,442.79,445.82,441.53,442.31,1115037
2023-05-29,BRK-B,442.5,442.59,441.2,442.29,1137525
2023-05-30,BRK-B,443.1,443.1,438.26,439.02,7120766
2023-05-31,BRK-B,439.27,441.37,439.27,441.16,3982385
2023-06-01,BRK-B,445.0,447.15,441.52,442.99,3203418
2023-06-02,BRK-B,443.35,443.35,436.18,438.07,13556606
2023-06-05,BRK-B,435.64,439.82,435.64,438.28,9228281
2023-06-06,BRK-B,437.8,440.89,437.8,440.84,12905144
2023-06-07,BRK-B,443.29,443.29,435.83,437.7,907824
2023-06-08,BRK-B,437.23,443.58,437.23,443.32,1711866
2023-06-09,BRK-B,442.17,447.38,442.17,446.89,12063925
2023-06-12,BRK-B,446.04,453.01,446.04,452.49,11867875
2023-06-13,BRK-B,451.22,459.02,451.22,457.99,1666285
2023-06-14,BRK-B,457.21,462.87,457.21,461.61,11699005
2023-06-15,BRK-B,462.7,467.28,462.7,467.17,13836980
2023-06-16,BRK-B,466.53,478.3,466.53,476.31,12102822
2023-06-19,BRK-B,476.32,476.32,475.12,475.33,8497238
2023-06-20,BRK-B,475.14,477.65,474.22,475.88,2860806
2023-06-21,BRK-B,475.88,477.29,475.11,476.95,2142793
2023-06-22,BRK-B,474.93,475.56,472.19,475.14,5522550
2023-06-23,BRK-B,475.07,476.48,474.55,475.39,1523795
2023-06-26,BRK-B,473.73,476.78,473.73,476.58,6451362
2023-06-27,BRK-B,478.11,478.11,468.28,469.11,6483443
2023-06-28,BRK-B,469.77,479.86,469.77,479.12,10650587
2023-06-29,BRK-B,480.22,487.64,480.22,485.83,12673136
2023-06-30,BRK-B,486.59,490.99,486.59,489.95,10683733
2023-07-03,BRK-B,488.97,488.97,484.2,485.94,10420820
2023-07-04,BRK-B,488.0,491.51,488.0,490.08,12431052
2023-07-05,BRK-B,491.43,496.31,489.66,491.64,516526
2023-07-06,BRK-B,492.99,499.42,492.99,497.74,7819450
2023-07-07,BRK-B,498.52,503.4,498.52,502.57,8612638
2023-07-10,BRK-B,502.48,502.48,498.54,499.2,11023961
2023-07-11,BRK-B,500.57,501.52,499.2,500.11,12555253
2023-07-12,BRK-B,501.0,501.0,495.97,496.22,11430326
2023-07-13,BRK-B,493.95,494.18,490.65,493.58,5506022
2023-07-14,BRK-B,496.21,499.05,495.8,496.83,9307525
2023-07-17,BRK-B,497.74,499.49,497.74,498.65,9418905
2023-07-18,BRK-B,498.9,500.1,496.6,498.76,4470958
2023-07-19,BRK-B,500.32,501.09,495.26,496.75,14912134
2023-07-20,BRK-B,497.39,500.48,494.79,497.2,958588
2023-07-21,BRK-B,497.93,497.93,495.48,495.73,4344131
2023-07-24,BRK-B,495.43,499.02,495.43,498.61,11085189
2023-07-25,BRK-B,497.4,497.4,490.48,494.32,5960215
2023-07-26,BRK-B,495.07,497.18,492.41,496.37,3292352
2023-07-27,BRK-B,496.81,499.67,496.81,497.89,13815998
2023-07-28,BRK-B,495.21,495.36,493.77,494.1,11746583
2023-07-31,BRK-B,495.14,501.9,495.14,499.24,10168028
2023-08-01,BRK-B,496.99,503.62,496.99,501.65,6569009
2023-08-02,BRK-B,502.43,508.73,502.43,507.52,12033032
2023-08-03,BRK-B,506.94,511.08,506.94,508.74,6702524
2023-08-04,BRK-B,509.21,514.76,509.21,514.04,11322180
2023-08-07,BRK-B,512.9,512.9,503.43,506.41,7916651
2023-08-08,BRK-B,504.73,504.73,498.81,500.31,2385142
2023-08-09,BRK-B,501.38,501.38,497.57,497.63,2351433
2023-08-10,BRK-B,496.78,496.78,491.41,492.77,14784458
2023-08-11,BRK-B,492.29,498.96,492.29,495.97,10995910
2023-08-14,BRK-B,495.95,495.95,492.84,493.72,979759
2023-08-15,BRK-B,495.21,496.25,494.5,494.55,2298794
2023-08-16,BRK-B,495.7,495.7,488.49,489.3,11707644
2023-08-17,BRK-B,491.11,496.35,491.11,495.83,4598270
2023-08-18,BRK-B,496.51,499.93,493.46,494.99,14541858
2023-08-21,BRK-B,493.64,501.47,493.64,499.07,9169755
2023-08-22,BRK-B,496.88,497.68,496.88,497.51,9887020
2023-08-23,BRK-B,495.75,504.76,495.75,501.57,10018733
2023-08-24,BRK-B,500.82,504.82,499.76,502.59,7478049
2023-08-25,BRK-B,503.63,503.63,494.65,494.78,6837758
2023-08-28,BRK-B,494.87,499.07,494.87,497.33,12925751
2023-08-29,BRK-B,497.19,500.41,497.19,500.23,1155679
2023-08-30,BRK-B,500.21,505.0,500.21,503.05,4776836
2023-08-31,BRK-B,501.66,510.1,501.66,508.24,2345663
2023-09-01,BRK-B,506.82,515.9,506.82,514.58,10971813
2023-09-04,BRK-B,514.71,529.08,514.71,525.63,12902933
2023-09-05,BRK-B,527.88,527.88,524.71,525.49,12674688
2023-09-06,BRK-B,525.76,525.76,522.53,523.41,13544583
2023-09-07,BRK-B,525.56,526.72,524.31,525.81,12140705
2023-09-08,BRK-B,528.85,530.49,524.15,526.28,14308896
2023-09-11,BRK-B,524.93,524.93,517.39,518.52,9662346
2023-09-12,BRK-B,519.82,519.82,504.97,508.38,3180944
2023-09-13,BRK-B,509.51,509.51,504.19,504.92,12659668
2023-09-14,BRK-B,504.85,504.85,497.57,499.59,4468779
2023-09-15,BRK-B,500.38,507.63,500.38,505.27,7550297
2023-09-18,BRK-B,505.0,510.54,504.58,505.92,11192852
2023-09-19,BRK-B,505.33,507.06,505.33,506.98,11215480
2023-09-20,BRK-B,508.54,508.97,504.58,508.05,14602116
2023-09-21,BRK-B,506.62,510.19,506.62,508.8,8672530
2023-09-22,BRK-B,508.06,515.44,508.06,513.24,11359522
2023-09-25,BRK-B,513.28,518.28,513.28,517.02,7339430
2023-09-26,BRK-B,517.49,518.38,513.0,515.57,7693360
2023-09-27,BRK-B,514.41,518.31,514.41,518.04,1941386
2023-09-28,BRK-B,519.61,520.42,518.05,519.23,7861500
2023-09-29,BRK-B,519.01,519.01,514.07,515.44,13096876
2023-10-02,BRK-B,513.28,519.69,513.28,519.4,5231496
2023-10-03,BRK-B,521.1,522.6,520.16,520.95,9367032
2023-10-04,BRK-B,523.1,523.1,516.03,516.6,7534720
2023-10-05,BRK-B,516.25,516.25,504.97,508.34,7915027
2023-10-06,BRK-B,509.51,509.51,500.77,504.34,2247899
2023-10-09,BRK-B,506.1,508.61,506.1,507.87,7496972
2023-10-10,BRK-B,508.41,512.39,508.02,509.97,9574958
2023-10-11,BRK-B,508.09,513.93,508.09,511.21,12299961
2023-10-12,BRK-B,510.1,515.74,510.1,515.71,10816491
2023-10-13,BRK-B,519.64,519.64,515.66,519.01,11455864
2023-10-16,BRK-B,519.61,522.61,519.51,520.1,14698015
2023-10-17,BRK-B,520.75,524.95,520.75,524.55,1642902
2023-10-18,BRK-B,525.45,525.45,515.53,516.9,14704928
2023-10-19,BRK-B,516.03,516.2,513.38,514.71,4814668
2023-10-20,BRK-B,514.76,519.49,514.76,518.37,5255780
2023-10-23,BRK-B,519.14,519.14,513.66,514.17,7948988
2023-10-24,BRK-B,513.07,515.28,513.07,514.19,9426993
2023-10-25,BRK-B,512.29,514.7,511.89,512.01,10212583
2023-10-26,BRK-B,513.08,513.08,507.45,509.42,14545977
2023-10-27,BRK-B,510.13,511.01,509.27,510.85,9681762
2023-10-30,BRK-B,511.77,514.52,511.77,514.17,10798938
2023-10-31,BRK-B,512.82,522.35,512.82,519.39,14645895
2023-11-01,BRK-B,521.5,521.5,511.92,515.37,13692267
2023-11-02,BRK-B,518.69,524.53,518.69,524.4,14556436
2023-11-03,BRK-B,522.98,523.6,521.64,522.95,5046557
2023-11-06,BRK-B,523.58,523.58,520.04,520.44,8243584
2023-11-07,BRK-B,518.44,518.44,513.73,516.35,6060482
2023-11-08,BRK-B,518.56,518.56,510.95,513.32,11103423
2023-11-09,BRK-B,512.52,516.88,512.52,515.59,14551380
2023-11-10,BRK-B,513.98,514.51,511.98,513.92,9541722
2023-11-13,BRK-B,511.86,514.74,511.86,514.14,2951161
2023-11-14,BRK-B,509.33,523.01,509.33,521.41,2425084
2023-11-15,BRK-B,522.65,522.65,515.45,517.75,11202014
2023-11-16,BRK-B,517.18,521.45,516.67,519.2,14592740
2023-11-17,BRK-B,522.15,522.15,507.58,508.99,6504622
2023-11-20,BRK-B,507.3,510.68,505.57,506.31,13281222
2023-11-21,BRK-B,507.39,507.69,505.74,505.87,1024969
2023-11-22,BRK-B,506.32,506.32,498.93,499.44,7087298
2023-11-23,BRK-B,499.02,506.86,499.02,502.4,4330566
2023-11-24,BRK-B,505.2,509.45,505.2,507.38,12977209
2023-11-27,BRK-B,505.52,506.12,501.61,504.25,2621336
2023-11-28,BRK-B,505.02,505.02,490.03,491.98,8408472
2023-11-29,BRK-B,492.05,497.42,492.05,495.42,12172730
2023-11-30,BRK-B,495.03,497.18,494.81,495.19,14138106
2023-12-01,BRK-B,490.98,494.86,489.51,491.77,4698566
2023-12-04,BRK-B,491.61,498.23,491.61,493.47,4801801
2023-12-05,BRK-B,492.17,492.17,486.49,488.34,7595228
2023-12-06,BRK-B,488.87,491.41,488.18,489.96,13480697
2023-12-07,BRK-B,487.73,493.11,487.17,488.95,5441696
2023-12-08,BRK-B,490.57,501.67,490.57,499.9,2801916
2023-12-11,BRK-B,499.94,504.38,499.94,502.94,10140929
2023-12-12,BRK-B,504.95,505.74,504.13,505.01,10264889
2023-12-13,BRK-B,504.79,506.47,502.91,503.37,6899458
2023-12-14,BRK-B,504.72,513.09,504.72,513.08,9353776
2023-12-15,BRK-B,509.55,514.67,509.55,512.95,13037988
2023-12-18,BRK-B,512.61,513.24,507.54,511.67,10036135
2023-12-19,BRK-B,512.32,518.98,512.32,513.89,1046090
2023-12-20,BRK-B,514.22,524.4,514.22,523.05,2116099
2023-12-21,BRK-B,525.54,525.54,523.11,523.56,1246430
2023-12-22,BRK-B,527.36,527.36,521.32,522.84,9453647
2023-12-25,BRK-B,525.96,525.96,522.24,523.55,6531250
2023-12-26,BRK-B,524.2,524.2,516.75,518.44,10171348
2023-12-27,BRK-B,518.78,526.68,518.78,525.71,9608781
2023-12-28,BRK-B,525.15,528.92,525.15,528.3,10889443
2023-12-29,BRK-B,528.88,530.54,528.84,529.67,1879378
2024-01-01,BRK-B,527.28,531.92,527.28,530.84,2453717
2024-01-02,BRK-B,529.81,532.25,529.81,530.37,10065078
2024-01-03,BRK-B,529.62,541.68,529.62,541.23,14729107
2024-01-04,BRK-B,539.63,551.89,539.63,549.61,6694304
2024-01-05,BRK-B,549.57,550.12,547.59,548.48,1705353
2024-01-08,BRK-B,548.73,553.85,548.73,551.15,5244053
2024-01-09,BRK-B,549.52,561.6,549.52,560.76,9464048
2024-01-10,BRK-B,560.72,560.72,554.02,555.71,9504461
2024-01-11,BRK-B,556.51,558.47,555.01,557.01,4851936
2024-01-12,BRK-B,558.97,566.77,558.97,565.05,14275332
2024-01-15,BRK-B,565.2,570.69,565.2,569.22,4554484
2024-01-16,BRK-B,568.15,570.4,564.27,568.66,2700658
2024-01-17,BRK-B,567.61,575.97,567.61,574.33,4493823
2024-01-18,BRK-B,571.93,575.53,569.15,573.51,1692497
2024-01-19,BRK-B,571.36,584.8,571.36,583.21,14892663
2024-01-22,BRK-B,584.3,584.3,580.75,582.49,13623914
2024-01-23,BRK-B,579.31,593.65,579.31,592.79,3644720
2024-01-24,BRK-B,592.5,592.5,587.59,588.75,4918084
2024-01-25,BRK-B,591.44,601.72,591.44,600.54,6391289
2024-01-26,BRK-B,598.31,607.64,598.31,605.25,11228926
2024-01-29,BRK-B,607.01,607.01,595.72,597.13,4288785
2024-01-30,BRK-B,598.69,598.69,594.81,596.75,14799816
2024-01-31,BRK-B,596.88,596.88,590.25,592.57,11010400
2024-02-01,BRK-B,591.24,591.24,587.13,588.3,6178742
2024-02-02,BRK-B,589.36,592.94,586.61,591.18,12420693
2024-02-05,BRK-B,587.98,589.16,582.65,584.87,13262829
2024-02-06,BRK-B,584.68,584.68,577.41,582.4,5114958
2024-02-07,BRK-B,583.76,592.59,583.76,586.61,8533689
2024-02-08,BRK-B,586.09,586.09,575.05,580.64,12825026
2024-02-09,BRK-B,580.8,584.46,579.86,581.9,8800527
2024-02-12,BRK-B,581.26,581.46,577.22,579.91,10070505
2024-02-13,BRK-B,582.54,585.62,582.54,584.0,12863691
2024-02-14,BRK-B,583.57,583.57,580.38,581.9,5102163
2024-02-15,BRK-B,581.38,581.84,574.61,578.37,5569126
2024-02-16,BRK-B,578.54,589.19,578.54,588.19,12954229
2024-02-19,BRK-B,587.48,587.48,582.65,584.07,5917486
2024-02-20,BRK-B,585.01,586.48,580.85,584.26,839602
2024-02-21,BRK-B,583.48,587.28,582.33,586.11,3815901
2024-02-22,BRK-B,587.98,587.98,586.59,586.89,7215128
2024-02-23,BRK-B,587.31,587.31,578.23,579.1,13081450
2024-02-26,BRK-B,576.74,588.7,576.74,585.45,13162138
2024-02-27,BRK-B,587.58,587.58,585.83,586.41,10070143
2024-02-28,BRK-B,587.86,599.32,587.86,597.63,8018508
2024-02-29,BRK-B,596.57,607.95,596.57,605.99,5631251
2024-03-01,BRK-B,605.44,605.44,591.97,592.8,14107049
2024-03-04,BRK-B,591.88,598.64,591.88,598.4,14941424
2024-03-05,BRK-B,597.44,597.44,589.3,591.75,7576773
2024-03-06,BRK-B,593.36,593.36,583.14,586.2,11785531
2024-03-07,BRK-B,585.73,590.69,585.73,588.41,13693677
2024-03-08,BRK-B,585.7,596.54,585.7,595.92,14498188
2024-03-11,BRK-B,594.16,601.44,594.16,601.38,5656812
2024-03-12,BRK-B,601.75,602.78,600.61,601.79,3385351
2024-03-13,BRK-B,599.68,607.19,599.68,604.05,10791932
2024-03-14,BRK-B,604.14,613.53,604.14,610.64,7869297
2024-03-15,BRK-B,607.09,620.89,607.09,618.82,12251714
2024-03-18,BRK-B,618.83,625.31,618.83,622.91,9775428
2024-03-19,BRK-B,624.13,624.8,618.33,621.61,3867289
2024-03-20,BRK-B,620.12,629.36,620.12,626.01,6900450
2024-03-21,BRK-B,624.11,631.48,624.11,630.88,11249088
2024-03-22,BRK-B,628.51,635.24,628.51,634.32,4889354
2024-03-25,BRK-B,634.42,638.47,631.09,635.91,7465254
2024-03-26,BRK-B,636.54,636.54,629.79,631.93,1104403
2024-03-27,BRK-B,633.85,635.68,630.07,632.13,4149135
2024-03-28,BRK-B,633.63,633.63,627.51,629.38,4999263
2024-03-29,BRK-B,625.77,627.38,625.59,627.04,7546065
2024-04-01,BRK-B,626.91,635.32,626.91,634.18,10343345
2024-04-02,BRK-B,630.68,630.68,625.47,626.81,6152538
2024-04-03,BRK-B,627.32,627.32,618.01,619.6,6032325
2024-04-04,BRK-B,617.41,626.41,617.41,623.71,4806319
2024-04-05,BRK-B,624.44,625.24,621.23,622.93,13239745
2024-04-08,BRK-B,621.89,631.33,621.89,629.17,14398201
2024-04-09,BRK-B,629.31,634.96,629.31,633.49,9902763
2024-04-10,BRK-B,630.21,634.72,630.21,631.16,11178124
2024-04-11,BRK-B,630.74,635.04,630.74,633.84,3753027
2024-04-12,BRK-B,633.83,637.08,633.83,636.95,1429235
2024-04-15,BRK-B,636.74,636.74,630.84,632.88,12909844
2024-04-16,BRK-B,635.4,639.18,635.4,638.78,13262702
2024-04-17,BRK-B,639.21,639.85,632.98,636.08,12520651
2024-04-18,BRK-B,637.0,638.12,635.74,637.56,4914381
2024-04-19,BRK-B,635.21,635.21,631.08,631.82,9710680
2024-04-22,BRK-B,631.12,633.59,630.09,630.64,8653719
2024-04-23,BRK-B,631.91,631.91,625.54,625.64,14701120
2024-04-24,BRK-B,623.83,638.6,623.83,637.55,9717712
2024-04-25,BRK-B,639.09,643.1,639.09,640.75,6705569
2024-04-26,BRK-B,639.7,639.7,635.12,635.86,13010521
2024-04-29,BRK-B,636.38,636.38,633.54,635.08,2999012
2024-04-30,BRK-B,634.16,640.9,634.16,640.72,12728013
2024-05-01,BRK-B,641.9,641.9,637.33,637.9,1023816
2024-05-02,BRK-B,639.45,639.45,629.94,632.99,11555035
2024-05-03,BRK-B,632.17,637.62,626.8,632.95,14381526
2024-05-06,BRK-B,633.13,639.12,633.13,637.03,9866091
2024-05-07,BRK-B,633.61,640.61,633.61,639.29,5665508
2024-05-08,BRK-B,635.31,646.39,635.31,644.83,5854836
2024-05-09,BRK-B,641.88,641.88,638.11,640.6,9300405
2024-05-10,BRK-B,644.17,644.17,638.92,641.01,8632539
2024-05-13,BRK-B,638.28,645.51,638.28,645.1,9007171
2024-05-14,BRK-B,643.13,643.13,639.69,640.08,2042499
2024-05-15,BRK-B,642.76,642.76,633.18,636.02,11525499
2024-05-16,BRK-B,636.41,648.35,636.41,646.27,2450919
2024-05-17,BRK-B,647.24,652.12,647.24,651.52,10470128
2024-05-20,BRK-B,652.74,656.19,652.74,655.95,8983289
2024-05-21,BRK-B,653.49,662.67,653.49,661.52,9414703
2024-05-22,BRK-B,664.07,664.07,658.85,660.21,14666445
2024-05-23,BRK-B,661.96,661.96,658.44,659.12,12096730
2024-05-24,BRK-B,659.18,659.79,657.16,658.49,12435673
2024-05-27,BRK-B,659.48,660.44,657.92,657.95,5708564
2024-05-28,BRK-B,659.27,667.12,659.27,666.39,6137016
2024-05-29,BRK-B,664.63,665.82,659.04,664.63,14870455
2024-05-30,BRK-B,665.71,665.71,660.19,661.82,5564904
2024-05-31,BRK-B,661.83,661.83,659.33,661.05,5407772
2024-06-03,BRK-B,663.31,665.68,662.27,662.32,840574
2024-06-04,BRK-B,661.29,668.14,661.29,668.08,13927609
2024-06-05,BRK-B,667.42,667.42,655.25,659.49,2671554
2024-06-06,BRK-B,660.97,660.97,649.65,650.56,3214326
2024-06-07,BRK-B,650.43,650.43,643.5,644.79,2632773
2024-06-10,BRK-B,644.79,648.42,644.79,647.17,1018454
2024-06-11,BRK-B,648.7,649.02,646.68,648.12,14067062
2024-06-12,BRK-B,647.0,655.0,647.0,651.17,4458684
2024-06-13,BRK-B,650.43,650.43,646.49,648.12,10454728
2024-06-14,BRK-B,650.13,652.47,650.13,651.7,6342417
2024-06-17,BRK-B,649.31,654.61,649.31,652.14,13085667
2024-06-18,BRK-B,651.67,651.67,645.78,646.48,1857632
2024-06-19,BRK-B,645.01,659.62,645.01,656.93,9861299
2024-06-20,BRK-B,658.6,658.6,655.17,656.63,7277132
2024-06-21,BRK-B,656.75,658.27,647.86,654.42,7922065
2024-06-24,BRK-B,653.68,661.52,653.16,657.09,3744650
2024-06-25,BRK-B,659.23,659.23,644.65,646.58,5889666
2024-06-26,BRK-B,647.56,647.56,643.16,643.62,739995
2024-06-27,BRK-B,644.76,645.11,639.82,642.62,3283123
2024-06-28,BRK-B,642.27,650.9,642.27,648.73,2194211
2024-07-01,BRK-B,646.46,651.72,646.46,651.45,919004
2024-07-02,BRK-B,652.42,654.12,648.71,650.17,5443044
2024-07-03,BRK-B,650.75,657.98,647.74,650.14,7749793
2024-07-04,BRK-B,650.63,652.51,650.63,651.76,5568143
2024-07-05,BRK-B,651.53,653.29,648.93,653.05,8724542
2024-07-08,BRK-B,652.82,652.82,648.51,648.68,5243149
2024-07-09,BRK-B,649.96,649.96,647.4,647.9,12165005
2024-07-10,BRK-B,647.43,647.43,642.84,644.1,10846281
2024-07-11,BRK-B,642.46,648.55,642.46,645.67,4108527
2024-07-12,BRK-B,645.09,645.09,638.45,641.0,5092648
2024-07-15,BRK-B,640.36,640.36,634.27,638.13,14057463
2024-07-16,BRK-B,641.7,641.7,630.81,633.17,8520241
2024-07-17,BRK-B,633.27,641.79,633.27,639.77,7120590
2024-07-18,BRK-B,640.04,656.37,640.04,650.58,10391370
2024-07-19,BRK-B,647.75,647.75,643.28,643.86,790270
2024-07-22,BRK-B,642.7,647.29,642.7,646.63,1321324
2024-07-23,BRK-B,645.18,657.07,645.18,656.13,6412323
2024-07-24,BRK-B,656.49,656.49,650.61,653.81,14194833
2024-07-25,BRK-B,652.71,654.47,652.71,653.72,5160348
2024-07-26,BRK-B,655.52,655.52,643.88,646.92,8544975
2024-07-29,BRK-B,647.42,647.42,643.89,644.91,12945486
2024-07-30,BRK-B,645.86,660.14,645.86,658.18,14542563
2024-07-31,BRK-B,661.94,661.94,655.7,656.35,9481233
2024-08-01,BRK-B,656.39,656.39,649.16,651.84,13415961
2024-08-02,BRK-B,652.32,657.61,648.29,655.98,8650251
2024-08-05,BRK-B,655.25,655.25,650.74,651.67,13821209
2024-08-06,BRK-B,650.76,659.52,650.76,657.26,3953334
2024-08-07,BRK-B,658.53,660.68,652.01,656.53,4261526
2024-08-08,BRK-B,655.49,658.44,653.5,653.93,7277319
2024-08-09,BRK-B,653.59,653.59,640.37,641.32,6100270
2024-08-12,BRK-B,640.43,640.43,636.58,640.09,8581201
2024-08-13,BRK-B,641.75,641.75,627.08,630.26,3691995
2024-08-14,BRK-B,628.79,631.97,626.52,629.84,6884719
2024-08-15,BRK-B,631.6,637.95,631.6,637.52,2907408
2024-08-16,BRK-B,637.4,643.74,637.4,642.79,5331925
2024-08-19,BRK-B,639.87,644.26,639.87,641.9,9945321
2024-08-20,BRK-B,644.09,648.18,643.21,645.81,12165678
2024-08-21,BRK-B,646.96,651.01,642.71,643.95,7580526
2024-08-22,BRK-B,643.23,648.17,643.23,647.07,931898
2024-08-23,BRK-B,648.45,648.45,642.36,643.14,14591673
2024-08-26,BRK-B,641.37,641.37,634.26,635.13,3125416
2024-08-27,BRK-B,637.86,637.86,625.91,627.77,14012943
2024-08-28,BRK-B,628.22,633.25,626.1,630.85,9230144
2024-08-29,BRK-B,629.38,631.67,629.38,630.61,9756887
2024-08-30,BRK-B,631.63,631.63,628.2,629.52,11294388
2024-09-02,BRK-B,630.53,630.53,623.85,626.53,8393248
2024-09-03,BRK-B,626.54,626.54,622.65,623.18,7608161
2024-09-04,BRK-B,623.04,623.04,617.54,618.23,4131595
2024-09-05,BRK-B,617.98,625.94,617.98,624.8,2418528
2024-09-06,BRK-B,625.16,625.16,621.71,623.2,11243592
2024-09-09,BRK-B,624.3,624.3,621.21,621.23,864454
2024-09-10,BRK-B,622.78,622.78,612.52,613.16,11304518
2024-09-11,BRK-B,612.61,612.75,606.33,609.21,4053544
2024-09-12,BRK-B,609.22,610.06,607.05,609.51,7611842
2024-09-13,BRK-B,608.36,618.01,608.36,611.16,9746748
2024-09-16,BRK-B,613.61,615.99,613.61,615.32,6327485
2024-09-17,BRK-B,616.04,623.23,616.04,622.96,7995024
2024-09-18,BRK-B,625.44,629.01,622.01,628.05,10843093
2024-09-19,BRK-B,624.43,624.43,617.79,622.08,1920931
2024-09-20,BRK-B,621.62,621.62,612.96,615.53,6382486
2024-09-23,BRK-B,613.98,617.11,610.04,613.83,7323186
2024-09-24,BRK-B,614.58,614.58,611.16,612.29,10503243
2024-09-25,BRK-B,610.0,626.32,610.0,623.16,4062872
2024-09-26,BRK-B,623.41,623.41,620.47,621.63,13908359
2024-09-27,BRK-B,621.04,624.12,621.04,623.43,4915516
2024-09-30,BRK-B,621.97,630.24,621.97,625.91,11959059
2024-10-01,BRK-B,626.38,627.63,623.32,624.12,6743287
2024-10-02,BRK-B,623.29,623.29,615.05,617.58,1438640
2024-10-03,BRK-B,618.03,622.31,615.72,617.71,11021298
2024-10-04,BRK-B,615.59,620.41,613.81,614.5,7173522
2024-10-07,BRK-B,612.96,624.55,612.96,621.75,13279462
2024-10-08,BRK-B,620.04,627.84,620.04,627.25,14695433
2024-10-09,BRK-B,628.67,628.67,612.14,618.57,9935516
2024-10-10,BRK-B,619.34,623.05,615.85,621.97,12695139
2024-10-11,BRK-B,620.49,626.34,620.49,624.13,12585463
2024-10-14,BRK-B,623.78,632.77,623.78,629.82,4421353
2024-10-15,BRK-B,627.3,627.3,619.81,621.02,10398443
2024-10-16,BRK-B,619.19,624.54,619.19,623.76,7633476
2024-10-17,BRK-B,624.08,624.08,618.79,620.24,11837275
2024-10-18,BRK-B,620.35,624.07,619.24,622.89,1752897
2024-10-21,BRK-B,627.59,627.59,613.17,614.48,830951
2024-10-22,BRK-B,615.97,623.66,615.97,622.3,12010418
2024-10-23,BRK-B,623.48,623.48,616.22,618.84,841233
2024-10-24,BRK-B,622.38,623.76,619.52,619.99,11322298
2024-10-25,BRK-B,618.63,624.17,618.63,623.31,4097732
2024-10-28,BRK-B,623.5,625.79,620.04,622.94,10198812
2024-10-29,BRK-B,619.2,626.07,619.2,623.45,13391158
2024-10-30,BRK-B,624.11,624.11,612.49,615.62,7689215
2024-10-31,BRK-B,615.79,617.17,614.3,616.42,7695934
2024-11-01,BRK-B,614.34,621.55,614.34,620.61,14625797
2024-11-04,BRK-B,616.66,617.53,614.56,616.66,1692962
2024-11-05,BRK-B,617.33,622.04,617.33,621.75,11550747
2024-11-06,BRK-B,620.13,622.24,618.91,621.93,7826038
2024-11-07,BRK-B,619.9,619.9,612.8,615.45,12871262
2024-11-08,BRK-B,614.22,619.45,611.96,614.23,1764133
2024-11-11,BRK-B,612.47,616.31,611.2,613.41,14226575
2024-11-12,BRK-B,613.27,621.21,613.27,617.47,8491682
2024-11-13,BRK-B,616.37,616.37,608.8,610.01,11418960
2024-11-14,BRK-B,612.68,620.01,612.68,619.25,9243208
2024-11-15,BRK-B,618.45,621.46,618.45,620.37,10169534
2024-11-18,BRK-B,622.17,622.17,617.03,618.15,6914920
2024-11-19,BRK-B,619.76,619.76,617.79,618.07,9369395
2024-11-20,BRK-B,617.22,617.22,607.09,609.82,13354616
2024-11-21,BRK-B,610.22,610.22,604.54,608.12,7493957
2024-11-22,BRK-B,610.81,613.09,609.02,610.65,13927691
2024-11-25,BRK-B,609.7,609.7,603.33,603.56,8950037
2024-11-26,BRK-B,602.58,618.52,602.58,617.44,12414982
2024-11-27,BRK-B,615.65,625.51,615.65,625.25,6168902
2024-11-28,BRK-B,621.3,632.5,621.3,632.18,2117874
2024-11-29,BRK-B,631.26,634.16,627.78,630.02,8011244
2024-12-02,BRK-B,632.35,644.16,632.35,640.89,13510181
2024-12-03,BRK-B,641.55,641.55,632.85,637.8,13025208
2024-12-04,BRK-B,636.46,636.46,631.05,632.34,7298776
2024-12-05,BRK-B,632.31,632.31,623.41,625.07,8294204
2024-12-06,BRK-B,624.8,628.19,623.3,625.78,7278712
2024-12-09,BRK-B,626.82,627.42,626.15,627.26,10382671
2024-12-10,BRK-B,626.03,629.52,623.95,627.58,6420437
2024-12-11,BRK-B,626.88,632.05,626.88,631.01,12102414
2024-12-12,BRK-B,630.83,630.83,625.92,627.82,13969200
2024-12-13,BRK-B,627.35,630.53,627.35,630.4,10383044
2024-12-16,BRK-B,629.65,631.48,629.15,630.92,8105273
2024-12-17,BRK-B,629.37,629.37,622.37,623.63,13467982
2024-12-18,BRK-B,626.15,626.15,616.29,617.36,560234
2024-12-19,BRK-B,618.72,618.72,602.78,605.21,6364194
2024-12-20,BRK-B,606.22,606.22,600.44,603.04,785268
2024-12-23,BRK-B,601.63,601.63,591.6,597.19,9158580
2024-12-24,BRK-B,597.23,604.76,597.23,603.6,1118442
2024-12-25,BRK-B,602.64,608.08,602.64,606.33,13138517
2024-12-26,BRK-B,605.88,605.88,593.67,598.59,10031395
2024-12-27,BRK-B,597.57,597.57,592.52,592.55,5951872
2024-12-30,BRK-B,591.65,592.32,591.01,591.54,7868618
2024-12-31,BRK-B,591.25,591.25,581.45,581.64,6492239
2022-01-03,JNJ,170.2,172.71,170.2,172.62,11162052
2022-01-04,JNJ,172.25,174.21,172.25,172.98,3766885
2022-01-05,JNJ,172.61,172.61,169.53,170.34,3131206
2022-01-06,JNJ,170.05,171.06,170.05,170.58,8735535
2022-01-07,JNJ,171.07,171.07,169.6,170.05,3525847
2022-01-10,JNJ,170.75,170.75,170.01,170.01,11649838
2022-01-11,JNJ,169.56,169.56,168.18,168.24,7208762
2022-01-12,JNJ,168.05,171.58,168.05,171.47,3700481
2022-01-13,JNJ,172.23,172.23,170.36,171.06,4272389
2022-01-14,JNJ,170.44,171.59,170.44,171.15,5998359
2022-01-17,JNJ,170.47,170.76,169.4,170.1,5737579
2022-01-18,JNJ,170.5,170.5,167.09,167.33,9037748
2022-01-19,JNJ,167.16,167.27,166.89,167.05,4273933
2022-01-20,JNJ,166.8,166.8,165.84,166.28,5567599
2022-01-21,JNJ,166.32,166.78,166.32,166.52,6113010
2022-01-24,JNJ,165.88,165.98,164.68,164.99,11499361
2022-01-25,JNJ,164.99,165.28,164.05,164.46,12495424
2022-01-26,JNJ,164.87,164.87,162.95,163.36,5943941
2022-01-27,JNJ,163.46,165.3,163.46,164.49,8837337
2022-01-28,JNJ,164.02,164.02,161.54,162.32,5032220
2022-01-31,JNJ,162.2,162.48,162.2,162.4,11637430
2022-02-01,JNJ,161.9,162.79,161.9,162.46,1395694
2022-02-02,JNJ,162.66,163.45,162.66,163.1,12140574
2022-02-03,JNJ,163.29,163.29,162.15,162.65,10358287
2022-02-04,JNJ,162.4,164.52,162.4,163.91,7133126
2022-02-07,JNJ,164.1,165.49,164.1,164.99,7457376
2022-02-08,JNJ,165.62,168.66,165.62,168.61,5141545
2022-02-09,JNJ,168.62,169.63,168.53,168.95,2208417
2022-02-10,JNJ,169.13,169.38,167.5,168.37,6816100
2022-02-11,JNJ,168.47,168.47,166.39,166.98,6577674
2022-02-14,JNJ,167.28,167.28,165.96,166.44,5373090
2022-02-15,JNJ,166.02,167.91,166.02,167.23,4868979
2022-02-16,JNJ,167.04,167.29,166.92,167.11,9828080
2022-02-17,JNJ,166.66,169.99,166.66,169.29,13439481
2022-02-18,JNJ,168.75,170.61,168.75,170.22,1886871
2022-02-21,JNJ,169.71,170.41,169.71,170.33,7151660
2022-02-22,JNJ,169.66,169.66,168.56,169.51,14055429
2022-02-23,JNJ,169.82,169.82,167.7,167.98,5134394
2022-02-24,JNJ,167.97,170.44,167.97,170.43,10853288
2022-02-25,JNJ,170.64,171.5,170.49,170.99,8328601
2022-02-28,JNJ,170.81,173.09,170.81,173.07,3328798
2022-03-01,JNJ,173.22,173.22,170.97,171.59,13361327
2022-03-02,JNJ,172.34,173.07,171.73,172.09,7203842
2022-03-03,JNJ,172.09,173.1,172.09,172.74,960988
2022-03-04,JNJ,172.12,172.12,171.39,171.65,6541693
2022-03-07,JNJ,170.99,171.86,170.99,171.4,12430832
2022-03-08,JNJ,171.86,173.66,171.86,172.51,1301946
2022-03-09,JNJ,172.8,172.94,172.39,172.9,1572333
2022-03-10,JNJ,172.61,174.04,172.61,173.79,9138682
2022-03-11,JNJ,173.64,175.12,173.64,174.88,2852947
2022-03-14,JNJ,174.35,176.17,174.35,175.14,9199628
2022-03-15,JNJ,174.85,176.96,174.85,176.69,5955341
2022-03-16,JNJ,176.77,176.77,175.6,175.64,6440500
2022-03-17,JNJ,175.69,175.69,173.72,174.0,12972175
2022-03-18,JNJ,173.53,174.51,173.14,174.18,8668316
2022-03-21,JNJ,173.87,173.87,173.24,173.3,13496330
2022-03-22,JNJ,173.6,173.88,173.54,173.58,3649542
2022-03-23,JNJ,173.16,173.28,172.31,172.78,13059543
2022-03-24,JNJ,173.55,173.55,172.33,172.63,3925740
2022-03-25,JNJ,172.24,172.24,171.17,171.4,7977269
2022-03-28,JNJ,171.5,174.6,171.5,174.36,14019827
2022-03-29,JNJ,173.86,175.57,173.6,174.94,2264691
2022-03-30,JNJ,174.18,177.25,174.18,176.41,4127850
2022-03-31,JNJ,175.62,177.19,175.62,177.11,2522207
2022-04-01,JNJ,176.29,176.72,176.29,176.6,9004337
2022-04-04,JNJ,176.39,178.29,176.39,177.84,11854182
2022-04-05,JNJ,178.3,178.3,176.87,177.16,3187375
2022-04-06,JNJ,176.88,178.54,176.06,176.94,12581647
2022-04-07,JNJ,177.65,178.26,177.12,177.13,2716599
2022-04-08,JNJ,177.97,177.97,176.64,176.98,5759853
2022-04-11,JNJ,176.48,177.1,175.43,175.6,6412028
2022-04-12,JNJ,175.66,175.66,173.56,174.48,2536662
2022-04-13,JNJ,174.23,176.96,174.23,176.57,4779703
2022-04-14,JNJ,176.74,178.41,176.74,177.15,14236971
2022-04-15,JNJ,176.96,176.96,174.79,174.93,14555989
2022-04-18,JNJ,174.73,176.09,174.73,175.97,2885150
2022-04-19,JNJ,175.64,177.76,175.64,177.59,1487830
2022-04-20,JNJ,177.88,179.58,177.88,179.04,12232053
2022-04-21,JNJ,179.21,179.94,178.4,178.87,12359832
2022-04-22,JNJ,179.22,179.39,178.37,179.36,1758918
2022-04-25,JNJ,179.52,181.1,179.52,180.97,9576842
2022-04-26,JNJ,180.81,180.81,179.34,179.55,12730773
2022-04-27,JNJ,179.82,180.06,179.69,179.93,14445429
2022-04-28,JNJ,180.04,180.31,179.04,179.78,5060488
2022-04-29,JNJ,179.25,181.98,179.25,180.69,14519896
2022-05-02,JNJ,180.16,182.79,180.16,182.56,9971470
2022-05-03,JNJ,183.05,184.21,181.91,182.59,6369598
2022-05-04,JNJ,182.5,185.74,182.5,185.57,14646103
2022-05-05,JNJ,185.5,185.5,181.35,181.48,9974772
2022-05-06,JNJ,182.25,182.25,178.4,179.28,7672622
2022-05-09,JNJ,179.35,179.35,175.83,176.34,13390504
2022-05-10,JNJ,176.15,176.15,174.9,175.06,8155944
2022-05-11,JNJ,175.51,175.73,174.46,174.99,5548485
2022-05-12,JNJ,174.97,174.97,173.36,173.6,7046134
2022-05-13,JNJ,173.63,174.51,173.39,174.26,9809293
2022-05-16,JNJ,174.47,174.47,171.56,172.46,11096917
2022-05-17,JNJ,172.31,173.19,172.31,173.1,8064416
2022-05-18,JNJ,172.4,174.87,172.4,174.58,11826806
2022-05-19,JNJ,174.7,176.62,174.7,176.36,7920301
2022-05-20,JNJ,175.83,176.33,174.86,175.46,13693920
2022-05-23,JNJ,175.81,175.81,174.39,174.42,13569767
2022-05-24,JNJ,174.14,174.61,173.09,174.32,10599441
2022-05-25,JNJ,174.41,174.41,172.15,172.47,9263486
2022-05-26,JNJ,172.22,172.58,171.7,171.94,1473868
2022-05-27,JNJ,172.39,172.39,168.68,168.69,10276829
2022-05-30,JNJ,168.13,170.14,168.13,169.54,4915127
2022-05-31,JNJ,169.67,169.99,169.33,169.73,14929918
2022-06-01,JNJ,169.73,171.18,169.73,170.62,10873310
2022-06-02,JNJ,170.91,172.33,170.91,171.96,1890159
2022-06-03,JNJ,172.25,173.84,172.25,173.5,12474308
2022-06-06,JNJ,173.33,176.57,173.33,175.62,13520994
2022-06-07,JNJ,176.53,176.53,174.11,174.74,9682959
2022-06-08,JNJ,175.16,175.16,173.32,173.43,12685478
2022-06-09,JNJ,173.7,174.99,173.7,174.17,13866837
2022-06-10,JNJ,175.0,175.13,173.56,174.51,12722146
2022-06-13,JNJ,174.55,175.22,173.94,174.32,7705505
2022-06-14,JNJ,174.59,174.59,171.09,171.48,12003687
2022-06-15,JNJ,171.57,171.57,169.76,170.04,1205213
2022-06-16,JNJ,169.9,169.9,166.62,167.57,12029935
2022-06-17,JNJ,167.48,167.76,166.72,167.51,12544583
2022-06-20,JNJ,167.17,171.73,167.17,170.98,4845785
2022-06-21,JNJ,171.38,171.38,169.74,170.04,8752466
2022-06-22,JNJ,170.09,172.37,170.09,171.77,5708007
2022-06-23,JNJ,172.07,172.95,171.2,172.17,14884410
2022-06-24,JNJ,171.53,173.66,171.53,173.32,8921365
2022-06-27,JNJ,173.54,173.54,170.21,170.99,10697935
2022-06-28,JNJ,170.75,172.4,170.75,172.19,960314
2022-06-29,JNJ,172.16,172.16,171.47,171.77,8108364
2022-06-30,JNJ,171.32,171.32,170.73,170.81,705300
2022-07-01,JNJ,170.54,171.67,170.54,171.4,11533939
2022-07-04,JNJ,170.97,174.23,170.97,173.65,3951410
2022-07-05,JNJ,173.29,175.2,173.29,174.4,11340910
2022-07-06,JNJ,174.71,174.71,172.03,172.59,3590059
2022-07-07,JNJ,173.06,173.06,171.24,171.65,11009690
2022-07-08,JNJ,171.97,171.97,169.36,169.73,9082591
2022-07-11,JNJ,170.72,172.14,170.72,171.45,5224706
2022-07-12,JNJ,171.66,171.66,170.4,170.69,5306855
2022-07-13,JNJ,170.39,170.39,169.71,169.87,11494123
2022-07-14,JNJ,169.74,172.57,169.74,172.34,3190418
2022-07-15,JNJ,172.81,172.81,171.99,172.25,7366816
2022-07-18,JNJ,172.18,172.37,171.41,172.0,11081740
2022-07-19,JNJ,172.36,172.36,169.92,170.31,5347736
2022-07-20,JNJ,170.56,170.56,169.82,169.83,1872522
2022-07-21,JNJ,169.92,169.92,168.62,168.62,996333
2022-07-22,JNJ,168.25,170.83,168.25,170.39,7489986
2022-07-25,JNJ,170.03,170.6,169.08,169.77,5916488
2022-07-26,JNJ,169.31,169.31,168.04,168.12,13242369
2022-07-27,JNJ,167.21,170.91,167.21,170.19,5938854
2022-07-28,JNJ,170.05,170.05,167.6,168.58,13351052
2022-07-29,JNJ,168.64,168.64,166.91,167.1,11295131
2022-08-01,JNJ,167.01,167.01,165.54,165.96,14035833
2022-08-02,JNJ,166.19,166.19,164.55,164.59,8945162
2022-08-03,JNJ,164.94,164.94,163.97,164.5,10033513
2022-08-04,JNJ,164.46,165.12,163.96,164.54,8924317
2022-08-05,JNJ,164.21,165.7,164.21,165.55,7643376
2022-08-08,JNJ,165.33,166.23,165.33,165.54,10384648
2022-08-09,JNJ,166.1,166.1,165.08,165.09,7734700
2022-08-10,JNJ,164.92,164.92,162.41,163.3,2537470
2022-08-11,JNJ,163.35,163.35,161.1,161.25,4599723
2022-08-12,JNJ,161.02,162.21,161.02,161.71,3359734
2022-08-15,JNJ,162.23,162.23,158.68,158.73,14384577
2022-08-16,JNJ,159.21,159.21,158.67,158.86,4006345
2022-08-17,JNJ,158.95,158.95,156.76,157.09,2831340
2022-08-18,JNJ,157.17,157.17,156.7,156.79,5323455
2022-08-19,JNJ,156.28,156.29,154.96,155.41,12202808
2022-08-22,JNJ,155.59,155.59,152.57,153.68,5977979
2022-08-23,JNJ,154.34,155.05,154.26,154.91,1172991
2022-08-24,JNJ,154.59,154.77,153.92,154.55,3804501
2022-08-25,JNJ,155.09,155.09,152.86,153.8,7259650
2022-08-26,JNJ,153.41,154.76,153.3,154.47,8513729
2022-08-29,JNJ,154.72,155.11,154.15,154.26,3553005
2022-08-30,JNJ,154.0,155.01,154.0,154.93,10063671
2022-08-31,JNJ,154.81,155.18,154.81,155.12,3004573
2022-09-01,JNJ,154.92,155.32,154.81,155.17,1767922
2022-09-02,JNJ,155.24,155.24,153.99,154.47,11135586
2022-09-05,JNJ,154.55,154.94,154.32,154.58,7587306
2022-09-06,JNJ,153.96,156.28,153.96,156.06,13300269
2022-09-07,JNJ,156.44,157.15,156.39,156.88,7431071
2022-09-08,JNJ,156.18,158.24,156.18,157.93,1708691
2022-09-09,JNJ,157.64,157.64,155.92,156.56,3362788
2022-09-12,JNJ,155.76,157.21,155.76,156.58,11837163
2022-09-13,JNJ,157.07,157.07,154.51,155.13,7189514
2022-09-14,JNJ,154.75,156.73,154.75,156.55,7941721
2022-09-15,JNJ,156.86,157.95,156.67,157.73,5411640
2022-09-16,JNJ,158.23,158.32,157.52,158.11,7249146
2022-09-19,JNJ,157.67,158.53,156.98,157.92,5264822
2022-09-20,JNJ,158.38,160.61,158.38,159.83,14504687
2022-09-21,JNJ,159.05,159.72,158.43,158.94,6098503
2022-09-22,JNJ,158.68,158.68,158.25,158.32,14424959
2022-09-23,JNJ,157.9,159.4,157.9,159.05,13053454
2022-09-26,JNJ,159.12,159.44,158.48,159.1,5802916
2022-09-27,JNJ,158.62,160.89,158.62,159.84,14848435
2022-09-28,JNJ,159.77,162.64,159.77,162.14,4846361
2022-09-29,JNJ,161.99,164.19,161.99,163.76,3224889
2022-09-30,JNJ,163.75,163.75,161.44,161.76,8988019
2022-10-03,JNJ,162.32,162.32,161.48,161.49,13830478
2022-10-04,JNJ,161.55,161.55,160.31,160.48,5462494
2022-10-05,JNJ,160.48,162.12,160.48,161.58,13843252
2022-10-06,JNJ,161.65,164.68,161.65,164.28,11724098
2022-10-07,JNJ,164.83,166.44,164.83,165.91,9001504
2022-10-10,JNJ,165.76,167.46,165.76,167.0,6005196
2022-10-11,JNJ,167.03,167.21,165.62,166.15,5664276
2022-10-12,JNJ,166.13,166.13,163.95,164.65,5082745
2022-10-13,JNJ,165.24,165.24,162.77,163.18,11075783
2022-10-14,JNJ,162.77,164.14,162.62,163.33,11526507
2022-10-17,JNJ,162.98,162.99,161.54,162.92,10656019
2022-10-18,JNJ,162.64,162.64,161.46,161.71,5644506
2022-10-19,JNJ,161.84,162.76,161.74,161.76,5243454
2022-10-20,JNJ,161.55,161.55,160.63,160.87,10873839
2022-10-21,JNJ,160.8,160.8,158.43,158.54,14151483
2022-10-24,JNJ,158.76,159.56,158.74,158.89,8153749
2022-10-25,JNJ,158.45,158.45,156.25,156.87,13891833
2022-10-26,JNJ,156.68,157.95,156.68,157.56,2633544
2022-10-27,JNJ,157.58,157.87,157.58,157.71,14317762
2022-10-28,JNJ,157.82,158.22,156.87,157.29,964237
2022-10-31,JNJ,156.94,156.94,154.38,154.4,14175844
2022-11-01,JNJ,155.03,155.03,153.18,153.57,8735284
2022-11-02,JNJ,153.78,155.04,153.78,154.04,4035816
2022-11-03,JNJ,154.02,154.02,153.54,153.85,11986387
2022-11-04,JNJ,153.7,154.45,153.7,154.3,1600790
2022-11-07,JNJ,154.24,155.8,154.24,155.65,14091834
2022-11-08,JNJ,155.18,157.98,155.18,156.99,12648638
2022-11-09,JNJ,157.07,157.56,156.65,156.82,9931411
2022-11-10,JNJ,157.26,157.26,156.46,156.54,9181917
2022-11-11,JNJ,156.45,157.85,156.45,157.83,9963386
2022-11-14,JNJ,157.53,157.55,156.98,157.0,8637300
2022-11-15,JNJ,157.45,157.45,155.63,155.92,14250065
2022-11-16,JNJ,155.9,157.38,155.9,156.85,13122532
2022-11-17,JNJ,157.17,159.35,157.17,158.99,12857717
2022-11-18,JNJ,159.26,159.26,156.71,157.47,1489559
2022-11-21,JNJ,157.61,159.57,157.61,159.39,11465525
2022-11-22,JNJ,159.93,160.41,159.43,160.09,12347899
2022-11-23,JNJ,159.59,161.22,159.59,160.56,12639277
2022-11-24,JNJ,160.27,160.27,159.18,159.41,5668843
2022-11-25,JNJ,159.28,159.72,158.5,159.07,12300026
2022-11-28,JNJ,158.87,159.64,158.64,159.22,9779296
2022-11-29,JNJ,159.39,159.39,156.42,157.1,7441538
2022-11-30,JNJ,156.93,158.98,156.93,158.53,5127953
2022-12-01,JNJ,158.99,159.56,158.3,159.42,10254361
2022-12-02,JNJ,159.61,161.28,159.61,161.19,3998369
2022-12-05,JNJ,161.19,161.63,161.19,161.53,14881553
2022-12-06,JNJ,161.98,162.46,161.28,161.55,13049674
2022-12-07,JNJ,162.01,162.82,162.01,162.79,12351177
2022-12-08,JNJ,162.53,164.72,162.53,163.94,3657470
2022-12-09,JNJ,164.1,164.1,162.47,162.72,14141156
2022-12-12,JNJ,162.53,163.24,162.29,163.05,9325482
2022-12-13,JNJ,162.88,163.9,162.65,163.13,1917972
2022-12-14,JNJ,163.09,164.67,163.09,164.53,13179645
2022-12-15,JNJ,163.94,165.3,163.94,165.2,4126602
2022-12-16,JNJ,164.9,164.9,163.77,164.43,5291574
2022-12-19,JNJ,163.2,165.7,163.2,165.67,11005475
2022-12-20,JNJ,165.94,165.94,163.8,164.41,1997685
2022-12-21,JNJ,164.36,165.69,164.36,164.44,1273993
2022-12-22,JNJ,164.04,164.68,164.04,164.33,6347092
2022-12-23,JNJ,164.58,164.58,162.52,163.47,8454164
2022-12-26,JNJ,162.83,164.03,162.83,163.38,1791566
2022-12-27,JNJ,163.83,164.37,162.36,163.2,5682390
2022-12-28,JNJ,163.48,163.48,161.1,161.15,1548606
2022-12-29,JNJ,160.73,162.0,160.73,161.84,11634796
2022-12-30,JNJ,161.91,163.26,161.83,162.32,2456262
2023-01-02,JNJ,162.58,162.58,158.68,158.93,13728309
2023-01-03,JNJ,158.55,159.04,157.62,157.75,8689722
2023-01-04,JNJ,157.95,157.95,156.06,156.57,6131405
2023-01-05,JNJ,156.17,157.87,156.17,157.23,13576828
2023-01-06,JNJ,157.17,157.17,155.81,155.83,12215274
2023-01-09,JNJ,155.6,155.6,153.6,153.61,585960
2023-01-10,JNJ,154.19,155.78,154.19,155.22,12089470
2023-01-11,JNJ,155.12,155.27,154.64,155.07,14450585
2023-01-12,JNJ,155.11,155.11,153.96,154.35,3565635
2023-01-13,JNJ,154.67,155.44,154.32,154.5,10326223
2023-01-16,JNJ,155.0,155.51,155.0,155.38,888728
2023-01-17,JNJ,155.41,155.41,154.87,154.97,3828669
2023-01-18,JNJ,155.18,155.18,153.13,153.16,3268176
2023-01-19,JNJ,153.23,156.36,153.23,156.11,10538467
2023-01-20,JNJ,155.53,157.48,155.53,157.21,8032480
2023-01-23,JNJ,157.99,157.99,155.45,155.51,3317378
2023-01-24,JNJ,155.3,156.3,155.3,155.94,5526527
2023-01-25,JNJ,156.48,157.76,156.48,157.25,3096058
2023-01-26,JNJ,156.96,159.04,156.96,159.01,14498848
2023-01-27,JNJ,158.85,159.03,157.38,157.92,1788937
2023-01-30,JNJ,158.04,158.04,156.53,156.87,5533319
2023-01-31,JNJ,157.28,158.07,157.17,157.57,9370284
2023-02-01,JNJ,158.27,160.0,158.27,159.16,11354852
2023-02-02,JNJ,159.04,159.04,156.91,157.02,8697294
2023-02-03,JNJ,156.45,158.18,156.45,157.59,7948317
2023-02-06,JNJ,156.56,156.84,156.0,156.79,2406438
2023-02-07,JNJ,156.59,156.59,154.4,154.89,13695893
2023-02-08,JNJ,154.22,154.22,151.02,152.01,14156818
2023-02-09,JNJ,151.77,153.96,151.77,153.94,11753919
2023-02-10,JNJ,153.39,156.34,153.39,155.73,7809946
2023-02-13,JNJ,155.76,155.76,152.6,152.83,2134326
2023-02-14,JNJ,152.62,153.36,152.55,152.69,12719326
2023-02-15,JNJ,152.68,155.52,152.68,155.21,9832868
2023-02-16,JNJ,155.2,156.01,155.2,155.8,4571721
2023-02-17,JNJ,155.8,157.01,155.8,156.8,5323295
2023-02-20,JNJ,155.65,157.38,155.65,157.25,9454421
2023-02-21,JNJ,157.6,157.6,155.78,156.19,13550063
2023-02-22,JNJ,155.85,157.04,155.85,156.65,1573980
2023-02-23,JNJ,156.95,157.46,156.95,157.4,4913935
2023-02-24,JNJ,157.41,157.41,156.19,156.48,1538905
2023-02-27,JNJ,156.61,156.61,154.53,154.87,7165735
2023-02-28,JNJ,154.63,156.84,154.63,156.35,14948884
2023-03-01,JNJ,156.75,156.75,155.97,156.37,10016107
2023-03-02,JNJ,156.91,156.91,154.76,155.32,5717290
2023-03-03,JNJ,155.31,155.31,151.87,152.84,14452528
2023-03-06,JNJ,153.2,153.2,151.11,151.38,3743850
2023-03-07,JNJ,151.72,151.89,150.66,151.16,14497824
2023-03-08,JNJ,150.69,151.67,150.69,151.62,5083925
2023-03-09,JNJ,151.97,151.97,149.94,150.21,10896100
2023-03-10,JNJ,150.36,150.42,148.42,149.38,13549944
2023-03-13,JNJ,149.05,149.64,148.65,149.03,7388585
2023-03-14,JNJ,149.1,151.11,149.1,150.61,8243778
2023-03-15,JNJ,150.96,151.15,150.22,150.96,9265621
2023-03-16,JNJ,151.06,152.75,151.06,151.41,4012711
2023-03-17,JNJ,151.71,152.69,151.71,152.22,8237118
2023-03-20,JNJ,152.36,152.36,151.78,151.83,12871557
2023-03-21,JNJ,151.53,152.27,151.44,151.57,10835798
2023-03-22,JNJ,151.94,151.94,148.91,149.0,5486939
2023-03-23,JNJ,149.19,149.66,148.85,149.12,7662419
2023-03-24,JNJ,149.54,151.94,149.54,151.04,12179506
2023-03-27,JNJ,151.26,153.05,151.26,152.74,847304
2023-03-28,JNJ,152.5,155.16,152.5,155.01,11410114
2023-03-29,JNJ,154.88,156.42,154.88,156.27,14047971
2023-03-30,JNJ,156.23,157.08,156.19,156.86,3349210
2023-03-31,JNJ,156.51,156.51,155.14,155.72,5653350
2023-04-03,JNJ,156.19,156.19,153.54,153.97,2390228
2023-04-04,JNJ,154.05,154.35,153.35,154.15,8406016
2023-04-05,JNJ,153.84,155.16,153.84,154.59,2786317
2023-04-06,JNJ,154.48,156.65,154.48,156.36,14419334
2023-04-07,JNJ,156.72,156.72,154.57,155.1,12968895
2023-04-10,JNJ,155.58,157.58,155.49,156.37,8094602
2023-04-11,JNJ,156.46,156.46,155.38,155.48,560429
2023-04-12,JNJ,155.98,156.24,155.94,156.08,6127383
2023-04-13,JNJ,156.29,156.29,155.68,156.08,12310878
2023-04-14,JNJ,155.87,156.2,155.68,155.98,6858672
2023-04-17,JNJ,156.02,156.02,154.07,154.26,14050963
2023-04-18,JNJ,154.41,156.49,154.41,155.97,7236387
2023-04-19,JNJ,156.37,158.98,156.37,158.7,11303145
2023-04-20,JNJ,158.62,158.62,156.04,156.47,9374054
2023-04-21,JNJ,157.04,157.04,153.17,153.45,933562
2023-04-24,JNJ,153.47,153.47,152.8,152.96,7835863
2023-04-25,JNJ,152.01,152.14,151.74,152.01,4338248
2023-04-26,JNJ,151.98,152.82,151.98,152.72,8125488
2023-04-27,JNJ,152.18,154.05,152.18,153.74,13078032
2023-04-28,JNJ,153.44,154.28,153.33,153.79,7953898
2023-05-01,JNJ,153.12,153.12,151.96,152.09,11762411
2023-05-02,JNJ,151.54,152.89,151.54,152.84,804877
2023-05-03,JNJ,152.9,152.9,152.66,152.74,8964766
2023-05-04,JNJ,152.29,152.7,151.72,152.2,13893715
2023-05-05,JNJ,152.38,153.29,151.87,152.4,637892
2023-05-08,JNJ,152.61,152.7,152.14,152.26,2749833
2023-05-09,JNJ,152.2,153.14,152.16,152.75,3533203
2023-05-10,JNJ,152.99,152.99,150.25,150.45,11612963
2023-05-11,JNJ,150.0,150.17,149.85,149.96,3560206
2023-05-12,JNJ,150.13,151.63,150.13,151.37,5901779
2023-05-15,JNJ,151.74,152.72,151.74,152.38,14826434
2023-05-16,JNJ,152.59,153.23,152.13,153.05,7392598
2023-05-17,JNJ,152.92,152.92,151.57,152.56,513825
2023-05-18,JNJ,152.55,152.81,151.73,152.28,4531903
2023-05-19,JNJ,152.32,152.32,150.96,151.8,13463612
2023-05-22,JNJ,151.93,151.93,150.73,150.83,9778538
2023-05-23,JNJ,150.76,151.8,150.76,151.32,12887594
2023-05-24,JNJ,151.36,151.36,149.43,150.15,1356085
2023-05-25,JNJ,149.98,151.03,149.98,150.65,8138568
2023-05-26,JNJ,150.58,153.7,150.58,153.11,7940371
2023-05-29,JNJ,153.27,153.68,152.1,153.09,9470085
2023-05-30,JNJ,152.9,152.9,151.32,151.97,3911057
2023-05-31,JNJ,152.72,152.78,151.83,152.68,9777743
2023-06-01,JNJ,152.84,152.84,151.25,151.86,2468784
2023-06-02,JNJ,151.42,153.0,151.42,152.73,13433020
2023-06-05,JNJ,152.11,152.64,152.11,152.5,11459170
2023-06-06,JNJ,152.42,152.42,149.62,149.94,13377477
2023-06-07,JNJ,149.86,149.86,148.38,148.86,2820933
2023-06-08,JNJ,149.15,150.0,149.15,149.63,520213
2023-06-09,JNJ,149.3,151.68,149.3,151.28,9587557
2023-06-12,JNJ,151.05,152.5,150.93,151.61,3209195
2023-06-13,JNJ,152.28,152.28,149.84,149.97,7595371
2023-06-14,JNJ,149.15,151.26,149.15,151.02,4977772
2023-06-15,JNJ,151.02,151.02,149.35,149.42,3742934
2023-06-16,JNJ,149.39,149.39,147.63,148.3,10836252
2023-06-19,JNJ,147.57,148.09,146.95,147.88,12486189
2023-06-20,JNJ,148.65,148.78,148.17,148.29,13895950
2023-06-21,JNJ,148.08,148.08,147.28,147.49,3204058
2023-06-22,JNJ,147.37,147.37,146.2,146.26,3027491
2023-06-23,JNJ,145.97,146.18,145.97,146.11,10902902
2023-06-26,JNJ,145.46,145.46,145.04,145.05,11446158
2023-06-27,JNJ,145.07,145.58,144.34,145.09,7171426
2023-06-28,JNJ,144.77,144.77,142.93,143.55,6051805
2023-06-29,JNJ,143.84,143.91,142.89,143.04,11796842
2023-06-30,JNJ,142.65,143.82,142.65,143.81,5603112
2023-07-03,JNJ,143.58,143.58,142.67,142.93,3688121
2023-07-04,JNJ,142.65,142.83,142.65,142.73,12721373
2023-07-05,JNJ,142.72,142.72,141.17,141.5,10040246
2023-07-06,JNJ,141.51,141.51,140.37,140.77,12134683
2023-07-07,JNJ,140.56,144.31,140.56,143.75,7897141
2023-07-10,JNJ,143.44,143.44,141.2,141.79,8249438
2023-07-11,JNJ,141.81,142.92,141.81,142.9,12563061
2023-07-12,JNJ,143.06,144.11,143.06,143.97,14666461
2023-07-13,JNJ,144.01,144.71,144.01,144.7,8479874
2023-07-14,JNJ,144.94,146.57,144.94,145.59,6927731
2023-07-17,JNJ,145.52,145.52,143.5,144.29,13618927
2023-07-18,JNJ,143.42,146.42,143.42,146.05,1357210
2023-07-19,JNJ,146.11,146.23,145.5,146.02,10830080
2023-07-20,JNJ,146.18,146.7,146.1,146.24,983889
2023-07-21,JNJ,146.16,147.67,145.84,147.28,13751029
2023-07-24,JNJ,147.08,147.57,146.32,147.03,9485445
2023-07-25,JNJ,147.42,148.23,146.33,147.15,7876526
2023-07-26,JNJ,147.15,147.15,146.32,146.94,5032419
2023-07-27,JNJ,147.64,147.64,145.82,146.23,14387672
2023-07-28,JNJ,146.12,146.21,145.75,145.84,3586740
2023-07-31,JNJ,145.7,147.6,145.7,147.42,13969196
2023-08-01,JNJ,147.61,150.06,147.61,148.71,3721395
2023-08-02,JNJ,149.01,149.14,148.32,148.9,4677582
2023-08-03,JNJ,149.16,149.35,149.16,149.27,1528226
2023-08-04,JNJ,149.95,150.41,149.92,150.02,3848703
2023-08-07,JNJ,150.25,150.25,148.2,148.27,13878144
2023-08-08,JNJ,148.42,148.42,147.93,148.28,2207657
2023-08-09,JNJ,148.55,148.55,145.78,146.15,14902070
2023-08-10,JNJ,146.87,146.87,144.95,145.44,6338015
2023-08-11,JNJ,145.8,146.49,145.48,146.12,13822761
2023-08-14,JNJ,145.86,146.52,145.86,145.92,539833
2023-08-15,JNJ,146.27,148.68,146.27,148.23,6556729
2023-08-16,JNJ,148.22,149.63,148.11,148.76,4916773
2023-08-17,JNJ,149.62,150.87,149.62,150.54,1402672
2023-08-18,JNJ,150.9,150.9,147.66,148.45,13990145
2023-08-21,JNJ,148.51,150.46,148.51,150.03,14379623
2023-08-22,JNJ,150.17,150.4,149.41,150.31,3729992
2023-08-23,JNJ,149.83,149.87,149.37,149.39,10134886
2023-08-24,JNJ,149.12,149.31,148.76,149.11,1379227
2023-08-25,JNJ,148.9,148.9,146.17,146.18,5978056
2023-08-28,JNJ,146.26,148.88,146.26,148.49,14079965
2023-08-29,JNJ,148.79,148.79,147.7,148.19,13591449
2023-08-30,JNJ,148.93,148.93,148.32,148.47,5551977
2023-08-31,JNJ,148.35,151.03,148.35,150.85,10155218
2023-09-01,JNJ,151.41,151.41,148.81,149.75,11041747
2023-09-04,JNJ,150.13,151.87,149.81,150.71,2375514
2023-09-05,JNJ,150.98,151.54,150.74,151.39,11179907
2023-09-06,JNJ,152.04,153.69,152.04,152.79,11160660
2023-09-07,JNJ,153.3,153.98,153.3,153.96,4554963
2023-09-08,JNJ,153.97,153.97,152.92,153.15,10590058
2023-09-11,JNJ,152.37,154.14,152.37,154.06,9230395
2023-09-12,JNJ,154.07,155.8,154.07,155.13,10753801
2023-09-13,JNJ,155.75,156.99,155.75,156.73,3036266
2023-09-14,JNJ,156.68,158.1,156.68,157.7,14972969
2023-09-15,JNJ,157.71,158.34,156.96,157.85,2361465
2023-09-18,JNJ,157.92,160.13,157.92,160.05,8952736
2023-09-19,JNJ,159.57,162.83,159.57,162.53,9922945
2023-09-20,JNJ,162.14,164.98,162.14,164.19,6150297
2023-09-21,JNJ,164.39,164.39,163.55,163.81,11391936
2023-09-22,JNJ,164.47,164.47,162.11,163.03,10689001
2023-09-25,JNJ,162.59,164.28,162.59,164.18,8202044
2023-09-26,JNJ,164.71,164.71,163.19,163.2,10473095
2023-09-27,JNJ,163.06,163.06,162.0,162.04,6453515
2023-09-28,JNJ,161.91,162.43,161.66,162.04,13547360
2023-09-29,JNJ,161.51,163.33,161.51,162.66,12088869
2023-10-02,JNJ,162.35,163.32,162.35,163.05,1200439
2023-10-03,JNJ,164.01,164.01,162.68,162.69,8542625
2023-10-04,JNJ,162.51,162.51,160.45,160.46,4609437
2023-10-05,JNJ,161.13,162.2,161.02,161.45,7538517
2023-10-06,JNJ,160.64,160.64,159.8,159.81,9317502
2023-10-09,JNJ,159.82,160.26,159.25,160.06,13037041
2023-10-10,JNJ,160.22,161.64,160.22,161.13,11077545
2023-10-11,JNJ,161.09,162.7,161.09,162.24,8523941
2023-10-12,JNJ,161.64,163.01,161.64,162.61,7565815
2023-10-13,JNJ,163.19,163.19,162.24,162.58,3129869
2023-10-16,JNJ,162.45,163.07,162.45,162.7,2165374
2023-10-17,JNJ,162.77,162.77,160.49,161.32,8178306
2023-10-18,JNJ,161.3,161.3,158.84,159.98,9951037
2023-10-19,JNJ,160.33,160.33,158.15,158.48,3888815
2023-10-20,JNJ,158.47,160.89,158.47,160.66,12741289
2023-10-23,JNJ,160.06,160.34,160.06,160.27,10667792
2023-10-24,JNJ,159.76,162.01,159.76,161.57,11971902
2023-10-25,JNJ,161.5,162.94,161.5,162.55,3623325
2023-10-26,JNJ,162.54,162.92,162.52,162.66,3910253
2023-10-27,JNJ,163.39,163.39,162.73,162.96,4956215
2023-10-30,JNJ,163.28,163.28,162.04,162.4,3596482
2023-10-31,JNJ,162.39,162.39,161.75,161.98,11336495
2023-11-01,JNJ,162.74,162.74,162.19,162.41,14098233
2023-11-02,JNJ,162.96,162.96,161.18,161.62,7958891
2023-11-03,JNJ,160.88,164.31,160.88,164.13,12690613
2023-11-06,JNJ,164.15,165.04,163.58,164.42,14069162
2023-11-07,JNJ,164.66,165.59,164.66,165.46,14425126
2023-11-08,JNJ,165.27,169.76,165.27,168.35,7318513
2023-11-09,JNJ,168.93,169.3,167.97,168.45,5306260
2023-11-10,JNJ,168.34,169.21,168.06,168.77,4667863
2023-11-13,JNJ,168.54,170.93,168.54,170.55,3143243
2023-11-14,JNJ,170.61,171.28,170.61,170.91,9304166
2023-11-15,JNJ,170.45,173.17,170.45,173.12,3369912
2023-11-16,JNJ,173.97,173.97,171.97,172.55,10765102
2023-11-17,JNJ,172.36,172.99,172.36,172.91,2779476
2023-11-20,JNJ,173.48,173.48,172.4,172.45,10559836
2023-11-21,JNJ,172.45,172.5,171.6,172.3,11110249
2023-11-22,JNJ,172.82,173.17,172.2,172.37,4686136
2023-11-23,JNJ,172.73,172.73,171.93,172.06,10917006
2023-11-24,JNJ,172.52,172.52,170.26,170.78,10795341
2023-11-27,JNJ,170.51,172.57,170.51,172.51,5032067
2023-11-28,JNJ,171.9,172.8,171.55,172.14,5462435
2023-11-29,JNJ,172.37,172.37,169.01,169.79,1977065
2023-11-30,JNJ,169.48,169.48,168.65,168.76,13456361
2023-12-01,JNJ,169.14,169.14,168.44,168.77,8337615
2023-12-04,JNJ,168.7,168.7,167.02,167.37,6304155
2023-12-05,JNJ,167.57,168.33,166.31,167.0,14406292
2023-12-06,JNJ,167.0,167.0,166.35,166.56,8835530
2023-12-07,JNJ,166.38,167.89,166.11,167.78,5999209
2023-12-08,JNJ,167.13,168.58,167.13,168.53,13045250
2023-12-11,JNJ,168.33,169.5,168.33,169.12,12176402
2023-12-12,JNJ,168.99,168.99,166.86,166.9,1390159
2023-12-13,JNJ,168.12,168.17,167.78,167.93,738921
2023-12-14,JNJ,167.43,171.46,167.43,171.23,13093688
2023-12-15,JNJ,170.94,171.11,169.16,170.79,5281503
2023-12-18,JNJ,171.17,171.17,168.34,168.82,13571886
2023-12-19,JNJ,168.62,168.62,165.44,166.43,4381479
2023-12-20,JNJ,167.29,167.29,165.13,165.64,13393254
2023-12-21,JNJ,165.5,166.57,165.5,166.11,4176803
2023-12-22,JNJ,166.5,167.35,165.92,166.51,4942751
2023-12-25,JNJ,166.04,168.8,166.04,168.52,3835428
2023-12-26,JNJ,168.66,168.66,168.04,168.39,6369020
2023-12-27,JNJ,168.29,168.87,167.88,168.63,8312201
2023-12-28,JNJ,169.02,169.02,166.41,166.67,11529774
2023-12-29,JNJ,166.91,166.91,163.78,164.94,1442757
2024-01-01,JNJ,164.76,165.8,164.76,165.48,4418058
2024-01-02,JNJ,165.11,166.06,165.11,165.75,2950575
2024-01-03,JNJ,165.85,166.54,165.85,166.21,2045025
2024-01-04,JNJ,166.9,166.9,165.47,165.99,6376603
2024-01-05,JNJ,166.53,167.65,166.53,167.64,1958556
2024-01-08,JNJ,167.36,167.36,163.42,164.1,11076611
2024-01-09,JNJ,164.5,167.2,164.5,166.27,8741102
2024-01-10,JNJ,166.45,167.11,166.45,166.81,13398515
2024-01-11,JNJ,167.04,167.04,165.24,166.06,3572326
2024-01-12,JNJ,165.74,165.74,162.54,162.78,3684641
2024-01-15,JNJ,162.34,162.59,162.08,162.26,2184960
2024-01-16,JNJ,161.88,162.55,161.88,162.41,5314194
2024-01-17,JNJ,163.06,163.9,163.06,163.62,6221084
2024-01-18,JNJ,163.69,164.3,163.42,163.86,13190509
2024-01-19,JNJ,163.25,163.71,162.86,163.47,12455683
2024-01-22,JNJ,163.52,163.65,163.52,163.61,14851445
2024-01-23,JNJ,163.61,166.11,163.61,165.45,6090507
2024-01-24,JNJ,165.74,165.74,164.65,164.93,5764589
2024-01-25,JNJ,165.7,166.19,165.48,165.83,11060889
2024-01-26,JNJ,165.54,165.54,164.53,164.75,13448406
2024-01-29,JNJ,165.36,165.36,163.38,163.85,14526134
2024-01-30,JNJ,164.49,164.49,163.27,163.6,4060767
2024-01-31,JNJ,164.05,164.49,163.7,163.75,13704532
2024-02-01,JNJ,163.54,165.27,163.54,164.06,11257773
2024-02-02,JNJ,164.06,164.06,161.52,162.15,10047670
2024-02-05,JNJ,161.76,162.72,161.76,162.09,5214053
2024-02-06,JNJ,162.09,162.09,158.18,158.29,6938699
2024-02-07,JNJ,158.06,158.99,158.06,158.94,11061006
2024-02-08,JNJ,159.38,159.42,158.52,158.9,12813691
2024-02-09,JNJ,158.92,161.48,158.92,160.89,8712176
2024-02-12,JNJ,161.15,162.37,160.89,161.37,9395798
2024-02-13,JNJ,160.9,160.9,158.87,159.75,9387125
2024-02-14,JNJ,159.71,160.27,158.83,160.09,5715905
2024-02-15,JNJ,160.14,161.18,160.14,161.09,3121219
2024-02-16,JNJ,160.4,161.0,159.54,159.75,9509236
2024-02-19,JNJ,160.79,161.73,160.79,161.44,3823610
2024-02-20,JNJ,161.89,161.89,160.77,161.19,11407555
2024-02-21,JNJ,160.83,160.83,159.34,159.49,2837741
2024-02-22,JNJ,159.3,159.3,157.05,157.19,5975667
2024-02-23,JNJ,156.78,157.12,156.46,157.03,9958006
2024-02-26,JNJ,156.76,157.31,156.7,156.78,5096307
2024-02-27,JNJ,156.8,156.8,154.26,155.03,11666373
2024-02-28,JNJ,155.07,155.15,154.31,154.89,6040660
2024-02-29,JNJ,155.12,155.12,151.74,152.21,3279623
2024-03-01,JNJ,152.28,152.66,152.04,152.22,3760389
2024-03-04,JNJ,152.28,153.4,152.28,153.33,9652906
2024-03-05,JNJ,153.33,154.63,153.33,154.44,9697482
2024-03-06,JNJ,154.41,155.64,154.41,155.18,3207744
2024-03-07,JNJ,155.19,155.19,153.65,154.46,9756172
2024-03-08,JNJ,154.6,158.76,154.6,158.0,11056578
2024-03-11,JNJ,157.46,157.46,156.52,156.79,6495321
2024-03-12,JNJ,156.59,158.34,156.59,158.0,6603439
2024-03-13,JNJ,157.88,157.88,155.54,155.94,8654908
2024-03-14,JNJ,155.44,155.98,155.44,155.92,8089088
2024-03-15,JNJ,155.43,155.43,153.94,154.47,12303380
2024-03-18,JNJ,154.14,154.48,154.14,154.45,2565706
2024-03-19,JNJ,154.23,155.41,154.23,154.83,2662403
2024-03-20,JNJ,155.13,155.13,153.02,153.18,1398187
2024-03-21,JNJ,153.5,153.59,153.16,153.51,5915864
2024-03-22,JNJ,153.31,153.31,150.62,150.74,3161364
2024-03-25,JNJ,150.49,151.04,150.34,150.79,10042062
2024-03-26,JNJ,151.61,151.61,149.53,149.55,10863034
2024-03-27,JNJ,149.58,150.78,149.58,150.27,6716128
2024-03-28,JNJ,150.43,150.43,149.32,149.52,4484363
2024-03-29,JNJ,149.28,150.14,149.28,149.88,11010107
2024-04-01,JNJ,150.47,151.66,150.42,150.42,4631272
2024-04-02,JNJ,150.61,151.69,150.61,151.43,2026142
2024-04-03,JNJ,151.44,153.23,151.44,152.66,12518539
2024-04-04,JNJ,152.66,152.66,151.69,152.01,14899536
2024-04-05,JNJ,152.0,153.35,152.0,153.3,9196396
2024-04-08,JNJ,152.64,152.68,151.3,152.09,3042040
2024-04-09,JNJ,151.92,153.24,151.92,152.82,9213779
2024-04-10,JNJ,152.28,155.98,152.28,155.16,6683985
2024-04-11,JNJ,154.76,156.4,154.76,156.13,6747330
2024-04-12,JNJ,156.84,156.84,155.21,155.23,3798320
2024-04-15,JNJ,155.2,155.96,155.2,155.8,14145693
2024-04-16,JNJ,156.07,159.03,156.07,158.22,9287467
2024-04-17,JNJ,158.19,161.47,158.19,160.83,12868981
2024-04-18,JNJ,161.1,162.49,161.1,161.84,1907492
2024-04-19,JNJ,161.6,162.84,161.6,162.32,6969704
2024-04-22,JNJ,162.46,162.46,160.66,161.34,2128225
2024-04-23,JNJ,161.3,162.25,160.86,161.78,10219877
2024-04-24,JNJ,161.5,164.1,161.5,163.75,10164232
2024-04-25,JNJ,164.48,164.96,163.99,164.75,5849288
2024-04-26,JNJ,165.36,165.36,163.19,163.41,10352474
2024-04-29,JNJ,163.73,163.73,161.35,162.07,13516735
2024-04-30,JNJ,162.44,162.84,161.75,161.88,12064457
2024-05-01,JNJ,161.82,162.64,161.55,161.69,1276939
2024-05-02,JNJ,161.57,161.57,160.47,160.85,6330803
2024-05-03,JNJ,161.38,161.38,160.33,160.46,12191973
2024-05-06,JNJ,160.07,160.73,159.52,159.71,3904674
2024-05-07,JNJ,159.61,159.61,157.82,157.99,3591571
2024-05-08,JNJ,158.37,158.37,156.48,156.93,12565683
2024-05-09,JNJ,156.74,160.16,156.74,159.21,9216762
2024-05-10,JNJ,159.95,160.32,159.95,160.19,10831804
2024-05-13,JNJ,160.36,161.65,159.9,160.48,2864743
2024-05-14,JNJ,161.33,161.33,158.46,159.24,9892253
2024-05-15,JNJ,159.52,160.75,159.52,159.78,7628711
2024-05-16,JNJ,160.17,160.31,160.0,160.07,2873038
2024-05-17,JNJ,159.46,162.52,159.46,161.86,5267202
2024-05-20,JNJ,161.75,164.05,161.75,163.0,7688554
2024-05-21,JNJ,163.11,163.11,161.51,162.04,8238014
2024-05-22,JNJ,162.03,162.03,160.99,161.23,14375739
2024-05-23,JNJ,161.22,162.76,161.22,161.97,14241542
2024-05-24,JNJ,161.93,163.08,161.93,163.08,14415247
2024-05-27,JNJ,162.55,164.73,162.55,164.5,13258836
2024-05-28,JNJ,163.79,165.14,163.61,164.88,5324570
2024-05-29,JNJ,165.56,165.56,164.72,164.85,6893908
2024-05-30,JNJ,164.95,164.95,161.97,162.75,8883577
2024-05-31,JNJ,163.14,163.14,160.42,160.66,11761355
2024-06-03,JNJ,160.83,160.83,158.92,159.69,9122515
2024-06-04,JNJ,159.74,161.41,159.74,161.17,11342315
2024-06-05,JNJ,161.45,161.45,158.97,159.61,4449529
2024-06-06,JNJ,159.42,159.42,158.58,159.07,2195922
2024-06-07,JNJ,158.5,160.6,158.5,160.04,6856861
2024-06-10,JNJ,160.56,160.56,158.02,158.81,9985651
2024-06-11,JNJ,158.42,161.66,158.42,161.0,1708407
2024-06-12,JNJ,161.01,161.01,158.87,158.88,13481459
2024-06-13,JNJ,158.11,158.11,156.77,157.08,9445413
2024-06-14,JNJ,157.08,157.08,154.88,155.49,4590473
2024-06-17,JNJ,155.84,157.55,155.84,156.54,3569401
2024-06-18,JNJ,156.45,157.55,156.45,157.32,13495350
2024-06-19,JNJ,157.69,157.69,157.0,157.21,1782294
2024-06-20,JNJ,157.25,157.25,155.61,155.88,11878768
2024-06-21,JNJ,155.69,156.26,155.21,155.7,11646230
2024-06-24,JNJ,155.5,155.56,154.88,155.01,7944358
2024-06-25,JNJ,154.52,156.26,153.97,155.58,10838239
2024-06-26,JNJ,155.83,156.78,155.51,156.34,1316400
2024-06-27,JNJ,156.52,158.58,156.52,158.1,14713280
2024-06-28,JNJ,157.59,158.86,157.59,158.69,8697962
2024-07-01,JNJ,159.06,160.11,159.06,159.39,7844625
2024-07-02,JNJ,159.67,159.67,158.75,159.15,11406977
2024-07-03,JNJ,158.76,158.76,156.99,157.66,6118707
2024-07-04,JNJ,158.25,158.25,154.97,155.8,4732919
2024-07-05,JNJ,156.31,157.12,156.28,157.11,3669739
2024-07-08,JNJ,157.04,157.18,156.0,156.46,4245063
2024-07-09,JNJ,156.4,156.81,156.4,156.66,14535749
2024-07-10,JNJ,156.26,156.26,155.31,155.95,5177462
2024-07-11,JNJ,155.68,156.42,155.68,156.23,13800758
2024-07-12,JNJ,155.73,157.06,155.73,156.8,14610767
2024-07-15,JNJ,156.94,158.27,156.94,157.77,4221827
2024-07-16,JNJ,157.51,157.51,156.82,157.45,5590358
2024-07-17,JNJ,157.01,157.18,156.44,157.13,4152979
2024-07-18,JNJ,157.17,158.54,157.17,158.12,6898616
2024-07-19,JNJ,157.84,160.18,157.84,159.54,10504528
2024-07-22,JNJ,160.0,160.01,159.74,159.75,10152120
2024-07-23,JNJ,159.72,159.72,158.13,158.88,6767299
2024-07-24,JNJ,159.03,160.55,159.03,160.46,1396671
2024-07-25,JNJ,160.87,160.87,158.09,158.64,11931262
2024-07-26,JNJ,158.25,162.49,158.25,161.72,14732077
2024-07-29,JNJ,161.74,161.74,160.75,161.09,2813276
2024-07-30,JNJ,161.27,162.76,161.27,162.18,10884247
2024-07-31,JNJ,162.23,162.23,160.91,161.46,663573
2024-08-01,JNJ,161.3,161.3,159.54,160.08,4702646
2024-08-02,JNJ,159.39,159.39,157.85,159.08,14216941
2024-08-05,JNJ,159.45,160.19,159.45,160.12,9563320
2024-08-06,JNJ,160.21,160.21,158.42,159.39,3263563
2024-08-07,JNJ,159.16,159.9,158.71,159.66,11738915
2024-08-08,JNJ,160.02,160.79,159.39,159.67,8251123
2024-08-09,JNJ,159.56,160.79,159.56,160.71,11833436
2024-08-12,JNJ,160.74,161.4,160.74,161.18,9425516
2024-08-13,JNJ,160.8,162.9,160.8,162.45,5627251
2024-08-14,JNJ,162.31,163.62,162.31,163.35,9773189
2024-08-15,JNJ,164.23,164.23,163.22,163.52,6123531
2024-08-16,JNJ,163.37,163.37,160.48,160.54,3730260
2024-08-19,JNJ,159.9,162.38,159.9,161.87,7564958
2024-08-20,JNJ,162.42,162.65,161.65,161.84,1798087
2024-08-21,JNJ,161.91,162.33,161.76,162.3,10061344
2024-08-22,JNJ,162.35,163.01,162.16,162.63,9726501
2024-08-23,JNJ,162.28,163.58,162.28,163.31,4980038
2024-08-26,JNJ,163.15,165.2,163.15,164.94,11631159
2024-08-27,JNJ,164.69,168.01,164.69,166.8,4988359
2024-08-28,JNJ,167.2,167.2,166.32,166.35,7947895
2024-08-29,JNJ,166.5,168.09,166.5,168.07,6587130
2024-08-30,JNJ,167.9,167.9,166.4,166.54,6536796
2024-09-02,JNJ,166.39,166.39,164.97,165.63,14214998
2024-09-03,JNJ,165.16,166.43,165.16,165.83,3008484
2024-09-04,JNJ,166.4,166.76,166.19,166.65,6677132
2024-09-05,JNJ,166.47,166.69,164.9,166.05,12906230
2024-09-06,JNJ,165.4,165.5,163.94,164.32,14817983
2024-09-09,JNJ,164.13,164.55,164.08,164.52,5204420
2024-09-10,JNJ,164.3,165.31,164.3,164.61,10890539
2024-09-11,JNJ,165.05,166.53,165.05,165.64,954973
2024-09-12,JNJ,166.17,166.17,164.28,165.24,10981072
2024-09-13,JNJ,165.54,165.54,163.57,164.51,11045338
2024-09-16,JNJ,163.96,165.3,163.96,164.49,14011504
2024-09-17,JNJ,163.55,163.55,162.74,163.08,3003992
2024-09-18,JNJ,163.18,164.95,163.18,164.39,7289731
2024-09-19,JNJ,164.25,165.94,164.25,165.03,8405736
2024-09-20,JNJ,165.51,165.84,165.04,165.61,8701010
2024-09-23,JNJ,164.99,164.99,162.76,163.16,1720322
2024-09-24,JNJ,163.58,163.58,162.02,162.19,6061396
2024-09-25,JNJ,162.37,162.37,159.97,161.03,7093807
2024-09-26,JNJ,161.04,164.43,161.04,164.09,8507339
2024-09-27,JNJ,164.28,165.01,164.28,164.95,4711929
2024-09-30,JNJ,165.34,165.34,162.21,162.58,10628686
2024-10-01,JNJ,162.03,163.17,162.03,162.96,4728113
2024-10-02,JNJ,162.13,162.35,162.13,162.31,4874454
2024-10-03,JNJ,162.05,162.83,162.05,162.3,10565544
2024-10-04,JNJ,162.22,163.18,162.22,163.01,6650388
2024-10-07,JNJ,163.16,165.53,163.16,164.87,7314447
2024-10-08,JNJ,165.22,165.22,164.0,164.46,14439644
2024-10-09,JNJ,164.07,164.07,162.6,163.23,3521363
2024-10-10,JNJ,162.61,162.72,162.29,162.37,9956672
2024-10-11,JNJ,162.02,165.75,162.02,164.66,4513269
2024-10-14,JNJ,165.24,165.24,163.63,164.07,2830767
2024-10-15,JNJ,163.87,163.87,161.99,162.36,12503649
2024-10-16,JNJ,162.41,162.41,161.16,161.49,11773911
2024-10-17,JNJ,160.91,162.18,160.91,161.83,14972027
2024-10-18,JNJ,161.86,161.86,158.34,158.86,10222554
2024-10-21,JNJ,158.97,158.97,156.92,157.17,10444718
2024-10-22,JNJ,157.26,157.41,156.62,157.18,2655717
2024-10-23,JNJ,156.25,157.52,156.25,156.66,12480882
2024-10-24,JNJ,156.12,156.5,155.93,156.0,12349826
2024-10-25,JNJ,155.97,155.97,155.57,155.65,2629911
2024-10-28,JNJ,155.78,155.78,155.49,155.5,14084774
2024-10-29,JNJ,156.41,157.19,156.41,156.91,11559175
2024-10-30,JNJ,156.65,156.88,156.24,156.88,3731631
2024-10-31,JNJ,157.18,157.89,157.18,157.56,2434809
2024-11-01,JNJ,157.61,157.61,156.31,156.32,14598623
2024-11-04,JNJ,156.51,156.51,154.98,155.14,2595036
2024-11-05,JNJ,155.33,155.33,154.64,155.0,1135890
2024-11-06,JNJ,154.43,154.99,154.24,154.56,11445631
2024-11-07,JNJ,153.39,155.11,153.39,154.64,14426837
2024-11-08,JNJ,155.36,155.59,154.95,155.53,7963462
2024-11-11,JNJ,154.79,157.25,154.79,156.99,2901019
2024-11-12,JNJ,156.96,156.96,154.77,155.28,8612214
2024-11-13,JNJ,155.32,155.32,153.98,153.98,9028143
2024-11-14,JNJ,154.47,154.47,153.57,154.23,12894801
2024-11-15,JNJ,154.88,156.93,154.88,156.42,3531968
2024-11-18,JNJ,156.31,156.31,154.96,155.11,1725746
2024-11-19,JNJ,155.42,155.42,153.81,153.86,1105993
2024-11-20,JNJ,153.87,153.87,150.76,151.53,5998012
2024-11-21,JNJ,151.26,152.98,151.26,152.74,6634757
2024-11-22,JNJ,152.2,152.69,152.06,152.46,5455740
2024-11-25,JNJ,152.8,153.26,152.8,153.05,12391252
2024-11-26,JNJ,153.18,153.58,153.18,153.41,4291059
2024-11-27,JNJ,153.69,156.58,153.69,156.21,3500252
2024-11-28,JNJ,156.19,157.08,156.19,156.62,11256814
2024-11-29,JNJ,157.0,157.0,155.04,155.46,9347823
2024-12-02,JNJ,155.18,158.31,155.18,157.88,7418212
2024-12-03,JNJ,158.21,158.21,156.35,156.61,14169010
2024-12-04,JNJ,157.07,158.64,157.07,157.95,10189969
2024-12-05,JNJ,158.03,158.03,156.15,156.24,1780448
2024-12-06,JNJ,156.05,156.05,154.97,155.01,9208224
2024-12-09,JNJ,155.55,155.55,153.61,153.73,12057640
2024-12-10,JNJ,153.83,155.38,153.83,154.75,11046838
2024-12-11,JNJ,154.5,155.68,154.5,155.48,12463105
2024-12-12,JNJ,155.8,155.8,154.94,155.03,14374795
2024-12-13,JNJ,154.48,157.81,154.48,157.43,14646090
2024-12-16,JNJ,157.47,157.66,157.47,157.51,3729776
2024-12-17,JNJ,157.8,157.8,156.28,156.6,951947
2024-12-18,JNJ,156.79,156.79,155.3,155.69,4507226
2024-12-19,JNJ,155.45,155.45,154.26,154.74,7468281
2024-12-20,JNJ,155.25,155.25,152.55,153.31,7972158
2024-12-23,JNJ,153.25,156.36,153.25,156.13,5728154
2024-12-24,JNJ,155.82,157.92,155.82,157.24,4816237
2024-12-25,JNJ,157.85,158.13,157.58,157.74,8151859
2024-12-26,JNJ,157.77,160.78,157.77,160.5,3728627
2024-12-27,JNJ,160.37,160.37,159.6,159.63,12353261
2024-12-30,JNJ,159.14,160.04,158.72,159.37,2133756
2024-12-31,JNJ,159.37,161.72,159.37,161.51,7972789
2022-01-03,JPM,167.98,170.53,167.98,170.22,8337266
2022-01-04,JPM,170.25,171.93,170.25,171.4,11094361
2022-01-05,JPM,171.17,171.41,170.95,171.2,9107174
2022-01-06,JPM,171.52,172.89,170.81,172.22,7776537
2022-01-07,JPM,171.65,174.26,171.65,173.5,8569253
2022-01-10,JPM,173.62,178.32,173.62,177.82,14683588
2022-01-11,JPM,177.33,178.82,177.33,177.88,7904204
2022-01-12,JPM,177.71,177.71,176.88,177.25,12320014
2022-01-13,JPM,176.77,176.77,174.6,175.57,12639188
2022-01-14,JPM,175.93,176.37,175.25,175.88,4149631
2022-01-17,JPM,174.78,174.78,172.34,173.25,6103705
2022-01-18,JPM,173.33,177.6,173.33,177.13,7624057
2022-01-19,JPM,177.25,177.25,174.99,176.63,12166633
2022-01-20,JPM,176.8,183.5,176.8,182.48,8665187
2022-01-21,JPM,181.65,183.49,181.65,183.04,7125278
2022-01-24,JPM,183.14,186.55,183.14,185.75,6382873
2022-01-25,JPM,185.76,188.27,185.76,187.7,6898790
2022-01-26,JPM,187.21,189.32,185.02,188.55,8622450
2022-01-27,JPM,188.35,188.72,187.27,188.18,937405
2022-01-28,JPM,187.35,189.16,186.08,187.35,7510250
2022-01-31,JPM,186.87,187.19,186.22,186.75,12222732
2022-02-01,JPM,185.4,188.78,185.4,188.7,10024601
2022-02-02,JPM,188.46,188.46,186.64,187.75,8596877
2022-02-03,JPM,186.77,189.67,186.77,188.83,2160153
2022-02-04,JPM,188.5,190.61,188.5,189.68,668385
2022-02-07,JPM,188.33,188.61,187.6,188.4,14115776
2022-02-08,JPM,188.92,188.92,187.89,188.35,6831632
2022-02-09,JPM,188.35,188.78,187.14,187.48,11417103
2022-02-10,JPM,187.58,190.43,187.58,190.05,2686446
2022-02-11,JPM,189.9,192.47,189.9,191.88,2530473
2022-02-14,JPM,191.65,191.93,191.65,191.85,10790113
2022-02-15,JPM,191.9,196.2,191.9,195.39,6344857
2022-02-16,JPM,195.66,195.66,194.0,194.19,12126337
2022-02-17,JPM,193.29,196.01,193.29,195.29,11011869
2022-02-18,JPM,195.39,197.4,194.93,196.6,8211120
2022-02-21,JPM,196.35,196.92,195.37,195.44,951880
2022-02-22,JPM,195.05,196.19,195.05,195.69,2217261
2022-02-23,JPM,194.72,195.62,194.05,194.69,9410748
2022-02-24,JPM,195.2,195.2,190.73,192.2,14556855
2022-02-25,JPM,192.95,193.22,192.7,193.1,7702268
2022-02-28,JPM,193.86,193.86,188.71,190.09,11634224
2022-03-01,JPM,189.19,194.05,189.19,193.12,7064015
2022-03-02,JPM,194.01,194.01,189.91,191.08,12225056
2022-03-03,JPM,191.83,191.98,189.14,190.11,8244155
2022-03-04,JPM,189.36,189.78,188.8,189.42,4390192
2022-03-07,JPM,188.33,195.26,188.33,193.8,11683215
2022-03-08,JPM,193.05,194.08,192.82,193.54,6100607
2022-03-09,JPM,193.38,196.63,193.38,196.33,7945451
2022-03-10,JPM,196.37,196.37,190.58,191.28,5078270
2022-03-11,JPM,191.05,194.65,191.05,193.96,2910411
2022-03-14,JPM,194.26,194.26,191.64,191.78,1182987
2022-03-15,JPM,191.62,191.62,190.01,190.11,2025144
2022-03-16,JPM,190.03,190.03,187.9,188.68,8175473
2022-03-17,JPM,187.87,188.13,187.12,188.11,1011068
2022-03-18,JPM,189.19,189.19,184.45,186.93,9450235
2022-03-21,JPM,187.19,188.69,187.19,188.14,13982285
2022-03-22,JPM,188.16,190.04,188.16,189.88,2762408
2022-03-23,JPM,190.09,193.14,190.09,193.0,14890088
2022-03-24,JPM,193.06,193.06,191.85,192.75,1007507
2022-03-25,JPM,193.37,193.37,189.67,190.23,8226194
2022-03-28,JPM,190.52,190.52,187.64,187.89,9143188
2022-03-29,JPM,187.76,188.47,187.76,188.15,3429339
2022-03-30,JPM,188.42,188.42,186.15,186.56,12663547
2022-03-31,JPM,185.89,187.13,184.3,186.01,12332466
2022-04-01,JPM,185.53,185.53,183.88,184.26,5364346
2022-04-04,JPM,184.9,186.35,184.9,185.61,6560712
2022-04-05,JPM,186.49,186.92,185.02,185.82,4064252
2022-04-06,JPM,186.19,186.19,184.32,184.67,7199201
2022-04-07,JPM,184.97,184.97,181.62,183.11,14306114
2022-04-08,JPM,183.24,183.24,181.26,182.95,3366741
2022-04-11,JPM,183.25,183.25,180.39,183.11,10070085
2022-04-12,JPM,183.14,183.81,183.14,183.55,10397540
2022-04-13,JPM,184.67,184.67,183.93,184.16,11512086
2022-04-14,JPM,184.06,184.06,181.38,182.74,13300458
2022-04-15,JPM,183.05,183.25,182.27,183.07,7692677
2022-04-18,JPM,183.84,183.84,179.25,180.03,10981992
2022-04-19,JPM,180.23,184.09,180.23,183.8,9405789
2022-04-20,JPM,183.98,183.98,181.0,181.95,12483477
2022-04-21,JPM,182.0,182.0,179.26,181.03,5070576
2022-04-22,JPM,181.31,181.31,180.65,180.67,13653023
2022-04-25,JPM,180.97,180.97,177.5,177.82,2131663
2022-04-26,JPM,177.92,180.68,177.92,179.87,12753788
2022-04-27,JPM,179.08,179.08,176.74,176.95,12758025
2022-04-28,JPM,176.92,176.92,176.41,176.48,14127406
2022-04-29,JPM,176.45,177.7,176.45,177.64,12375858
2022-05-02,JPM,177.1,179.61,176.5,177.64,9304524
2022-05-03,JPM,178.16,178.4,177.77,178.22,10801629
2022-05-04,JPM,176.96,179.73,176.96,179.0,13203317
2022-05-05,JPM,178.98,178.98,176.45,176.51,10821559
2022-05-06,JPM,176.95,176.95,173.23,174.22,11350119
2022-05-09,JPM,173.29,175.63,172.43,174.24,8805340
2022-05-10,JPM,174.2,174.2,171.23,172.94,2387086
2022-05-11,JPM,172.59,174.48,172.15,173.57,7427657
2022-05-12,JPM,172.75,178.24,172.75,178.04,7772925
2022-05-13,JPM,177.52,180.48,177.52,179.62,13592746
2022-05-16,JPM,180.14,181.62,180.14,181.31,6497776
2022-05-17,JPM,180.13,183.84,180.13,183.36,6516094
2022-05-18,JPM,183.73,183.77,181.42,181.91,11453148
2022-05-19,JPM,183.06,183.06,179.72,179.78,12984673
2022-05-20,JPM,180.23,181.93,180.23,181.85,7880450
2022-05-23,JPM,181.06,181.06,178.0,178.06,14351176
2022-05-24,JPM,178.29,178.29,173.61,174.01,12000179
2022-05-25,JPM,174.34,174.45,173.94,173.99,7981646
2022-05-26,JPM,174.38,174.38,173.05,173.52,13708730
2022-05-27,JPM,174.34,174.34,173.5,173.52,5662641
2022-05-30,JPM,173.42,175.91,173.42,174.25,11496212
2022-05-31,JPM,174.12,174.83,173.82,174.58,624659
2022-06-01,JPM,174.67,174.67,171.77,173.24,13541403
2022-06-02,JPM,173.78,174.42,172.72,174.11,6944451
2022-06-03,JPM,174.91,174.91,168.83,169.35,8051822
2022-06-06,JPM,170.06,170.06,167.58,168.44,2142818
2022-06-07,JPM,168.24,173.62,168.24,173.23,11360341
2022-06-08,JPM,172.39,174.63,172.39,173.11,7319924
2022-06-09,JPM,173.61,174.6,172.64,174.0,10719877
2022-06-10,JPM,174.16,174.16,172.35,173.23,6792422
2022-06-13,JPM,174.36,174.36,170.21,172.11,4803341
2022-06-14,JPM,171.6,171.6,170.53,170.83,11221907
2022-06-15,JPM,170.2,170.2,168.98,169.02,9459986
2022-06-16,JPM,168.74,169.47,167.17,168.01,6676042
2022-06-17,JPM,167.88,168.59,167.55,168.46,11077432
2022-06-20,JPM,168.63,171.56,168.63,170.82,13725286
2022-06-21,JPM,170.52,170.85,168.34,169.98,7650057
2022-06-22,JPM,170.92,170.92,166.31,167.2,6537008
2022-06-23,JPM,167.09,170.98,167.09,170.55,11865356
2022-06-24,JPM,170.04,171.44,170.04,171.37,11560865
2022-06-27,JPM,171.58,174.63,171.58,174.3,5302362
2022-06-28,JPM,173.92,173.92,169.39,171.03,6247546
2022-06-29,JPM,170.72,170.72,169.3,169.89,5181624
2022-06-30,JPM,170.11,174.5,170.11,173.8,3346855
2022-07-01,JPM,173.98,173.98,168.25,170.52,12942196
2022-07-04,JPM,170.09,172.76,169.63,170.83,1377775
2022-07-05,JPM,171.39,171.39,168.24,168.98,3286860
2022-07-06,JPM,168.67,171.18,168.67,170.29,14900889
2022-07-07,JPM,169.68,171.6,169.68,170.88,5833126
2022-07-08,JPM,170.79,173.44,170.79,173.06,10790028
2022-07-11,JPM,172.58,172.58,170.72,171.41,11119349
2022-07-12,JPM,172.08,172.85,171.38,172.63,12719288
2022-07-13,JPM,172.71,173.39,171.73,171.83,5372747
2022-07-14,JPM,172.55,174.98,172.08,172.34,13723023
2022-07-15,JPM,173.45,173.46,171.1,172.57,7028850
2022-07-18,JPM,171.91,172.79,171.91,172.11,13657943
2022-07-19,JPM,171.76,171.76,167.41,167.57,7556327
2022-07-20,JPM,167.39,170.69,167.39,170.32,6394218
2022-07-21,JPM,169.94,169.94,167.21,168.02,14977766
2022-07-22,JPM,167.84,168.58,166.79,168.25,9668322
2022-07-25,JPM,167.3,167.82,167.0,167.69,6124222
2022-07-26,JPM,167.2,168.72,167.2,168.72,11516189
2022-07-27,JPM,168.9,169.36,168.88,169.23,14424315
2022-07-28,JPM,168.26,172.17,168.26,171.74,5589357
2022-07-29,JPM,171.02,174.01,171.02,173.78,941093
2022-08-01,JPM,172.69,172.69,168.79,169.1,7279356
2022-08-02,JPM,168.87,173.33,168.87,172.94,1590534
2022-08-03,JPM,173.78,176.57,173.78,176.25,6660048
2022-08-04,JPM,176.52,179.01,176.52,177.27,2462508
2022-08-05,JPM,177.48,177.48,175.46,175.71,6324244
2022-08-08,JPM,176.0,178.96,176.0,177.29,6954124
2022-08-09,JPM,177.08,177.66,175.51,176.55,6219109
2022-08-10,JPM,176.08,177.04,175.45,176.44,4315418
2022-08-11,JPM,175.97,177.9,175.51,177.03,6843325
2022-08-12,JPM,176.96,179.11,176.96,177.9,11032494
2022-08-15,JPM,177.19,177.24,176.42,176.68,6220797
2022-08-16,JPM,175.8,175.8,174.99,175.24,1278182
2022-08-17,JPM,175.2,175.2,172.21,172.81,10009945
2022-08-18,JPM,173.26,176.09,173.26,176.03,1749697
2022-08-19,JPM,175.7,175.7,173.13,173.53,524277
2022-08-22,JPM,172.96,174.99,172.96,173.88,12667746
2022-08-23,JPM,173.63,173.63,172.36,172.47,2654444
2022-08-24,JPM,173.63,173.63,171.9,172.53,3165539
2022-08-25,JPM,172.67,172.67,168.06,168.58,12456416
2022-08-26,JPM,168.46,168.87,168.39,168.47,5814257
2022-08-29,JPM,167.53,167.53,163.81,164.41,12730141
2022-08-30,JPM,164.36,164.36,162.89,163.59,6596266
2022-08-31,JPM,164.24,164.24,162.32,162.95,667071
2022-09-01,JPM,162.55,162.55,160.36,160.83,14989745
2022-09-02,JPM,161.45,161.92,161.45,161.87,4654740
2022-09-05,JPM,161.16,161.16,159.61,160.81,2216379
2022-09-06,JPM,160.11,163.05,160.11,162.67,9886085
2022-09-07,JPM,163.11,163.5,161.66,163.3,1572017
2022-09-08,JPM,162.84,163.9,162.84,163.86,7778734
2022-09-09,JPM,163.41,167.34,163.41,166.37,10529275
2022-09-12,JPM,165.58,169.5,165.58,168.23,13227761
2022-09-13,JPM,167.99,168.83,167.64,167.76,10699412
2022-09-14,JPM,168.53,170.09,168.53,170.08,8977103
2022-09-15,JPM,169.53,169.53,168.38,168.4,675040
2022-09-16,JPM,169.31,169.36,167.51,168.32,6389372
2022-09-19,JPM,167.88,169.99,167.88,168.89,11783378
2022-09-20,JPM,168.45,171.05,168.45,170.74,2124448
2022-09-21,JPM,170.4,173.04,170.4,172.9,5967610
2022-09-22,JPM,173.45,175.09,173.45,174.0,8073231
2022-09-23,JPM,174.52,174.7,172.87,173.89,5153781
2022-09-26,JPM,173.6,174.14,173.52,173.88,8378678
2022-09-27,JPM,174.49,174.79,172.65,172.85,6498205
2022-09-28,JPM,171.81,176.43,171.81,176.14,1693211
2022-09-29,JPM,176.82,179.4,176.82,178.36,11324830
2022-09-30,JPM,178.5,179.88,178.5,179.65,9287732
2022-10-03,JPM,179.63,182.53,179.63,181.54,14424929
2022-10-04,JPM,180.92,182.53,180.4,181.0,2090400
2022-10-05,JPM,181.29,184.62,181.29,184.3,500294
2022-10-06,JPM,184.92,184.92,178.52,180.31,6411885
2022-10-07,JPM,180.93,181.22,180.43,180.56,1974661
2022-10-10,JPM,180.92,181.49,179.67,181.17,2331732
2022-10-11,JPM,181.92,181.92,178.13,178.6,2644556
2022-10-12,JPM,177.86,183.2,177.86,183.05,13815773
2022-10-13,JPM,182.86,185.72,182.86,185.36,7081961
2022-10-14,JPM,186.22,187.09,185.93,186.36,11269803
2022-10-17,JPM,184.26,186.39,184.26,185.93,4815762
2022-10-18,JPM,186.82,186.82,183.0,184.24,14386616
2022-10-19,JPM,185.11,185.89,184.5,185.3,7566532
2022-10-20,JPM,185.38,186.18,185.37,185.57,12826234
2022-10-21,JPM,184.61,186.35,184.61,185.52,9107201
2022-10-24,JPM,185.96,185.98,185.19,185.88,11461749
2022-10-25,JPM,186.01,190.92,186.01,190.48,14715917
2022-10-26,JPM,189.49,189.49,187.88,187.89,774396
2022-10-27,JPM,188.59,188.59,187.01,187.25,14105631
2022-10-28,JPM,187.54,189.58,187.54,189.1,3357637
2022-10-31,JPM,187.99,189.33,187.99,188.59,12000853
2022-11-01,JPM,189.59,189.59,181.72,182.21,9871582
2022-11-02,JPM,183.52,187.41,183.52,186.64,14714360
2022-11-03,JPM,185.48,185.48,182.31,182.79,9516440
2022-11-04,JPM,182.35,182.35,179.43,180.12,11924754
2022-11-07,JPM,180.65,184.55,180.65,184.43,14693748
2022-11-08,JPM,184.38,185.14,181.12,183.34,10324756
2022-11-09,JPM,184.18,184.18,182.7,183.43,2133099
2022-11-10,JPM,183.28,184.09,183.28,183.86,9570777
2022-11-11,JPM,183.53,186.6,183.53,186.29,13020292
2022-11-14,JPM,185.85,185.85,183.18,183.6,8386885
2022-11-15,JPM,183.72,184.14,181.8,182.91,10755626
2022-11-16,JPM,182.59,185.42,182.59,184.7,6983673
2022-11-17,JPM,185.73,188.54,185.73,188.48,1559759
2022-11-18,JPM,188.65,188.65,186.89,187.24,12326362
2022-11-21,JPM,187.34,187.34,185.98,186.53,7394685
2022-11-22,JPM,186.91,189.07,186.91,188.39,11364474
2022-11-23,JPM,188.95,188.95,184.79,185.45,8330632
2022-11-24,JPM,185.61,191.48,185.61,189.3,7695210
2022-11-25,JPM,188.66,191.38,188.66,191.31,5940294
2022-11-28,JPM,191.56,191.56,188.4,188.87,12735207
2022-11-29,JPM,188.52,188.52,186.99,187.57,14170256
2022-11-30,JPM,188.27,190.16,188.04,189.02,6492608
2022-12-01,JPM,188.91,190.67,188.91,190.52,14452030
2022-12-02,JPM,190.55,190.87,190.45,190.83,3977432
2022-12-05,JPM,190.41,192.43,190.41,191.87,8218523
2022-12-06,JPM,192.04,194.46,192.04,194.07,4625666
2022-12-07,JPM,194.07,194.29,192.56,193.18,5704721
2022-12-08,JPM,193.48,194.74,192.74,193.44,13258424
2022-12-09,JPM,195.29,195.29,189.8,190.13,11734215
2022-12-12,JPM,189.02,193.16,189.02,192.48,2242850
2022-12-13,JPM,192.73,192.73,190.64,191.84,10906102
2022-12-14,JPM,191.62,191.62,190.02,190.62,8345956
2022-12-15,JPM,191.63,191.63,189.57,190.02,4073054
2022-12-16,JPM,190.22,190.86,190.12,190.57,7104921
2022-12-19,JPM,190.79,191.83,190.79,191.66,7781768
2022-12-20,JPM,191.18,191.18,190.0,190.51,872724
2022-12-21,JPM,191.16,191.16,189.94,190.55,4178039
2022-12-22,JPM,191.28,195.01,191.28,194.47,8385673
2022-12-23,JPM,194.82,194.82,192.81,193.0,2845923
2022-12-26,JPM,193.22,193.82,192.83,193.62,4152312
2022-12-27,JPM,194.01,196.89,194.01,195.86,9882779
2022-12-28,JPM,196.6,196.6,194.14,194.94,5151231
2022-12-29,JPM,194.83,194.94,194.16,194.46,7586330
2022-12-30,JPM,194.3,194.3,190.56,191.91,1420027
2023-01-02,JPM,192.16,192.16,187.82,189.2,1008103
2023-01-03,JPM,188.37,190.69,188.37,189.94,5437175
2023-01-04,JPM,189.87,190.39,189.52,190.0,7382622
2023-01-05,JPM,190.58,190.58,188.52,188.92,6982498
2023-01-06,JPM,190.69,190.69,187.54,188.83,1614806
2023-01-09,JPM,188.87,191.0,188.87,190.01,5083344
2023-01-10,JPM,190.39,192.26,190.39,191.93,9075095
2023-01-11,JPM,192.39,192.39,188.28,189.34,5933414
2023-01-12,JPM,189.21,189.21,187.85,188.49,13434731
2023-01-13,JPM,188.44,189.86,188.44,189.67,11256445
2023-01-16,JPM,189.09,189.09,184.72,185.23,2388779
2023-01-17,JPM,185.79,185.79,182.78,182.78,11955808
2023-01-18,JPM,181.92,185.69,181.92,185.1,3218499
2023-01-19,JPM,185.61,187.15,185.61,187.09,553967
2023-01-20,JPM,186.19,187.85,186.19,187.65,5421758
2023-01-23,JPM,187.69,191.02,187.69,189.76,13134595
2023-01-24,JPM,189.43,189.43,186.31,186.53,2651003
2023-01-25,JPM,186.6,190.15,186.6,190.11,2269739
2023-01-26,JPM,190.31,190.35,189.71,190.0,8948566
2023-01-27,JPM,189.65,189.65,186.61,187.3,12093381
2023-01-30,JPM,186.99,187.57,186.85,187.19,6657866
2023-01-31,JPM,187.77,189.07,187.77,188.19,3469799
2023-02-01,JPM,188.45,188.45,186.89,187.23,9198624
2023-02-02,JPM,187.82,189.75,187.82,188.68,13293036
2023-02-03,JPM,188.45,191.43,188.45,190.73,12493072
2023-02-06,JPM,190.4,190.78,189.58,190.25,11302287
2023-02-07,JPM,189.05,189.05,187.83,188.28,12422785
2023-02-08,JPM,187.85,188.51,187.85,188.43,1205523
2023-02-09,JPM,188.43,188.43,186.72,187.3,8124527
2023-02-10,JPM,187.11,188.89,187.11,188.62,5905048
2023-02-13,JPM,187.52,189.27,187.15,187.98,12215515
2023-02-14,JPM,188.05,188.18,186.51,187.75,6766613
2023-02-15,JPM,188.29,188.29,183.34,183.93,12107889
2023-02-16,JPM,183.48,187.32,183.48,187.04,2788815
2023-02-17,JPM,187.88,190.23,187.88,190.23,9064428
2023-02-20,JPM,190.6,191.29,190.45,191.14,710020
2023-02-21,JPM,191.68,193.71,191.68,192.34,500267
2023-02-22,JPM,192.12,195.22,192.12,193.93,14011375
2023-02-23,JPM,193.53,197.5,193.53,196.97,13137258
2023-02-24,JPM,197.91,197.91,194.02,194.99,8561149
2023-02-27,JPM,194.94,194.94,192.18,193.56,13591724
2023-02-28,JPM,193.32,195.2,193.32,195.0,10163678
2023-03-01,JPM,194.47,198.09,194.47,197.26,3218169
2023-03-02,JPM,197.35,197.35,194.4,194.63,6780567
2023-03-03,JPM,193.86,197.27,193.86,195.82,5094639
2023-03-06,JPM,195.04,195.04,190.37,191.8,12613075
2023-03-07,JPM,192.31,192.31,189.35,189.48,14254852
2023-03-08,JPM,189.06,191.87,189.06,191.55,7828610
2023-03-09,JPM,192.15,195.84,192.15,194.79,11903212
2023-03-10,JPM,194.49,195.61,194.1,195.57,13956622
2023-03-13,JPM,196.74,197.62,194.91,196.14,5477520
2023-03-14,JPM,195.86,195.86,194.57,195.74,11788134
2023-03-15,JPM,196.03,196.03,192.08,192.66,2284380
2023-03-16,JPM,192.13,195.45,191.68,193.34,5454342
2023-03-17,JPM,193.37,193.83,193.37,193.75,14728342
2023-03-20,JPM,193.78,193.78,190.44,190.99,11457596
2023-03-21,JPM,190.64,195.83,190.64,194.91,5758399
2023-03-22,JPM,195.93,197.9,194.65,195.88,12079540
2023-03-23,JPM,195.74,197.12,194.27,195.4,12339604
2023-03-24,JPM,196.39,200.84,196.39,199.0,11696525
2023-03-27,JPM,198.56,202.38,198.56,201.31,5766240
2023-03-28,JPM,200.55,200.55,198.48,198.49,5020322
2023-03-29,JPM,199.84,201.16,199.84,200.73,1195667
2023-03-30,JPM,199.76,201.84,199.76,201.31,2213266
2023-03-31,JPM,201.28,202.28,200.98,201.51,9386614
2023-04-03,JPM,201.05,201.05,198.99,199.64,6476844
2023-04-04,JPM,200.24,200.24,195.73,196.72,8167192
2023-04-05,JPM,196.67,197.21,195.63,196.51,14685424
2023-04-06,JPM,196.88,196.88,195.43,195.8,11855883
2023-04-07,JPM,194.91,195.42,194.56,195.24,13511799
2023-04-10,JPM,195.44,195.44,192.79,192.92,980839
2023-04-11,JPM,193.64,196.16,193.64,194.91,14471949
2023-04-12,JPM,194.88,194.88,192.57,193.0,13621083
2023-04-13,JPM,192.57,196.35,192.57,196.09,3032878
2023-04-14,JPM,195.71,199.91,195.71,199.77,10394751
2023-04-17,JPM,199.9,202.82,199.9,201.06,2567833
2023-04-18,JPM,200.39,203.69,200.39,202.42,11019677
2023-04-19,JPM,203.45,207.15,203.45,206.31,5261749
2023-04-20,JPM,207.19,207.19,203.77,205.09,1655086
2023-04-21,JPM,205.3,205.3,200.29,201.29,3265512
2023-04-24,JPM,202.3,202.3,198.65,199.63,10792057
2023-04-25,JPM,200.5,200.5,197.01,198.18,11389682
2023-04-26,JPM,199.24,199.24,197.71,198.66,12027559
2023-04-27,JPM,198.34,199.22,198.15,198.21,7389242
2023-04-28,JPM,198.27,199.0,197.69,198.67,11977655
2023-05-01,JPM,198.04,198.34,197.19,197.66,13919149
2023-05-02,JPM,197.42,200.43,197.42,199.57,5725529
2023-05-03,JPM,199.07,202.76,199.07,202.64,8672344
2023-05-04,JPM,202.53,204.2,202.32,203.46,4205802
2023-05-05,JPM,204.44,204.44,203.12,203.81,6880917
2023-05-08,JPM,204.08,204.4,203.54,203.92,9386068
2023-05-09,JPM,204.03,206.02,202.54,203.97,1385993
2023-05-10,JPM,203.92,205.19,202.76,203.21,4897716
2023-05-11,JPM,203.39,203.39,201.82,202.71,2661993
2023-05-12,JPM,203.21,203.32,201.04,202.53,14346694
2023-05-15,JPM,203.42,204.99,203.15,203.74,7045171
2023-05-16,JPM,204.15,204.84,203.7,204.59,929006
2023-05-17,JPM,204.53,208.3,204.53,206.76,2685276
2023-05-18,JPM,205.45,208.37,205.45,208.07,14213277
2023-05-19,JPM,208.16,208.16,206.06,207.04,6039992
2023-05-22,JPM,206.78,210.19,206.78,210.06,13071159
2023-05-23,JPM,209.8,213.4,209.8,213.25,5181893
2023-05-24,JPM,213.09,215.56,213.09,214.71,7335044
2023-05-25,JPM,214.79,214.84,214.43,214.66,10667834
2023-05-26,JPM,213.85,219.1,213.85,218.43,13693087
2023-05-29,JPM,218.73,222.36,218.73,221.1,4981521
2023-05-30,JPM,220.52,224.75,220.52,223.23,8870723
2023-05-31,JPM,223.32,224.39,222.92,223.65,3113158
2023-06-01,JPM,225.09,225.09,222.69,223.45,750803
2023-06-02,JPM,224.1,224.1,221.05,221.17,9826264
2023-06-05,JPM,221.76,223.41,221.5,222.74,4842159
2023-06-06,JPM,221.63,223.08,221.44,222.5,8351724
2023-06-07,JPM,222.07,222.77,222.07,222.74,1317934
2023-06-08,JPM,222.84,226.19,222.84,224.11,12884096
2023-06-09,JPM,224.18,225.83,223.6,224.94,7888009
2023-06-12,JPM,223.87,223.87,222.15,223.25,5256304
2023-06-13,JPM,222.42,222.42,219.19,220.45,1242347
2023-06-14,JPM,219.67,220.26,218.65,219.97,8780949
2023-06-15,JPM,220.47,220.47,216.76,216.98,14215517
2023-06-16,JPM,217.58,217.58,216.49,216.79,2820034
2023-06-19,JPM,216.04,218.34,216.04,217.33,4920175
2023-06-20,JPM,217.42,217.42,215.88,216.32,8013625
2023-06-21,JPM,215.95,220.59,215.95,218.8,14489545
2023-06-22,JPM,219.09,220.19,218.92,220.19,6267881
2023-06-23,JPM,220.46,221.99,220.28,220.57,9086275
2023-06-26,JPM,219.64,219.64,216.96,217.99,5651854
2023-06-27,JPM,217.77,217.77,215.03,215.15,13216012
2023-06-28,JPM,214.42,215.42,214.42,215.31,1494326
2023-06-29,JPM,214.93,220.74,214.93,219.38,12391172
2023-06-30,JPM,218.99,219.48,218.45,218.45,6929638
2023-07-03,JPM,218.54,220.1,218.08,219.39,6099670
2023-07-04,JPM,219.36,222.01,218.56,219.42,13903100
2023-07-05,JPM,219.93,219.93,215.79,215.83,2698262
2023-07-06,JPM,216.67,216.67,213.79,215.27,2974152
2023-07-07,JPM,214.16,215.06,214.16,214.9,6265134
2023-07-10,JPM,214.67,217.58,214.67,217.45,3150756
2023-07-11,JPM,217.47,220.37,217.47,219.58,5256829
2023-07-12,JPM,219.92,224.37,219.92,222.23,603951
2023-07-13,JPM,224.53,224.53,219.83,220.33,11589734
2023-07-14,JPM,222.02,226.59,222.02,225.6,1705718
2023-07-17,JPM,225.49,225.49,222.09,223.37,10828911
2023-07-18,JPM,221.34,227.89,221.34,225.47,2436277
2023-07-19,JPM,225.45,227.7,225.33,227.15,7704831
2023-07-20,JPM,228.25,228.25,224.41,224.69,8996760
2023-07-21,JPM,223.4,225.63,222.87,224.23,8222500
2023-07-24,JPM,223.43,223.43,222.16,223.16,12427579
2023-07-25,JPM,223.74,224.8,223.73,224.78,9982304
2023-07-26,JPM,225.21,225.57,223.59,224.58,7472049
2023-07-27,JPM,224.75,225.83,223.02,225.05,1648647
2023-07-28,JPM,224.71,226.03,224.02,225.16,8060459
2023-07-31,JPM,224.6,225.08,223.05,224.29,6917065
2023-08-01,JPM,224.48,224.48,220.43,221.43,12983292
2023-08-02,JPM,222.5,224.18,222.5,223.18,6676339
2023-08-03,JPM,223.28,223.28,220.41,220.55,4968197
2023-08-04,JPM,221.54,223.19,221.54,223.08,1728332
2023-08-07,JPM,221.91,225.76,220.69,224.36,719684
2023-08-08,JPM,223.92,223.92,221.03,223.1,7126583
2023-08-09,JPM,222.57,222.8,221.23,221.78,8224402
2023-08-10,JPM,220.86,222.97,220.49,222.36,5483572
2023-08-11,JPM,222.23,222.23,219.64,222.15,9828098
2023-08-14,JPM,221.97,221.97,215.95,216.06,3971376
2023-08-15,JPM,215.92,215.92,212.68,212.98,13989251
2023-08-16,JPM,212.11,218.86,212.11,218.03,10554661
2023-08-17,JPM,218.1,218.1,213.53,215.38,5100860
2023-08-18,JPM,216.02,216.02,209.8,210.25,4705005
2023-08-21,JPM,209.47,213.96,209.47,213.84,12638613
2023-08-22,JPM,213.18,213.18,211.37,212.63,5813925
2023-08-23,JPM,212.83,212.83,210.42,211.18,10307696
2023-08-24,JPM,210.7,211.2,208.57,209.45,10036740
2023-08-25,JPM,209.83,209.83,207.62,207.92,9905484
2023-08-28,JPM,208.98,208.98,206.35,206.73,4600152
2023-08-29,JPM,205.36,205.36,204.36,204.51,13631026
2023-08-30,JPM,204.31,204.31,200.4,200.42,3028010
2023-08-31,JPM,200.01,200.01,197.7,198.42,14093458
2023-09-01,JPM,196.73,199.05,196.48,198.35,4742974
2023-09-04,JPM,199.36,199.36,195.41,195.95,6076687
2023-09-05,JPM,194.45,196.03,194.45,195.8,10833969
2023-09-06,JPM,195.07,200.13,195.07,198.53,8585411
2023-09-07,JPM,198.11,202.0,198.11,201.56,14205527
2023-09-08,JPM,203.12,203.12,198.98,199.28,12012859
2023-09-11,JPM,199.52,202.44,199.52,200.54,8093856
2023-09-12,JPM,200.92,200.92,197.33,198.17,13828192
2023-09-13,JPM,198.49,198.49,195.13,195.95,1944116
2023-09-14,JPM,194.97,196.02,194.97,195.95,2373317
2023-09-15,JPM,196.11,198.56,196.11,197.23,9539560
2023-09-18,JPM,197.9,199.61,197.9,199.19,1901838
2023-09-19,JPM,199.29,203.72,199.29,202.73,6168462
2023-09-20,JPM,202.72,202.72,199.46,200.35,14316209
2023-09-21,JPM,201.15,201.15,195.79,196.81,6648141
2023-09-22,JPM,196.52,197.66,196.33,196.7,12235834
2023-09-25,JPM,196.01,198.35,196.01,197.58,7610700
2023-09-26,JPM,198.23,198.23,194.63,194.99,8022962
2023-09-27,JPM,196.33,197.41,196.33,197.13,11078203
2023-09-28,JPM,197.9,198.23,196.6,197.72,8291000
2023-09-29,JPM,198.53,198.53,196.9,197.11,2851181
2023-10-02,JPM,196.78,200.48,196.78,199.69,8891740
2023-10-03,JPM,199.43,203.45,199.43,202.0,12758209
2023-10-04,JPM,201.85,203.7,201.85,203.32,2948193
2023-10-05,JPM,203.32,206.98,203.32,205.35,10943683
2023-10-06,JPM,205.49,208.43,205.49,206.92,9080370
2023-10-09,JPM,207.08,207.08,204.82,205.87,8863350
2023-10-10,JPM,205.2,206.7,203.57,204.37,7938384
2023-10-11,JPM,205.09,205.09,203.88,204.8,3490981
2023-10-12,JPM,205.09,205.09,202.46,203.16,3504722
2023-10-13,JPM,202.66,202.66,201.39,202.39,1714718
2023-10-16,JPM,202.67,202.9,201.9,202.78,5282832
2023-10-17,JPM,203.12,206.13,203.12,205.2,11483110
2023-10-18,JPM,205.08,205.08,201.74,202.16,5944080
2023-10-19,JPM,201.02,203.33,201.02,201.94,3754877
2023-10-20,JPM,201.73,206.03,201.73,205.88,6077115
2023-10-23,JPM,205.42,207.55,205.42,207.27,12139485
2023-10-24,JPM,207.3,209.08,207.3,208.55,4365545
2023-10-25,JPM,207.73,207.73,206.4,206.83,13534467
2023-10-26,JPM,207.76,207.76,203.81,204.41,3136000
2023-10-27,JPM,205.2,205.2,200.59,200.61,10051354
2023-10-30,JPM,200.55,200.55,199.66,199.74,14986561
2023-10-31,JPM,200.04,201.8,200.04,200.4,3274245
2023-11-01,JPM,201.29,203.0,201.29,201.47,10493430
2023-11-02,JPM,201.73,201.91,199.79,201.05,11840417
2023-11-03,JPM,201.13,201.39,199.28,200.98,14142419
2023-11-06,JPM,199.79,200.08,198.1,199.52,12048262
2023-11-07,JPM,199.7,200.43,199.63,200.09,14449242
2023-11-08,JPM,200.12,201.57,200.12,200.71,7076289
2023-11-09,JPM,201.34,202.36,201.34,201.84,826421
2023-11-10,JPM,201.43,202.09,201.43,202.0,8819142
2023-11-13,JPM,201.95,201.95,200.61,201.4,13069568
2023-11-14,JPM,201.87,202.61,200.4,201.04,685302
2023-11-15,JPM,201.01,201.1,199.75,199.89,14264105
2023-11-16,JPM,199.73,199.73,195.75,197.28,13745173
2023-11-17,JPM,197.67,197.67,195.87,196.47,12124094
2023-11-20,JPM,197.14,201.65,197.14,200.19,11656006
2023-11-21,JPM,202.89,202.89,198.74,199.3,1122792
2023-11-22,JPM,199.62,202.14,199.62,201.92,13216514
2023-11-23,JPM,202.24,203.8,202.24,203.66,13485503
2023-11-24,JPM,204.31,205.23,204.31,205.1,3968451
2023-11-27,JPM,206.14,206.14,203.93,204.16,9696524
2023-11-28,JPM,203.88,204.09,203.48,203.77,1939860
2023-11-29,JPM,203.7,204.52,202.91,204.06,5136100
2023-11-30,JPM,205.06,205.06,203.69,204.02,14834043
2023-12-01,JPM,203.95,206.12,203.6,204.7,10674071
2023-12-04,JPM,203.58,203.58,200.68,201.4,14599268
2023-12-05,JPM,200.77,200.77,199.92,200.51,2799822
2023-12-06,JPM,200.79,200.79,199.24,199.5,5293425
2023-12-07,JPM,198.87,201.26,198.87,200.9,8041095
2023-12-08,JPM,200.92,203.8,200.92,203.07,8394777
2023-12-11,JPM,203.16,205.32,203.16,204.09,8510552
2023-12-12,JPM,203.78,209.32,203.78,207.79,7373349
2023-12-13,JPM,206.88,211.59,206.88,210.01,3973344
2023-12-14,JPM,210.19,210.81,209.08,209.98,5966866
2023-12-15,JPM,209.16,210.45,207.65,209.82,14436248
2023-12-18,JPM,209.95,213.78,209.95,213.55,1918138
2023-12-19,JPM,214.34,215.0,213.96,214.39,5521508
2023-12-20,JPM,214.46,216.41,214.34,214.45,937679
2023-12-21,JPM,214.52,214.59,211.12,213.35,6009378
2023-12-22,JPM,213.66,215.64,213.65,213.67,12806797
2023-12-25,JPM,213.2,215.61,212.91,213.95,7872213
2023-12-26,JPM,213.9,216.03,213.9,215.79,1062547
2023-12-27,JPM,215.76,217.69,215.76,217.01,1355389
2023-12-28,JPM,217.49,218.5,217.04,218.2,6573324
2023-12-29,JPM,218.03,222.94,218.03,221.66,6920768
2024-01-01,JPM,221.86,222.25,219.72,220.76,9592095
2024-01-02,JPM,220.72,220.72,216.53,218.82,1526255
2024-01-03,JPM,217.84,217.84,213.29,215.27,11665615
2024-01-04,JPM,215.31,215.31,210.67,212.06,1015432
2024-01-05,JPM,211.48,215.32,211.48,214.74,1573583
2024-01-08,JPM,214.5,214.5,211.52,212.84,14221631
2024-01-09,JPM,212.79,214.72,212.79,213.86,5230419
2024-01-10,JPM,214.82,216.93,214.82,216.1,3140178
2024-01-11,JPM,216.04,217.4,216.04,217.03,11057673
2024-01-12,JPM,216.25,217.71,216.25,217.69,3640310
2024-01-15,JPM,217.5,218.94,217.5,217.64,10461700
2024-01-16,JPM,218.27,219.27,217.99,218.67,7994678
2024-01-17,JPM,217.51,219.89,217.51,218.21,4826545
2024-01-18,JPM,219.9,220.46,219.0,219.3,7170884
2024-01-19,JPM,219.65,219.92,218.4,218.91,9992732
2024-01-22,JPM,218.86,221.73,217.83,220.98,5106044
2024-01-23,JPM,221.69,221.69,219.37,219.65,8294283
2024-01-24,JPM,219.18,219.9,217.01,218.49,9805935
2024-01-25,JPM,218.29,220.29,217.64,218.24,5263190
2024-01-26,JPM,217.92,217.92,213.99,214.45,13669394
2024-01-29,JPM,212.92,215.75,212.92,214.83,560458
2024-01-30,JPM,214.36,216.06,214.36,215.74,13240001
2024-01-31,JPM,216.44,216.52,214.79,215.35,10490716
2024-02-01,JPM,214.29,214.29,210.4,211.31,14200360
2024-02-02,JPM,210.55,213.66,210.55,213.21,1997092
2024-02-05,JPM,213.95,213.95,209.59,210.2,900026
2024-02-06,JPM,210.15,210.15,209.21,209.43,9714462
2024-02-07,JPM,210.02,211.02,209.82,210.19,9772298
2024-02-08,JPM,209.94,211.5,209.94,211.17,4419540
2024-02-09,JPM,212.13,212.13,209.71,210.81,1739183
2024-02-12,JPM,211.83,216.03,211.83,215.36,13696623
2024-02-13,JPM,215.0,215.0,210.31,210.32,1893254
2024-02-14,JPM,209.95,210.83,207.75,210.49,9266645
2024-02-15,JPM,210.19,214.75,210.19,213.54,1304566
2024-02-16,JPM,213.57,215.29,213.18,213.25,10663501
2024-02-19,JPM,213.24,218.21,213.24,217.53,8401417
2024-02-20,JPM,218.1,220.68,218.1,220.66,566268
2024-02-21,JPM,221.18,221.18,216.63,216.99,1600696
2024-02-22,JPM,216.65,218.27,216.56,217.8,2972144
2024-02-23,JPM,217.35,217.35,215.77,216.01,796658
2024-02-26,JPM,216.26,216.84,215.93,216.29,11041748
2024-02-27,JPM,216.0,216.0,211.51,211.79,8319514
2024-02-28,JPM,212.68,212.68,208.75,209.23,2470513
2024-02-29,JPM,210.04,210.04,206.84,207.07,10658115
2024-03-01,JPM,206.52,209.28,206.52,208.28,11488794
2024-03-04,JPM,209.15,209.15,206.78,207.31,4902860
2024-03-05,JPM,205.9,207.08,205.6,206.97,10350841
2024-03-06,JPM,206.83,207.21,206.43,206.93,1916368
2024-03-07,JPM,206.24,210.04,206.24,209.24,1095564
2024-03-08,JPM,209.33,213.48,209.33,212.6,3890979
2024-03-11,JPM,213.25,213.25,208.88,209.19,1998932
2024-03-12,JPM,208.47,211.98,208.47,211.79,1466306
2024-03-13,JPM,211.9,212.46,210.38,210.61,11417311
2024-03-14,JPM,210.32,211.96,210.32,211.27,7296257
2024-03-15,JPM,211.4,212.48,211.4,212.0,14320318
2024-03-18,JPM,213.26,213.26,210.06,210.61,6964850
2024-03-19,JPM,211.68,211.68,207.3,208.69,841328
2024-03-20,JPM,208.1,208.1,206.26,206.27,3882136
2024-03-21,JPM,205.16,208.62,205.16,207.91,9177431
2024-03-22,JPM,208.85,208.85,205.87,206.8,5024763
2024-03-25,JPM,206.79,206.79,203.44,203.73,2175218
2024-03-26,JPM,203.05,203.65,201.68,202.27,7462868
2024-03-27,JPM,202.77,202.77,198.85,199.88,7510843
2024-03-28,JPM,200.61,200.61,198.61,199.65,8432918
2024-03-29,JPM,198.77,204.36,198.77,203.23,1196378
2024-04-01,JPM,203.27,203.94,201.75,202.72,4008972
2024-04-02,JPM,203.35,206.06,203.35,204.05,10305576
2024-04-03,JPM,205.16,208.08,205.16,206.88,1016449
2024-04-04,JPM,206.94,206.94,203.8,204.32,4915783
2024-04-05,JPM,203.36,203.36,202.32,202.42,2610312
2024-04-08,JPM,202.02,205.75,202.02,204.93,2493919
2024-04-09,JPM,205.86,205.86,204.0,204.41,1540058
2024-04-10,JPM,204.55,206.01,203.88,204.7,2891351
2024-04-11,JPM,206.17,206.17,201.89,201.99,13118712
2024-04-12,JPM,201.11,201.11,198.75,199.25,14786419
2024-04-15,JPM,199.29,204.41,199.29,204.04,4095531
2024-04-16,JPM,205.16,205.16,203.16,203.77,10247590
2024-04-17,JPM,205.38,205.38,203.2,204.12,11989380
2024-04-18,JPM,204.97,207.28,204.97,206.56,6980213
2024-04-19,JPM,207.2,207.2,200.49,202.79,5544214
2024-04-22,JPM,202.78,204.57,201.68,204.08,14835355
2024-04-23,JPM,204.04,204.56,203.19,204.0,6372874
2024-04-24,JPM,202.84,202.98,202.19,202.26,3815893
2024-04-25,JPM,201.66,204.69,201.66,203.24,11659525
2024-04-26,JPM,203.75,207.75,203.75,206.49,9299015
2024-04-29,JPM,206.89,212.03,206.89,210.84,10607482
2024-04-30,JPM,212.09,212.09,211.32,211.43,10285647
2024-05-01,JPM,211.72,217.31,211.72,216.28,2633003
2024-05-02,JPM,216.85,218.22,216.85,218.11,7197158
2024-05-03,JPM,216.79,221.02,216.79,219.98,11324343
2024-05-06,JPM,220.65,220.65,218.54,219.38,11941186
2024-05-07,JPM,219.38,219.79,219.38,219.77,8881324
2024-05-08,JPM,220.8,220.8,216.66,216.73,7493898
2024-05-09,JPM,218.21,221.67,218.21,220.3,7051845
2024-05-10,JPM,221.77,221.77,218.31,218.57,8343767
2024-05-13,JPM,218.56,220.35,218.11,219.97,6373606
2024-05-14,JPM,219.72,219.72,217.03,218.7,4501230
2024-05-15,JPM,219.7,225.53,219.7,224.83,12141996
2024-05-16,JPM,223.78,225.05,222.56,224.77,12484689
2024-05-17,JPM,223.9,223.9,221.24,221.78,4661113
2024-05-20,JPM,220.91,223.64,220.91,223.63,11766267
2024-05-21,JPM,224.12,224.12,218.29,219.59,10566581
2024-05-22,JPM,219.69,219.69,216.95,218.15,3583717
2024-05-23,JPM,217.3,217.3,213.84,215.72,9928717
2024-05-24,JPM,216.26,216.26,212.04,213.26,10592060
2024-05-27,JPM,211.98,213.47,211.98,213.46,9718310
2024-05-28,JPM,213.81,215.81,213.81,215.33,10721380
2024-05-29,JPM,215.29,220.47,215.29,219.15,1846523
2024-05-30,JPM,218.85,220.06,217.43,218.1,2051076
2024-05-31,JPM,218.32,218.47,217.48,218.06,9252820
2024-06-03,JPM,218.14,218.14,215.81,216.65,9991350
2024-06-04,JPM,217.74,218.03,215.82,216.75,12758395
2024-06-05,JPM,216.67,223.23,216.67,221.51,12027583
2024-06-06,JPM,221.59,221.59,219.55,220.61,2406655
2024-06-07,JPM,220.1,223.43,220.1,222.95,11294723
2024-06-10,JPM,222.07,222.77,221.2,222.43,4926940
2024-06-11,JPM,223.36,223.58,221.27,222.43,14589289
2024-06-12,JPM,223.61,224.45,223.61,224.23,4684833
2024-06-13,JPM,223.65,224.98,223.65,224.0,6085631
2024-06-14,JPM,224.49,224.94,223.1,223.56,4346721
2024-06-17,JPM,223.11,227.04,223.11,225.62,14557650
2024-06-18,JPM,224.97,228.16,224.97,227.77,6423714
2024-06-19,JPM,226.01,227.09,224.56,226.51,2361162
2024-06-20,JPM,225.75,225.75,223.68,225.25,1487088
2024-06-21,JPM,225.23,225.23,220.51,221.18,10521405
2024-06-24,JPM,221.67,222.08,221.0,222.04,1161283
2024-06-25,JPM,222.82,222.82,220.15,221.66,4232660
2024-06-26,JPM,221.1,221.1,217.8,218.8,9595707
2024-06-27,JPM,218.18,220.71,218.18,219.85,2286386
2024-06-28,JPM,219.05,219.05,216.37,216.84,4663112
2024-07-01,JPM,217.65,218.0,216.71,216.79,3157243
2024-07-02,JPM,217.3,217.3,213.08,213.89,1996759
2024-07-03,JPM,212.59,212.96,212.43,212.5,11813994
2024-07-04,JPM,213.49,215.47,213.49,215.1,2006412
2024-07-05,JPM,214.16,216.36,214.16,215.68,9976040
2024-07-08,JPM,214.55,219.27,214.55,218.19,1004394
2024-07-09,JPM,216.67,216.81,216.1,216.57,8366693
2024-07-10,JPM,217.18,217.46,215.56,216.23,5344480
2024-07-11,JPM,215.52,221.86,215.52,221.1,1101140
2024-07-12,JPM,220.22,224.02,220.22,222.91,13346962
2024-07-15,JPM,223.41,224.0,222.59,223.16,3261503
2024-07-16,JPM,223.9,223.9,221.64,221.97,13180753
2024-07-17,JPM,220.44,222.35,220.44,222.07,822032
2024-07-18,JPM,221.76,223.55,221.05,222.66,11071736
2024-07-19,JPM,222.62,223.82,222.62,223.41,6907672
2024-07-22,JPM,224.18,225.21,224.18,225.04,4741427
2024-07-23,JPM,224.79,227.25,224.79,227.07,986547
2024-07-24,JPM,227.1,230.57,227.1,229.87,3832001
2024-07-25,JPM,229.43,234.01,229.43,233.46,11793296
2024-07-26,JPM,232.55,235.89,232.55,233.91,10954305
2024-07-29,JPM,233.79,233.79,231.28,231.82,8074886
2024-07-30,JPM,231.37,232.97,230.21,230.51,14513193
2024-07-31,JPM,229.43,234.07,229.43,232.8,7694210
2024-08-01,JPM,231.55,236.74,231.55,236.05,5930678
2024-08-02,JPM,236.53,236.53,234.7,235.03,6199483
2024-08-05,JPM,234.28,240.89,234.28,239.74,13931095
2024-08-06,JPM,240.0,240.0,237.87,238.03,4740742
2024-08-07,JPM,237.22,239.91,237.22,238.8,5601502
2024-08-08,JPM,238.61,238.61,236.77,237.51,5911834
2024-08-09,JPM,237.91,237.91,236.28,237.26,10233047
2024-08-12,JPM,238.22,239.26,237.11,238.46,2280588
2024-08-13,JPM,238.83,239.53,238.05,239.15,5819355
2024-08-14,JPM,238.6,239.68,237.82,238.67,10880755
2024-08-15,JPM,237.44,239.71,237.44,239.04,4604561
2024-08-16,JPM,238.47,241.21,238.47,239.21,5555431
2024-08-19,JPM,238.39,240.16,238.39,239.55,10852821
2024-08-20,JPM,238.69,239.83,238.69,239.6,5206638
2024-08-21,JPM,239.71,239.71,236.81,237.53,5998134
2024-08-22,JPM,238.33,239.71,238.33,239.14,1943285
2024-08-23,JPM,239.06,241.76,239.06,241.36,3896318
2024-08-26,JPM,240.54,240.54,235.61,237.65,3799167
2024-08-27,JPM,238.25,240.7,238.25,239.84,11367775
2024-08-28,JPM,238.8,238.8,235.58,236.83,11304867
2024-08-29,JPM,236.84,238.41,236.84,237.66,7009553
2024-08-30,JPM,238.02,241.06,236.31,239.13,6881217
2024-09-02,JPM,239.09,240.6,238.68,240.36,9712481
2024-09-03,JPM,239.9,244.86,239.9,243.29,12179608
2024-09-04,JPM,243.29,250.61,243.29,249.72,13803200
2024-09-05,JPM,251.98,251.98,248.46,248.97,14019162
2024-09-06,JPM,249.02,249.09,247.52,247.8,3341391
2024-09-09,JPM,246.43,247.65,246.05,247.38,6974294
2024-09-10,JPM,246.48,247.88,245.96,246.93,981899
2024-09-11,JPM,246.95,249.43,246.95,249.11,14336882
2024-09-12,JPM,248.88,251.71,248.88,251.25,3945892
2024-09-13,JPM,249.36,249.36,244.68,246.79,4971570
2024-09-16,JPM,247.4,247.4,242.61,242.7,10754747
2024-09-17,JPM,242.54,244.8,242.08,243.33,3725845
2024-09-18,JPM,244.38,244.38,241.28,242.57,9200363
2024-09-19,JPM,242.22,244.41,241.26,241.84,2612144
2024-09-20,JPM,243.16,243.16,238.39,241.29,12252355
2024-09-23,JPM,241.48,243.47,241.48,243.22,9897750
2024-09-24,JPM,242.88,244.92,242.88,244.78,13823714
2024-09-25,JPM,242.74,246.07,242.74,245.01,1977767
2024-09-26,JPM,245.37,248.24,245.37,247.06,3592126
2024-09-27,JPM,246.78,247.93,246.42,247.13,10973108
2024-09-30,JPM,245.76,245.76,245.07,245.26,11016500
2024-10-01,JPM,244.57,244.57,242.44,243.95,3456582
2024-10-02,JPM,243.11,243.11,241.58,242.52,5164864
2024-10-03,JPM,241.79,242.43,240.52,241.32,5573058
2024-10-04,JPM,240.52,241.48,240.52,241.41,2474623
2024-10-07,JPM,241.88,241.88,238.94,239.09,1386928
2024-10-08,JPM,239.91,242.84,239.91,241.39,10951824
2024-10-09,JPM,240.9,243.05,240.9,242.85,12635712
2024-10-10,JPM,241.26,241.26,238.99,239.11,9771541
2024-10-11,JPM,240.23,240.23,237.56,237.7,9466950
2024-10-14,JPM,237.79,237.79,233.92,234.2,5205387
2024-10-15,JPM,233.85,238.63,233.85,236.82,4676546
2024-10-16,JPM,236.94,239.15,236.03,238.0,12879836
2024-10-17,JPM,238.17,238.17,233.45,234.16,6323878
2024-10-18,JPM,234.51,234.82,232.13,234.26,1806598
2024-10-21,JPM,233.34,234.97,233.2,234.41,8003627
2024-10-22,JPM,234.77,234.77,233.28,233.85,14147116
2024-10-23,JPM,233.58,237.14,233.58,236.62,9752327
2024-10-24,JPM,236.73,236.73,235.66,236.19,1805532
2024-10-25,JPM,235.33,237.89,235.33,237.07,676027
2024-10-28,JPM,237.07,237.07,234.95,235.87,8847319
2024-10-29,JPM,235.31,240.17,235.31,239.98,1003657
2024-10-30,JPM,240.67,240.67,237.53,237.59,10124047
2024-10-31,JPM,237.77,239.09,234.47,235.9,8004207
2024-11-01,JPM,235.47,237.91,235.47,237.37,2945141
2024-11-04,JPM,236.85,243.01,236.85,242.33,11015039
2024-11-05,JPM,241.7,241.7,237.97,238.67,14285823
2024-11-06,JPM,238.69,238.69,236.19,236.21,7381849
2024-11-07,JPM,236.11,238.11,236.11,237.42,13922235
2024-11-08,JPM,237.56,237.56,232.49,233.08,11298431
2024-11-11,JPM,232.53,239.6,232.53,238.41,4546213
2024-11-12,JPM,238.93,238.93,236.65,237.04,6574048
2024-11-13,JPM,237.68,239.26,237.68,238.72,4866451
2024-11-14,JPM,238.49,238.49,230.81,232.94,5744512
2024-11-15,JPM,232.0,232.77,230.28,230.93,12909544
2024-11-18,JPM,231.86,234.16,231.86,233.36,3150415
2024-11-19,JPM,233.81,235.88,233.02,233.62,8241864
2024-11-20,JPM,234.92,234.92,230.69,231.72,4590644
2024-11-21,JPM,232.59,234.72,232.47,234.12,9279885
2024-11-22,JPM,233.48,234.88,233.15,233.52,8611722
2024-11-25,JPM,234.13,234.13,231.08,232.29,7951210
2024-11-26,JPM,232.33,233.46,232.33,233.19,5955889
2024-11-27,JPM,232.76,233.07,230.43,231.33,1769848
2024-11-28,JPM,231.41,231.41,226.96,227.59,6388762
2024-11-29,JPM,228.72,228.72,226.99,228.03,13329107
2024-12-02,JPM,228.27,228.27,226.95,227.6,13284234
2024-12-03,JPM,227.35,227.35,224.34,225.2,11191532
2024-12-04,JPM,226.36,226.36,223.92,223.97,9570635
2024-12-05,JPM,224.99,224.99,223.16,223.8,3121306
2024-12-06,JPM,224.35,224.46,223.48,224.46,13596460
2024-12-09,JPM,225.0,225.0,220.86,222.36,1801617
2024-12-10,JPM,222.32,223.3,220.85,222.34,9925412
2024-12-11,JPM,221.86,224.21,221.86,223.76,6211520
2024-12-12,JPM,224.48,224.48,221.0,222.21,12262508
2024-12-13,JPM,221.97,221.97,219.96,220.26,6557979
2024-12-16,JPM,220.27,220.27,215.58,217.36,10764132
2024-12-17,JPM,215.63,217.8,215.63,216.92,12613681
2024-12-18,JPM,216.81,216.81,214.24,215.26,1404635
2024-12-19,JPM,214.78,215.4,212.52,213.93,13225525
2024-12-20,JPM,214.03,214.03,209.87,210.43,14595529
2024-12-23,JPM,210.17,212.27,210.17,211.12,10536664
2024-12-24,JPM,211.38,211.38,208.31,208.67,7808424
2024-12-25,JPM,208.28,211.44,208.28,211.29,5360968
2024-12-26,JPM,212.14,212.14,206.47,207.25,8406247
2024-12-27,JPM,207.66,209.46,207.66,209.01,6278798
2024-12-30,JPM,209.56,210.01,209.56,209.72,1722387
2024-12-31,JPM,209.01,209.01,203.84,204.76,14125581
